{
    "Ferrite": {
        "1": {
            "Time": [
                7821.897164198464,
                4193.836208554655,
                2651.9594488533085,
                1205.6192982615423,
                646.4122144080397,
                328.03755546806434,
                172.68759711510822,
                71.6300973512482,
                44.47225712282765,
                33.166575857595824,
                23.41136584153707,
                15.356976952349346,
                11.244895245394645,
                8.541392167496456,
                6.607903533864581,
                5.3030081307461625,
                3.8125029735603517,
                3.1162376707441144,
                3.0596291491955667,
                3.1162376707441144
            ],
            "Temperature": [
                774.3083003952569,
                778.2608695652174,
                778.2608695652174,
                774.3083003952569,
                768.3794466403162,
                758.498023715415,
                748.6166007905139,
                730.8300395256917,
                715.0197628458498,
                701.1857707509881,
                685.3754940711462,
                669.5652173913044,
                657.707509881423,
                637.9446640316205,
                622.1343873517786,
                602.3715415019763,
                580.6324110671937,
                547.0355731225296,
                527.2727272727273,
                503.55731225296444
            ]
        }
    },
    "Pearlite": {
        "1": {
            "Time": [
                7679.8072208263675,
                3969.4114184027108,
                2853.7374378521604,
                1804.5521061173424,
                762.3696612716503,
                464.72651536923485,
                316.22776601683825,
                203.66537324642312,
                131.16996265722022,
                90.90729308368216,
                60.73506357775313,
                37.70796723277181,
                24.285682808819008,
                17.142589798535894,
                12.552381052432146,
                8.860377575985588,
                7.110674979762116,
                6.254294739866655,
                5.812075004274508,
                5.812075004274508,
                6.140681332944399,
                6.730161373408911,
                7.110674979762116,
                9.710937220564707,
                12.324358735661127
            ],
            "Temperature": [
                671.5415019762846,
                669.5652173913044,
                667.5889328063241,
                665.6126482213439,
                659.6837944664031,
                655.7312252964427,
                655.7312252964427,
                651.7786561264822,
                649.802371541502,
                645.8498023715415,
                643.8735177865613,
                637.9446640316205,
                628.0632411067194,
                616.205533596838,
                600.395256916996,
                576.6798418972332,
                560.8695652173913,
                545.0592885375494,
                531.2252964426877,
                523.3201581027668,
                507.50988142292493,
                499.60474308300394,
                491.699604743083,
                475.8893280632411,
                469.96047430830043
            ]
        },
        "99": {
            "Time": [
                7679.8072208263675,
                3555.948102544511,
                1871.9446083490354,
                899.1282767756788,
                579.0803837136211,
                359.52780565150357,
                223.21640772502803,
                141.1502100148761,
                109.1984717798539,
                92.58923792356593,
                78.50629078902826,
                86.0425703908953,
                96.04706017333201,
                117.50698797794816,
                154.70004707688943,
                215.18031937675863,
                240.20013569333406,
                283.2887312527462,
                322.07853597421024,
                386.88297416469425
            ],
            "Temperature": [
                639.9209486166008,
                643.8735177865613,
                643.8735177865613,
                639.9209486166008,
                635.9683794466403,
                630.0395256916996,
                622.1343873517786,
                610.2766798418972,
                602.3715415019763,
                594.4664031620554,
                572.7272727272727,
                543.0830039525692,
                535.1778656126482,
                531.2252964426877,
                523.3201581027668,
                517.3913043478261,
                511.4624505928854,
                493.67588932806325,
                481.8181818181818,
                466.00790513833994
            ]
        }
    },
    "Bainite": {
        "1": {
            "Time": [
                3.415383613783381,
                2.7916429576905246,
                2.8958991903692457,
                3.353340908019142,
                3.8125029735603517,
                4.4964134893584315,
                4.928050609401145,
                5.3030081307461625,
                5.706494811784668,
                6.140681332944399,
                6.254294739866655,
                6.254294739866655
            ],
            "Temperature": [
                499.60474308300394,
                495.6521739130435,
                481.8181818181818,
                467.9841897233202,
                454.1501976284585,
                434.3873517786561,
                420.5533596837945,
                408.69565217391306,
                390.90909090909093,
                359.2885375494071,
                351.3833992094862,
                345.4545454545455
            ]
        },
        "99": {
            "Time": [
                304.84314473479685,
                316.22776601683825,
                366.17970251255815,
                386.88297416469425,
                456.28445037321717,
                558.2327176674722,
                734.9233368080561,
                932.7069715630277,
                1100.0217541176582,
                1739.5858238372418
            ],
            "Temperature": [
                335.5731225296443,
                343.47826086956525,
                359.2885375494071,
                365.21739130434787,
                375.09881422924906,
                388.9328063241107,
                406.7193675889328,
                422.52964426877475,
                432.41106719367593,
                442.29249011857706
            ]
        }
    },
    "C": 0.29,
    "Si": 0.3,
    "Mn": 1.5,
    "P": 0.0175,
    "S": 0.015,
    "Cr": 0.15,
    "Mo": 0.06,
    "Ni": 0.2,
    "V": 0.015,
    "Cu": 0.15,
    "Ms:": 340,
    "Mf:": "",
    "Ac1:": 725,
    "Ac3:": 825,
    "Austenitization Temp:": 850.0,
    "Status": 1
}