{
    "Ferrite": {},
    "Pearlite": {
        "1": {
            "Time": [
                16289.979200941647,
                6176.301338170209,
                3138.258701847474,
                1986.155489837985,
                1509.4125166731892,
                1147.1036165831783,
                1377.4404986134964,
                2613.4761612472303,
                4205.726816378184,
                7692.946554041602,
                19206.300017827318,
                46227.52714098556,
                99695.4864279566,
                248900.91323364395,
                480971.3475133849
            ],
            "Temperature": [
                831.2320916905444,
                817.4785100286533,
                803.7249283667622,
                789.971346704871,
                773.9255014326648,
                753.2951289398281,
                718.9111747851002,
                689.1117478510029,
                675.3581661891118,
                661.6045845272206,
                638.6819484240688,
                620.3438395415474,
                615.7593123209169,
                604.297994269341,
                611.1747851002865
            ]
        },
        "99": {
            "Time": [
                489853.51098421164,
                239956.4622235595,
                175805.76511448587,
                101536.57657258742,
                80040.7700624186,
                58642.424924843515,
                50656.567852977045,
                47950.67244825673,
                51592.049600210754,
                66656.27800628929,
                97887.77945454422,
                211107.3291528282,
                277784.88392693497,
                508112.95142817986
            ],
            "Temperature": [
                789.971346704871,
                773.9255014326648,
                783.0945558739255,
                780.8022922636103,
                778.5100286532952,
                771.6332378223495,
                762.4641833810888,
                755.5873925501432,
                741.8338108882522,
                730.3724928366762,
                714.3266475644699,
                689.1117478510029,
                679.9426934097421,
                675.3581661891118
            ]
        }
    },
    "Bainite": {
        "1": {
            "Time": [
                463687.2620546487,
                154669.24782551118,
                96112.85033917561,
                39208.252236955705,
                16590.808468521052,
                7979.703505441044,
                4205.726816378184,
                2257.576023911522,
                1779.6357679949192,
                2176.4482454510917,
                3567.121324776287,
                4958.658941916378,
                7692.946554041602,
                18180.36712970204,
                30907.667047489707,
                54503.43087612419,
                105321.38372664155,
                182358.97913833652,
                386149.0465844699,
                472250.23796205426
            ],
            "Temperature": [
                359.02578796561613,
                356.7335243553009,
                356.7335243553009,
                356.7335243553009,
                356.7335243553009,
                345.27220630372494,
                333.8108882521491,
                315.4727793696276,
                290.2578796561605,
                265.0429799426935,
                244.41260744985675,
                228.36676217765046,
                214.61318051575938,
                193.98280802292265,
                187.10601719197712,
                184.8137535816619,
                177.93696275071636,
                175.64469914040114,
                175.64469914040114,
                175.64469914040114
            ]
        },
        "90": {
            "Time": [
                463687.2620546487,
                267802.46460453473,
                189156.46623260874,
                124176.59158396363,
                111264.7549807618,
                115412.18298021,
                128805.31226824858,
                179052.39415576577,
                262946.59399185184,
                358894.5698506023,
                472250.23796205426
            ],
            "Temperature": [
                292.55014326647563,
                292.55014326647563,
                287.9656160458453,
                278.79656160458455,
                269.6275071633238,
                260.45845272206304,
                251.2893982808023,
                244.41260744985675,
                235.243553008596,
                232.9512893982809,
                230.65902578796567
            ]
        }
    },
    "C": 1.275,
    "Si": 0.225,
    "Mn": 0.2,
    "P": 0.015,
    "S": 0.015,
    "Cr": 4.15,
    "Mo": 0.85,
    "W": 12.0,
    "V": 3.75,
    "Ms:": 150,
    "Mf:": "",
    "Ac1:": 825,
    "Ac3:": 880,
    "Austenitization Temp:": 1250.0,
    "Status": 1
}