{
    "Ferrite": {},
    "Pearlite": {
        "1": {
            "Time": [
                4417.3447031400665,
                2438.354098268829,
                1620.6059137413192,
                1117.8591777554034,
                652.4032698070648,
                605.700684580942,
                702.7068604841097,
                1273.030209280722,
                1778.279410038923,
                3162.2776601683777,
                4847.121108242694,
                9816.02111389038,
                23062.332316278338,
                41779.93326387514,
                87810.89165095368,
                195129.3422635965
            ],
            "Temperature": [
                837.0262390670554,
                818.3673469387755,
                811.3702623906705,
                799.7084548104956,
                774.0524781341107,
                760.0583090379009,
                743.731778425656,
                718.0758017492711,
                708.7463556851312,
                690.0874635568513,
                678.4256559766764,
                662.0991253644315,
                648.1049562682216,
                638.7755102040817,
                631.7784256559767,
                622.4489795918367
            ]
        },
        "99": {
            "Time": [
                188015.45428581405,
                105728.85971935024,
                65240.326980706566,
                40256.74991527903,
                27257.3650736731,
                19153.93743599007,
                18455.636690072464,
                20630.802855316866,
                29909.313961792657,
                39516.110714498376,
                57288.112837756074,
                103783.67193526978,
                132119.74960367818,
                191539.37435990054
            ],
            "Temperature": [
                802.0408163265306,
                806.7055393586006,
                806.7055393586006,
                790.3790087463557,
                778.7172011661808,
                767.0553935860058,
                760.0583090379009,
                748.3965014577259,
                722.740524781341,
                711.0787172011662,
                701.7492711370262,
                685.4227405247814,
                685.4227405247814,
                676.0932944606413
            ]
        }
    },
    "Bainite": {
        "1": {
            "Time": [
                181160.91942004146,
                23934.93531174799,
                11601.553017399729,
                4670.408184503112,
                1713.4481531430529,
                1249.6091412919866,
                878.1089165095372,
                562.3413251903488,
                441.734470314007,
                387.89097711234706,
                467.0408184503112,
                702.7068604841097,
                1204.051772297451,
                1650.9804684996454,
                2725.7365073673113,
                4336.07488733548,
                11178.591777554037,
                21017.48011332489,
                39516.110714498376,
                72929.49827514631,
                150459.4101251712
            ],
            "Temperature": [
                342.5655976676385,
                335.56851311953346,
                330.90379008746356,
                326.23906705539355,
                319.24198250728864,
                319.24198250728864,
                319.24198250728864,
                312.2448979591836,
                302.9154518950437,
                279.59183673469386,
                270.26239067055394,
                256.268221574344,
                239.94169096209907,
                230.61224489795916,
                221.28279883381924,
                218.95043731778424,
                207.2886297376093,
                202.6239067055393,
                202.6239067055393,
                202.6239067055393,
                202.6239067055393
            ]
        },
        "50": {
            "Time": [
                188015.45428581405,
                92841.45445194734,
                38789.097711234725,
                13968.870472002964,
                13711.872749038119,
                19153.93743599007,
                32215.47329083802,
                53187.117186645526,
                78552.73132638483,
                142306.85030043355,
                184556.36690072453
            ],
            "Temperature": [
                323.90670553935854,
                309.9125364431486,
                312.2448979591836,
                307.5801749271137,
                286.58892128279876,
                272.59475218658883,
                258.600583090379,
                237.60932944606407,
                232.94460641399417,
                225.94752186588914,
                221.28279883381924
            ]
        }
    },
    "C": 0.84,
    "Si": 0.4,
    "Mn": 0.3,
    "Cr": 3.8,
    "Mo": 8.6,
    "W": 1.8,
    "V": 1.2,
    "Ms:": 180,
    "Mf:": "",
    "Ac1:": 840,
    "Ac3:": 870,
    "Austenitization Temp:": 1230.0,
    "Status": 1
}