{
    "Ferrite": {},
    "Pearlite": {
        "1": {
            "Time": [
                19462.077121759106,
                11756.28945088849,
                8400.871162397314,
                6003.1387098813775,
                3182.0185178157326,
                2071.1722381676636,
                1373.529014261567,
                1594.7870582948203,
                1922.134543989911,
                3008.696483086238,
                3835.1626199229577,
                5468.117495408073,
                7371.698553572761,
                11325.413151528122,
                18401.993156842105,
                36037.67437007629,
                74640.23068342851,
                200771.79540878127
            ],
            "Temperature": [
                809.7744360902255,
                799.749373433584,
                789.7243107769424,
                781.704260651629,
                767.6691729323309,
                753.6340852130326,
                711.5288220551379,
                699.4987468671679,
                691.4786967418547,
                673.4335839598998,
                657.3934837092731,
                645.3634085213033,
                635.3383458646617,
                623.3082706766918,
                615.2882205513785,
                605.2631578947369,
                599.2481203007519,
                591.2280701754387
            ]
        },
        "99": {
            "Time": [
                351516.6866118088,
                160474.26876477353,
                102520.52247486563,
                66730.49160573182,
                40309.31383166565,
                31622.776601683756,
                22597.17006269697,
                17727.54712985385,
                16147.604660852541,
                17727.54712985385,
                23898.925662310503,
                31037.86872131719,
                42631.41322957077,
                67988.02609533806,
                98763.07302476512,
                146172.22739682675,
                220416.0641908254,
                326222.2009711662,
                482818.3680584104
            ],
            "Temperature": [
                793.734335839599,
                787.719298245614,
                779.6992481203008,
                775.6892230576441,
                769.6741854636591,
                761.6541353383459,
                747.6190476190476,
                733.5839598997494,
                723.5588972431078,
                713.5338345864661,
                699.4987468671679,
                687.468671679198,
                677.4436090225564,
                669.4235588972431,
                661.4035087719299,
                649.3734335839599,
                641.3533834586467,
                635.3383458646617,
                631.328320802005
            ]
        }
    },
    "Bainite": {
        "1": {
            "Time": [
                7943.282347242808,
                3493.359196451108,
                1686.6579862723672,
                1373.529014261567,
                1097.8437670592477,
                945.5307900444054,
                1057.6070187550797,
                1205.2609368708418,
                1565.2892210348984,
                2404.811727042476,
                3365.325118250558,
                4980.779287070419,
                7652.155447309585,
                10910.328772409732,
                19462.077121759106,
                51381.97704920047,
                169718.71297521342,
                385910.4034140932,
                581922.1186245317,
                963349.294761721
            ],
            "Temperature": [
                164.16040100250632,
                190.22556390977445,
                222.30576441102755,
                236.34085213032586,
                250.37593984962405,
                300.50125313283206,
                312.531328320802,
                316.5413533834587,
                326.5664160401003,
                330.5764411027569,
                336.5914786967419,
                338.59649122807025,
                340.6015037593985,
                342.60651629072686,
                344.6115288220552,
                344.6115288220552,
                348.62155388471183,
                350.6265664160401,
                354.6365914786968,
                354.6365914786968
            ]
        },
        "90": {
            "Time": [
                45936.95057977395,
                38831.94905206404,
                34074.73071850126,
                37408.73073352896,
                46802.6312950115,
                66730.49160573182,
                85060.8522508282,
                140814.91217648317,
                224569.7995539771,
                364890.1686264841,
                520254.944237268,
                769992.4848865783,
                1018844.9756527516
            ],
            "Temperature": [
                242.35588972431083,
                248.3709273182958,
                262.406015037594,
                274.43609022556393,
                280.4511278195489,
                280.4511278195489,
                276.4411027568923,
                276.4411027568923,
                276.4411027568923,
                272.43107769423557,
                274.43609022556393,
                276.4411027568923,
                276.4411027568923
            ]
        }
    },
    "C": 0.97,
    "Si": 0.31,
    "Mn": 0.18,
    "P": 0.035,
    "S": 0.006,
    "Cr": 4.11,
    "Mo": 2.61,
    "Ni": 0.25,
    "W": 3.23,
    "V": 2.51,
    "Ms:": 170,
    "Mf:": 20,
    "Ac1:": 810,
    "Ac3:": 870,
    "Austenitization Temp:": 1180.0,
    "Austenitization Time:": 120.0,
    "Status": 1
}