{
    "Ferrite": {},
    "Pearlite": {
        "1": {
            "Time": [
                7710.752692535535,
                4025.6749915279065,
                2578.043984019677,
                1778.279410038923,
                945.8155537233914,
                756.8891123391595,
                729.294982751462,
                715.8774948942685,
                830.5290710979151,
                1097.2929291203195,
                1449.7406703726333,
                1987.8659591254745,
                3406.105256359486,
                5418.398816541038,
                9816.02111389038,
                17455.628235338616,
                34061.052563594836,
                61705.31598835204,
                96354.270508342,
                198786.59591254717
            ],
            "Temperature": [
                823.6994219653179,
                814.4508670520231,
                802.8901734104046,
                795.9537572254335,
                784.393063583815,
                765.8959537572255,
                745.0867052023121,
                719.6531791907514,
                708.0924855491329,
                689.5953757225434,
                675.7225433526012,
                666.4739884393064,
                652.6011560693642,
                631.7919075144508,
                620.2312138728323,
                613.2947976878613,
                610.9826589595375,
                604.0462427745665,
                599.4219653179191,
                606.3583815028901
            ]
        },
        "99": {
            "Time": [
                202512.39642430047,
                113881.0893727145,
                86195.35664753031,
                61705.31598835204,
                41779.93326387514,
                32819.278725114746,
                25780.439840196777,
                21411.404752974297,
                23494.583037971905,
                31622.776601683756,
                49379.69317714339,
                70270.68604841101,
                99999.99999999994,
                134596.03241553647,
                159079.01866580392,
                202512.39642430047
            ],
            "Temperature": [
                793.6416184971098,
                793.6416184971098,
                793.6416184971098,
                786.7052023121387,
                782.0809248554913,
                775.1445086705203,
                768.2080924855491,
                758.9595375722544,
                735.8381502890173,
                724.2774566473988,
                710.4046242774566,
                701.1560693641618,
                691.907514450867,
                682.6589595375722,
                680.3468208092486,
                668.7861271676301
            ]
        }
    },
    "Bainite": {
        "1": {
            "Time": [
                230623.32316278323,
                162060.59137413185,
                111785.91777554028,
                70270.68604841101,
                47579.44314009407,
                23494.583037971905,
                15907.901866580403,
                11601.553017399729,
                7710.752692535535,
                4937.969317714343,
                3281.9278725114705,
                2484.055474186354,
                1915.393743599008,
                1561.5230060004965,
                1396.8870472002973,
                1713.4481531430529,
                2349.458303797188,
                4025.6749915279065,
                6524.0326980706495,
                15045.94101251713,
                20251.23964243006,
                44173.44703140064,
                68977.85379387657,
                91133.36771446101,
                116015.53017399722
            ],
            "Temperature": [
                349.71098265895955,
                349.71098265895955,
                349.71098265895955,
                349.71098265895955,
                349.71098265895955,
                349.71098265895955,
                349.71098265895955,
                347.39884393063585,
                340.46242774566474,
                331.21387283236993,
                326.5895953757225,
                317.3410404624277,
                310.4046242774566,
                294.2196531791907,
                275.72254335260106,
                257.22543352601156,
                238.72832369942194,
                222.54335260115602,
                201.7341040462427,
                176.30057803468208,
                169.36416184971097,
                155.49132947976875,
                146.24277456647394,
                136.99421965317913,
                127.74566473988432
            ]
        },
        "50": {
            "Time": [
                328192.7872511478,
                253061.34179675253,
                222215.42065559566,
                139688.70472002952,
                107710.50560367691,
                71587.74948942682,
                57288.112837756074,
                47579.44314009407,
                39516.110714498376,
                38075.460212223705,
                35349.81105030102,
                33434.40111255775,
                32819.278725114746,
                36687.33193018217,
                42563.00264549496,
                48471.21108242699,
                55199.54321281572
            ],
            "Temperature": [
                275.72254335260106,
                280.34682080924847,
                282.6589595375722,
                282.6589595375722,
                278.03468208092477,
                273.41040462427736,
                268.78612716762996,
                266.47398843930625,
                261.84971098265896,
                259.53757225433526,
                259.53757225433526,
                254.91329479768785,
                241.04046242774564,
                231.79190751445083,
                224.85549132947972,
                215.6069364161849,
                206.3583815028901
            ]
        }
    },
    "C": 0.9,
    "Si": 0.225,
    "Mn": 0.2,
    "P": 0.015,
    "S": 0.015,
    "Cr": 4.15,
    "Mo": 4.95,
    "W": 6.3,
    "V": 1.9,
    "Ms:": 120,
    "Mf:": "",
    "Ac1:": 820,
    "Ac3:": 875,
    "Austenitization Temp:": 1240.0,
    "Status": 1
}