{
    "Ferrite": {
        "1": {
            "Time": [
                30475.94767513803,
                1646.5599213305636,
                397.12797501008447,
                124.04603518084323,
                69.97127475846167,
                47.475613789974226,
                35.32875575322909,
                22.678533794764984,
                24.872642353097273,
                29.91822533831011,
                40.204815628504186,
                56.0612918999885,
                81.11308307896873,
                128.71396488347744,
                169.8034555681963,
                245.68256156440637,
                336.30859596329054,
                523.9035447362625,
                691.149809278107,
                2711.159574532113
            ],
            "Temperature": [
                755.921052631579,
                751.9736842105264,
                751.9736842105264,
                732.2368421052631,
                726.3157894736842,
                706.578947368421,
                688.8157894736842,
                641.4473684210527,
                623.6842105263158,
                611.8421052631579,
                596.0526315789474,
                584.2105263157895,
                576.3157894736842,
                568.421052631579,
                568.421052631579,
                560.5263157894738,
                556.578947368421,
                552.6315789473684,
                552.6315789473684,
                546.7105263157895
            ]
        }
    },
    "Pearlite": {
        "1": {
            "Time": [
                30475.94767513803,
                4382.392079060475,
                1873.8174228603839,
                862.6385794057439,
                523.9035447362625,
                412.07214849853204,
                362.0958350245918,
                382.7257656462852,
                451.9394095769228,
                641.9284605768245,
                981.6995900251235,
                1873.8174228603839,
                2761.69981334385,
                4547.304227398078,
                6458.927769102423,
                15387.418844086984
            ],
            "Temperature": [
                732.2368421052631,
                724.3421052631579,
                718.421052631579,
                708.5526315789474,
                694.7368421052631,
                678.9473684210526,
                665.1315789473684,
                635.5263157894738,
                629.6052631578948,
                621.7105263157895,
                613.8157894736842,
                605.921052631579,
                596.0526315789474,
                582.2368421052631,
                580.2631578947369,
                552.6315789473684
            ]
        },
        "99": {
            "Time": [
                31044.066825329042,
                11663.930407763331,
                4146.169559796821,
                2973.4595309278234,
                1873.8174228603839,
                1368.874509537082,
                816.1400793251828,
                758.0173468954144,
                946.097356192216,
                1446.8643217083163,
                3261.1365502494796,
                5469.755509920902,
                8211.80263154886,
                18170.140637295233,
                23101.29700083159,
                31044.066825329042,
                40954.29603619914,
                54028.17785626438
            ],
            "Temperature": [
                702.6315789473684,
                700.6578947368421,
                696.7105263157895,
                696.7105263157895,
                686.8421052631579,
                680.921052631579,
                657.2368421052631,
                639.4736842105262,
                637.5,
                627.6315789473684,
                617.7631578947369,
                611.8421052631579,
                600.0,
                584.2105263157895,
                582.2368421052631,
                574.3421052631579,
                574.3421052631579,
                568.421052631579
            ]
        }
    },
    "Bainite": {
        "1": {
            "Time": [
                5.174921226953974,
                3.6433200699889623,
                3.1428684494957126,
                3.711237232864409,
                4.382392079060471,
                6.340726742929724,
                8.364883427667218,
                12.328467394420663,
                22.678533794764984,
                46.606790593808796,
                119.54739221977158,
                219.9105118093648,
                318.18067350558533,
                846.8519397424732,
                1037.63062395206,
                2132.4409083015817,
                3321.9292168248926,
                5174.921226953978
            ],
            "Temperature": [
                406.5789473684211,
                428.2894736842105,
                446.0526315789474,
                491.44736842105266,
                501.3157894736842,
                519.078947368421,
                528.9473684210527,
                536.8421052631579,
                540.7894736842105,
                544.7368421052631,
                544.7368421052631,
                544.7368421052631,
                544.7368421052631,
                544.7368421052631,
                544.7368421052631,
                544.7368421052631,
                544.7368421052631,
                546.7105263157895
            ]
        },
        "99": {
            "Time": [
                348.9640982698304,
                348.9640982698304,
                368.8458655822861,
                460.36426435235364,
                831.3542020571665,
                1319.2310230045068,
                2565.0209056800454,
                5080.218046913024,
                11663.930407763331,
                23101.29700083159,
                53039.44005129925,
                99386.22686688323
            ],
            "Temperature": [
                400.65789473684214,
                416.44736842105266,
                428.2894736842105,
                434.2105263157895,
                436.1842105263158,
                436.1842105263158,
                436.1842105263158,
                438.15789473684214,
                436.1842105263158,
                436.1842105263158,
                440.13157894736844,
                448.0263157894737
            ]
        }
    },
    "C": 0.175,
    "Si": 0.275,
    "Mn": 0.5,
    "P": 0.0175,
    "S": 0.0175,
    "Cr": 1.95,
    "Ni": 1.95,
    "Ms:": 400,
    "Mf:": "",
    "Ac1:": 735,
    "Ac3:": 820,
    "Austenitization Temp:": 870.0,
    "Status": 1
}