{
    "Ferrite": {},
    "Pearlite": {
        "1": {
            "Time": [
                178644.3930402067,
                92367.08571873863,
                48641.01765068492,
                33105.02340072364,
                26570.71144445213,
                15056.319875807145,
                7103.279210572935,
                4252.528323391839,
                2947.7864703985215,
                1670.3661140832428,
                1179.2829976631679,
                802.618718096762,
                598.6711485396935,
                345.5107294592218,
                277.31337876723785,
                303.9195382313197,
                339.23759744538256,
                430.4792819665681,
                577.1294145408666,
                946.5146078577188,
                1701.254279852588,
                3057.814534175494,
                4099.5113721182715,
                6847.684880285255,
                14514.55460357539,
                30206.896031921806,
                50456.575543357714,
                103100.93396630287,
                133250.3734963521,
                192229.31955419754
            ],
            "Temperature": [
                780.0982800982802,
                785.995085995086,
                784.029484029484,
                778.1326781326782,
                776.1670761670762,
                776.1670761670762,
                770.2702702702702,
                764.3734643734643,
                758.4766584766585,
                748.6486486486486,
                742.7518427518428,
                736.8550368550368,
                728.992628992629,
                709.3366093366094,
                695.5773955773956,
                675.9213759213759,
                658.2309582309582,
                636.6093366093367,
                620.884520884521,
                605.1597051597051,
                597.2972972972973,
                587.4692874692875,
                583.5380835380836,
                575.6756756756756,
                567.8132678132679,
                559.9508599508599,
                554.0540540540541,
                546.1916461916462,
                546.1916461916462,
                550.1228501228502
            ]
        },
        "99": {
            "Time": [
                138224.03110031682,
                79773.15414440446,
                54293.521440394004,
                33717.1966494374,
                21720.510410396535,
                13488.8049513883,
                9180.465893423157,
                6481.433769196428,
                6023.388130456044,
                6847.684880285255,
                8689.445075064583,
                13488.8049513883,
                23804.432095636654,
                45203.53656360237,
                78324.78370481923,
                138224.03110031682,
                195783.9960039038
            ],
            "Temperature": [
                748.6486486486486,
                740.7862407862408,
                738.8206388206388,
                732.923832923833,
                727.0270270270271,
                717.1990171990171,
                709.3366093366094,
                695.5773955773956,
                671.990171990172,
                664.1277641277641,
                654.2997542997543,
                640.5405405405405,
                626.7813267813267,
                611.056511056511,
                603.1941031941033,
                593.3660933660933,
                583.5380835380836
            ]
        }
    },
    "Bainite": {},
    "C": 1.075,
    "Si": 0.5,
    "Mn": 0.5,
    "P": 0.02,
    "S": 0.0075,
    "Cr": 17.0,
    "Mo": 0.6,
    "Ms:": 90,
    "Mf:": "",
    "Ac1:": 790,
    "Ac3:": 835,
    "Austenitization Temp:": 1070.0,
    "Status": 1
}