{
    "Ferrite": {
        "1": {
            "Time": [
                81.38963590755249,
                94.53872831307937,
                103.81501298126913,
                114.00150089399922,
                129.96342206084498,
                182.03822895934314,
                307.4715081321834,
                447.1018882837534,
                755.1770453120365,
                1018.8965255670913,
                1657.7238855893152,
                2410.537106356632,
                3571.45784560807,
                7006.940913385966,
                14006.881788178676,
                20752.631321450568,
                33137.916802654196,
                53914.71540435067,
                81389.63590755254,
                116155.73317032935,
                185478.1190070612,
                274804.8480853342,
                438809.9056819415,
                783987.1476222548,
                1018896.525567092
            ],
            "Temperature": [
                897.4137931034483,
                845.1149425287356,
                818.9655172413793,
                794.8275862068965,
                780.7471264367816,
                754.5977011494252,
                730.4597701149426,
                716.3793103448276,
                700.2873563218391,
                688.2183908045977,
                672.1264367816092,
                660.0574712643678,
                647.9885057471264,
                631.8965517241379,
                617.816091954023,
                609.7701149425287,
                599.7126436781609,
                591.6666666666666,
                583.6206896551723,
                577.5862068965516,
                569.5402298850574,
                567.528735632184,
                561.4942528735633,
                557.471264367816,
                561.4942528735633
            ]
        }
    },
    "Pearlite": {
        "1": {
            "Time": [
                1753.4865500829578,
                1400.6881788178682,
                1183.5067295194679,
                927.8540650677122,
                755.1770453120365,
                603.2367686157229,
                500.2498785489555,
                430.67170676405175,
                430.67170676405175,
                559.7156879584094,
                741.1714795000645,
                1251.875025862529,
                1753.4865500829578,
                2321.954250288983,
                3132.816513467557,
                4226.844394472252,
                6146.358476368785,
                9632.518180972786,
                15671.910803783081,
                19990.00985068979,
                26970.829833027947,
                43880.990568194095,
                70069.40913385974,
                122865.76648848304,
                236583.11181451805,
                438809.9056819415,
                700694.091338597,
                981453.9307054997
            ],
            "Temperature": [
                818.9655172413793,
                810.9195402298851,
                804.8850574712644,
                796.8390804597701,
                788.7931034482758,
                784.7701149425287,
                774.7126436781609,
                758.6206896551724,
                750.5747126436781,
                732.471264367816,
                720.4022988505747,
                704.3103448275863,
                698.2758620689656,
                690.2298850574712,
                682.183908045977,
                674.1379310344828,
                664.0804597701149,
                654.0229885057471,
                645.9770114942528,
                641.9540229885058,
                631.8965517241379,
                621.8390804597701,
                615.8045977011494,
                607.7586206896551,
                597.7011494252873,
                587.6436781609195,
                581.6091954022988,
                581.6091954022988
            ]
        },
        "99": {
            "Time": [
                981453.9307054997,
                626250.3296462,
                464158.88336127764,
                296172.48922143766,
                207526.31321450556,
                142715.63188004238,
                99999.99999999994,
                65014.18610174434,
                43880.990568194095,
                33137.916802654196,
                25024.994098824467,
                15381.258460038913,
                12996.342206084515,
                13241.927918860438,
                15095.996574802431,
                21144.783949800785,
                35052.21340921039,
                63808.428501175935,
                107775.5692030108,
                188983.0110250145,
                264706.26954014454,
                539147.1540435062,
                687698.9701663853,
                1038150.1298126912
            ],
            "Temperature": [
                794.8275862068965,
                794.8275862068965,
                794.8275862068965,
                792.816091954023,
                788.7931034482758,
                784.7701149425287,
                782.7586206896551,
                780.7471264367816,
                776.7241379310344,
                774.7126436781609,
                770.6896551724137,
                762.6436781609195,
                754.5977011494252,
                744.5402298850574,
                734.4827586206897,
                722.4137931034483,
                708.3333333333333,
                692.2413793103449,
                684.1954022988506,
                670.1149425287356,
                664.0804597701149,
                643.9655172413793,
                641.9540229885058,
                635.9195402298851
            ]
        }
    },
    "Bainite": {
        "1": {
            "Time": [
                11.835067295194685,
                17.866213535081524,
                24.56087882417327,
                38.49159021949681,
                51.933447635438135,
                67.4944857411924,
                114.00150089399922,
                153.81258460038893,
                269.7082983302794,
                384.9159021949679,
                529.148093564684,
                927.8540650677122,
                1205.8708946926586,
                2036.7751582919752,
                3505.2213409210344,
                8609.131660626786,
                27480.484808533434,
                50970.28631688896,
                114001.50089399908,
                182038.22895934293,
                296172.48922143766,
                472929.87356790673
            ],
            "Temperature": [
                372.41379310344826,
                388.50574712643675,
                398.56321839080454,
                412.64367816091954,
                420.6896551724137,
                424.71264367816093,
                428.735632183908,
                430.7471264367816,
                436.7816091954023,
                438.7931034482758,
                438.7931034482758,
                440.8045977011494,
                442.8160919540229,
                442.8160919540229,
                442.8160919540229,
                442.8160919540229,
                442.8160919540229,
                442.8160919540229,
                442.8160919540229,
                442.8160919540229,
                444.8275862068965,
                444.8275862068965
            ]
        },