{
    "Ferrite": {
        "1": {
            "Time": [
                2859.2913593093717,
                1285.3384419621223,
                735.7942557051126,
                488.762919554416,
                343.2940039719266,
                259.73810412677614,
                200.20756541994723,
                223.83742713701503,
                264.61291457235916,
                312.8162946387789,
                429.1119998610556,
                622.4121500849499,
                990.7459711044243,
                1730.706475357391,
                3023.3228205863684,
                6128.420925578253,
                8251.910495591155,
                13888.804735135058,
                23376.271116097578,
                30327.067453784442,
                40835.35534869794,
                65001.0829396858,
                117850.77316307725,
                161664.15184853514,
                373254.7846898055
            ],
            "Temperature": [
                851.7241379310344,
                851.7241379310344,
                837.6436781609195,
                827.5862068965517,
                817.528735632184,
                807.471264367816,
                777.2988505747127,
                759.1954022988506,
                743.1034482758621,
                725.0,
                708.9080459770115,
                694.8275862068965,
                682.7586206896551,
                666.6666666666666,
                656.6091954022988,
                634.4827586206897,
                628.448275862069,
                618.3908045977012,
                608.3333333333333,
                606.3218390804598,
                600.2873563218391,
                588.2183908045977,
                578.1609195402299,
                576.1494252873563,
                572.1264367816092
            ]
        }
    },
    "Pearlite": {
        "1": {
            "Time": [
                10906.491382822947,
                3317.8853345132857,
                2123.5010980885995,
                1047.5829593551787,
                658.1186107653507,
                429.1119998610556,
                405.83037478634736,
                954.5783377533488,
                6479.995394010845,
                37908.347988736794,
                170938.48025073987,
                475319.0223187778,
                742666.9168130894
            ],
            "Temperature": [
                827.5862068965517,
                819.5402298850574,
                815.5172413793103,
                791.3793103448276,
                783.3333333333334,
                765.2298850574713,
                747.1264367816092,
                710.9195402298851,
                660.6321839080459,
                622.4137931034483,
                602.2988505747126,
                586.2068965517242,
                588.2183908045977
            ]
        },
        "99": {
            "Time": [
                728985.1944016181,
                79753.4838892122,
                38619.818534699094,
                28681.66155904592,
                18018.558903726374,
                10124.733019848538,
                7660.427880879279,
                6479.995394010845,
                6015.520576813269,
                6725.513324030962,
                9755.125025146128,
                14149.472266482144,
                26625.809864788018,
                48274.15385632834,
                107387.95829420822,
                198354.838824438,
                315738.1445518972,
                756605.420198416
            ],
            "Temperature": [
                817.528735632184,
                817.528735632184,
                805.4597701149426,
                805.4597701149426,
                797.4137931034483,
                785.3448275862069,
                777.2988505747127,
                771.264367816092,
                757.183908045977,
                739.0804597701149,
                720.9770114942529,
                708.9080459770115,
                696.8390804597701,
                688.7931034482758,
                670.6896551724137,
                662.6436781609195,
                658.6206896551724,
                646.551724137931
            ]
        }
    },
    "Bainite": {
        "1": {
            "Time": [
                121.18405798684829,
                290.3941658509926,
                1149.649026515952,
                3080.065075311422,
                6015.520576813269,
                18701.256809357143,
                66221.0347028432,
                194700.66252772932,
                493328.19290657586,
                981577.5792596478
            ],
            "Temperature": [
                298.56321839080454,
                336.7816091954023,
                366.9540229885057,
                381.0344827586207,
                387.0689655172414,
                389.08045977011494,
                397.1264367816092,
                391.0919540229885,
                389.08045977011494,
                391.0919540229885
            ]
        },
        "99": {
            "Time": [
                7244.80862555147,
                14685.575910159792,
                20908.506627382532,
                45655.02236793899,
                79753.4838892122,
                139319.1342938328,
                213670.3591234383,
                466562.4953037282,
                963494.5441052296
            ],
            "Temperature": [
                300.57471264367814,
                334.7701149425287,
                348.8505747126436,
                358.9080459770115,
                364.9425287356322,
                364.9425287356322,
                364.9425287356322,
                366.9540229885057,
                360.919540229885
            ]
        }
    },
    "C": 0.36,
    "Si": 1.0,
    "Mn": 0.4,
    "Cr": 5.2,
    "Mo": 1.4,
    "W": 1.4,
    "V": 0.3,
    "Ms:": 300,
    "Mf:": 120,
    "Ac1:": 815,
    "Ac3:": 880,
    "Austenitization Temp:": 1020.0,
    "Status": 1
}