{
    "Ferrite": {
        "1": {
            "Time": [
                763.6724672773564,
                577.798727998345,
                405.83037478634736,
                307.05346124450483,
                236.6785040500847,
                219.71379987685867,
                245.64592036157435,
                307.05346124450483,
                413.4470706762109,
                610.9458115821773,
                869.8306847878013,
                1334.03811139977,
                1796.28051445237,
                2557.44434340381,
                3850.031951846039,
                6128.420925578253,
                8564.563801712524,
                27634.62442801342,
                50103.19378731845,
                61474.425929530444,
                92544.92855749872
            ],
            "Temperature": [
                829.2803970223325,
                817.3697270471464,
                799.5037220843673,
                789.5781637717122,
                777.6674937965261,
                763.7717121588089,
                751.8610421836229,
                737.9652605459057,
                722.0843672456576,
                704.2183622828784,
                690.3225806451612,
                674.4416873449131,
                662.531017369727,
                648.63523573201,
                636.7245657568237,
                622.8287841191067,
                612.9032258064516,
                591.0669975186104,
                571.2158808933002,
                567.2456575682381,
                563.2754342431762
            ]
        }
    },
    "Pearlite": {
        "1": {
            "Time": [
                22945.62361425623,
                13381.787586445498,
                6980.333583805357,
                5184.0628210115765,
                3508.225356350439,
                2806.61629086892,
                2245.3218376955265,
                1971.2922268808875,
                1899.329305436781,
                2754.911624701804,
                3380.1559903352713,
                4304.43896907132,
                5481.461474392486,
                8406.783803899796,
                10906.491382822947,
                28681.66155904592,
                35191.14343352912,
                101561.58619705461
            ],
            "Temperature": [
                839.2059553349876,
                825.3101736972704,
                809.4292803970224,
                797.5186104218362,
                779.6526054590571,
                763.7717121588089,
                751.8610421836229,
                739.9503722084366,
                730.0248138957816,
                708.1885856079405,
                696.2779156327543,
                688.3374689826303,
                680.3970223325061,
                664.516129032258,
                656.575682382134,
                626.7990074441686,
                624.8138957816377,
                599.0074441687345
            ]
        },
        "99": {
            "Time": [
                99690.57592507506,
                57068.04583050511,
                44813.946336966605,
                30896.25119255328,
                19774.108119933648,
                13632.939330723795,
                9575.412007558141,
                8406.783803899796,
                8406.783803899796,
                9399.00973879268,
                13135.262665269947,
                16116.392404219245,
                19409.821180383005,
                24261.965217256606,
                33906.474699029866,
                44813.946336966605,
                62628.18877331876,
                67463.88273537204,
                94281.82806223074
            ],
            "Temperature": [
                791.5632754342432,
                789.5781637717122,
                785.6079404466501,
                781.6377171215881,
                775.682382133995,
                767.741935483871,
                755.8312655086849,
                749.8759305210917,
                733.9950372208436,
                732.0099255583127,
                712.1588089330025,
                708.1885856079405,
                704.2183622828784,
                700.2481389578163,
                694.2928039702233,
                682.3821339950372,
                676.4267990074442,
                674.4416873449131,
                670.471464019851
            ]
        }
    },
    "Bainite": {
        "1": {
            "Time": [
                200.20756541994723,
                369.80067412687333,
                497.9361080385157,
                658.1186107653507,
                1309.461900027899,
                1519.4829376380408,
                2464.0836717223506,
                3080.065075311422,
                3850.031951846039,
                6128.420925578253,
                9938.210928273147,
                14415.03205192844,
                22107.983163427987,
                38619.818534699094,
                70019.99455847856,
                87523.87034906117,
                103467.7119190695
            ],
            "Temperature": [
                331.01736972704714,
                360.7940446650124,
                368.73449131513644,
                376.6749379652605,
                384.61538461538464,
                384.61538461538464,
                384.61538461538464,
                388.5856079404466,
                388.5856079404466,
                390.57071960297765,
                392.5558312655087,
                392.5558312655087,
                392.5558312655087,
                396.52605459057065,
                398.5111662531017,
                398.5111662531017,
                400.49627791563273
            ]
        },
        "99": {
            "Time": [
                14961.19738313133,
                22522.90968188463,
                30896.25119255328,
                45655.02236793899,
                61474.425929530444,
                99690.57592507506
            ],
            "Temperature": [
                323.0769230769231,
                329.0322580645161,
                331.01736972704714,
                336.97270471464014,
                340.9429280397022,
                338.9578163771712
            ]
        }
    },
    "C": 0.4,
    "Si": 1.0,
    "Cr": 5.0,
    "Mo": 1.3,
    "V": 1.2,
    "Ms:": 310,
    "Mf:": 190,
    "Ac1:": 860,
    "Ac3:": 940,
    "Austenitization Temp:": 1050.0,
    "Status": 1
}