{
    "Pearlite": {
        "1": {
            "Time": [
                7177.94291271362,
                5649.369748123027,
                3908.4089579240203,
                3191.537855100763,
                2128.1390459827135,
                1393.1568029453038,
                1180.3206356517292,
                981.7479430199849,
                963.8290236239716,
                1202.264434617414,
                1614.3585568264878,
                3191.537855100763,
                4875.284901033863,
                8317.637711026717,
                14190.575216890922,
                31915.378551007667,
                61944.1075076781,
                84722.74141405968,
                147231.25024327185,
                313328.5724315588,
                487528.49010338646,
                666806.7692136231
            ],
            "Temperature": [
                793.5211267605633,
                791.5492957746479,
                781.6901408450705,
                777.7464788732394,
                773.8028169014085,
                760.0,
                748.169014084507,
                738.3098591549295,
                720.5633802816901,
                700.8450704225352,
                690.9859154929577,
                671.2676056338028,
                661.4084507042253,
                641.6901408450703,
                627.887323943662,
                608.169014084507,
                588.4507042253522,
                580.5633802816901,
                570.7042253521126,
                554.9295774647887,
                550.9859154929577,
                545.0704225352113
            ]
        },
        "99": {
            "Time": [
                92896.63867799364,
                36307.805477010195,
                17701.089583174205,
                10185.913880541173,
                6918.309709189376,
                7726.805850957035,
                11376.27285823431,
                24210.290467361807,
                33113.11214825912,
                61944.1075076781,
                101859.13880541165,
                534564.3593969716,
                946237.1613657927
            ],
            "Temperature": [
                797.4647887323944,
                785.6338028169014,
                781.6901408450705,
                773.8028169014085,
                744.2253521126761,
                730.4225352112676,
                708.7323943661972,
                692.9577464788732,
                687.0422535211268,
                671.2676056338028,
                657.4647887323944,
                621.9718309859154,
                612.112676056338
            ]
        }
    },
    "Bainite": {
        "1": {
            "Time": [
                1976.9696401118633,
                831.7637711026715,
                642.6877173170204,
                478.63009232263846,
                428.54852039743963,
                461.3175745603796,
                575.4399373371572,
                1158.7773561551262,
                2558.585886905645,
                6426.8771731702,
                12022.644346174142,
                25118.864315095838,
                42072.66283844443,
                98174.79430199853,
                469894.10860521527,
                831763.7711026706
            ],
            "Temperature": [
                225.63380281690138,
                253.23943661971828,
                267.0422535211268,
                290.70422535211264,
                320.28169014084506,
                338.0281690140845,
                353.8028169014084,
                353.8028169014084,
                357.7464788732394,
                359.71830985915494,
                361.69014084507046,
                359.71830985915494,
                359.71830985915494,
                355.7746478873239,
                363.66197183098586,
                365.6338028169014
            ]
        },
        "99": {
            "Time": [
                91201.08393559112,
                60813.500127871834,
                44463.12674691093,
                37670.37989839091,
                36307.805477010195,
                44463.12674691093,
                80167.80633876788,
                105681.75092136586,
                177010.89583174195
            ],
            "Temperature": [
                223.66197183098586,
                233.52112676056333,
                251.26760563380276,
                269.0140845070423,
                302.53521126760563,
                314.3661971830986,
                326.1971830985915,
                326.1971830985915,
                328.169014084507
            ]
        }
    },
    "C": 0.58,
    "Si": 0.25,
    "Mn": 0.25,
    "Cr": 4.0,
    "Mo": 0.9,
    "W": 9.0,
    "V": 0.8,
    "Ms:": 210,
    "Mf:": 30,
    "Ac1:": 795,
    "Ac3:": 835,
    "Austenitization Temp:": 1150.0,
    "Status": 1
}