{
    "Ferrite": {
        "1": {
            "Time": [
                17.47860677720521,
                12.933516493531082,
                11.995519845364633,
                10.918101790677394,
                10.714520794342892,
                11.771849107676996,
                12.933516493531082,
                15.035286795965279,
                17.47860677720521,
                22.748262384809927,
                37.814353147244866,
                51.103055346598595,
                84.94842151415713,
                114.80095585240625,
                173.69288003593803,
                253.08695156897173,
                420.70551155499675,
                782.948091873842,
                1351.4195297116157,
                2468.1444425703407,
                4952.481800793486,
                11125.550922868257
            ],
            "Temperature": [
                824.927536231884,
                800.5797101449275,
                790.4347826086956,
                774.2028985507246,
                743.768115942029,
                731.5942028985507,
                717.391304347826,
                705.2173913043478,
                691.0144927536232,
                676.8115942028985,
                656.5217391304348,
                646.3768115942029,
                630.1449275362319,
                622.0289855072464,
                611.8840579710145,
                597.6811594202898,
                589.5652173913043,
                581.4492753623188,
                571.304347826087,
                553.0434782608695,
                544.927536231884,
                532.7536231884058
            ]
        }
    },
    "Pearlite": {
        "1": {
            "Time": [
                52074.037728628224,
                13429.671669171583,
                3335.4986018387485,
                754.0223103945516,
                355.14746521983216,
                299.8052523388052,
                170.45416965826806,
                130.96830670378182,
                133.45676688588128,
                152.25140459349964,
                230.3550937969606,
                305.5016948721637,
                390.19406017198605,
                624.6551530020272,
                860.2108273053888,
                1326.220704897626,
                2006.5607649915041,
                6692.880626133664,
                9570.319363588753,
                13944.860334925783,
                24069.739477385625,
                35738.26912890293,
                58299.8684674573,
                77318.49265435006
            ],
            "Temperature": [
                820.8695652173913,
                810.7246376811594,
                802.6086956521739,
                784.3478260869565,
                774.2028985507246,
                770.1449275362319,
                753.9130434782609,
                727.536231884058,
                715.3623188405797,
                701.159420289855,
                678.8405797101449,
                670.7246376811594,
                660.5797101449275,
                644.3478260869565,
                634.2028985507246,
                620.0,
                609.8550724637681,
                587.536231884058,
                577.391304347826,
                567.2463768115942,
                559.1304347826087,
                553.0434782608695,
                540.8695652173913,
                538.8405797101449
            ]
        },
        "99": {
            "Time": [
                81810.02766246718,
                43959.40151753062,
                20705.05050886707,
                12692.35569247407,
                9752.15998797834,
                6692.880626133664,
                4341.12388624416,
                3152.3730221543688,
                2289.1435331518114,
                1896.396544548287,
                1693.8807548832,
                1631.3008404849654,
                2044.6863748609046,
                2468.1444425703407,
                3805.2349011560627,
                5441.201672615974,
                8078.98772412089,
                16518.99612217851,
                20318.98021088267,
                29606.675642078953,
                45645.77077309164,
                86562.48196733442
            ],
            "Temperature": [
                790.4347826086956,
                790.4347826086956,
                790.4347826086956,
                782.3188405797101,
                782.3188405797101,
                780.2898550724638,
                774.2028985507246,
                772.1739130434783,
                764.0579710144928,
                753.9130434782609,
                741.7391304347826,
                727.536231884058,
                703.1884057971015,
                697.1014492753623,
                674.7826086956521,
                666.6666666666666,
                654.4927536231884,
                638.2608695652174,
                634.2028985507246,
                626.0869565217391,
                613.9130434782609,
                597.6811594202898
            ]
        }
    },
    "Bainite": {
        "1": {
            "Time": [
                876.5552425752732,
                712.6249694963009,
                648.6181554312185,
                527.3158732938914,
                462.22149322891903,
                547.5447491655868,
                876.5552425752732,
                1162.5057116898886,
                1484.7800559902316,
                2204.571814666356,
                4102.7874565086095,
                5339.743994440283,
                7780.5119555389765,
                12455.691621443699,
                16210.979788069011,
                23620.930550864905,
                64053.005054474976,
                83364.45713825602
            ],
            "Temperature": [
                226.37681159420288,
                258.8405797101449,
                271.01449275362313,
                287.24637681159413,
                307.5362318840579,
                325.7971014492754,
                333.9130434782609,
                340.0,
                342.0289855072464,
                344.05797101449275,
                348.1159420289855,
                348.1159420289855,
                346.0869565217391,
                346.0869565217391,
                346.0869565217391,
                352.17391304347825,
                352.17391304347825,
                352.17391304347825
            ]
        },
        "99": {
            "Time": [
                25951.88674929,
                18845.356595719586,
                15035.286795965243,
                10318.67605013932,
                10318.67605013932,
                12455.691621443699,
                21499.337041614042,
                37814.35314724486,
                59407.593725225284,
                80284.58237344291
            ],
            "Temperature": [
                252.75362318840575,
                271.01449275362313,
                277.10144927536226,
                301.44927536231876,
                315.6521739130435,
                329.8550724637681,
                331.8840579710145,
                331.8840579710145,
                329.8550724637681,
                329.8550724637681
            ]
        }
    },
	"C": 0.625,
    "Si": 1.1,
    "Mn": 0.40,
	"P": 0.0175,
	"S": 0.0175,
    "Cr": 5.25,
    "Mo": 1.15,
    "W": 0.5,
    "Ms:": 210,
    "Mf:": 40,
    "Ac1:": 815,
    "Ac3:": 875,
    "Austenitization Temp:": 980.0,
    "Status": 1
}