{
    "Ferrite": {
        "1": {
            "Time": [
                86974.9002617781,
                44306.21457583874,
                19179.10261672485,
                8111.3083078968575,
                4534.87850812858,
                2056.5123083486496,
                521.4008287999683,
                183.07382802953666,
                135.30477745798063,
                129.1549665014883,
                259.5024211399735,
                628.0291441834248,
                1873.8174228603816,
                5336.699231206303,
                17073.52647470688,
                46415.88833612774,
                97700.99572992233
            ],
            "Temperature": [
                755.8490566037735,
                749.811320754717,
                740.7547169811321,
                731.6981132075472,
                728.6792452830189,
                713.5849056603773,
                693.9622641509434,
                675.8490566037735,
                660.7547169811321,
                633.5849056603773,
                613.9622641509434,
                592.8301886792453,
                577.7358490566038,
                564.1509433962265,
                555.0943396226414,
                549.0566037735849,
                541.5094339622641
            ]
        },
        "10": {
            "Time": [
                97700.99572992233,
                55908.10182512214,
                21049.041445120176,
                10476.157527896637,
                5214.008287999681,
                1873.8174228603816,
                811.1308307896863,
                585.702081805666,
                722.0809018385459,
                2056.5123083486496,
                4750.810162102791,
                15922.827933410905,
                39442.06059437654,
                83021.75681319734
            ],
            "Temperature": [
                734.7169811320755,
                731.6981132075472,
                715.0943396226415,
                713.5849056603773,
                698.4905660377359,
                683.3962264150944,
                663.7735849056604,
                654.7169811320755,
                629.0566037735849,
                603.3962264150944,
                591.3207547169811,
                574.7169811320755,
                568.6792452830189,
                559.622641509434
            ]
        }
    },
    "Pearlite": {
        "1": {
            "Time": [
                86974.9002617781,
                46415.88833612774,
                23644.89412645406,
                13848.863713938716,
                7742.636826811256,
                3944.2060594376535,
                2595.024211399733,
                2364.4894126454055,
                4750.810162102791,
                6734.150657750815,
                14174.74162926804,
                25353.644939701066,
                62802.91441834246,
                84975.34359086433
            ],
            "Temperature": [
                693.9622641509434,
                689.433962264151,
                683.3962264150944,
                680.377358490566,
                672.8301886792453,
                663.7735849056604,
                650.188679245283,
                635.0943396226415,
                618.4905660377358,
                609.433962264151,
                595.8490566037735,
                589.8113207547169,
                582.2641509433962,
                580.7547169811321
            ]
        },
        "90": {
            "Time": [
                97700.99572992233,
                47508.10162102792,
                25353.644939701066,
                11768.11952434997,
                6892.612104349686,
                4750.810162102791,
                8111.3083078968575,
                18307.38280295366,
                40370.17258596547,
                84975.34359086433
            ],
            "Temperature": [
                680.377358490566,
                681.8867924528302,
                677.3584905660377,
                668.3018867924528,
                660.7547169811321,
                642.6415094339623,
                626.0377358490566,
                610.9433962264151,
                603.3962264150944,
                595.8490566037735
            ]
        },
        "99": {
            "Time": [
                91116.2756115487,
                47508.10162102792,
                22051.30739903041,
                14174.74162926804,
                12618.568830660195,
                17886.495290574323,
                31992.671377973784,
                58570.20818056658,
                84975.34359086433
            ],
            "Temperature": [
                674.3396226415094,
                668.3018867924528,
                659.2452830188679,
                647.1698113207547,
                635.0943396226415,
                630.566037735849,
                621.5094339622641,
                616.9811320754717,
                615.4716981132076
            ]
        }
    },
    "Bainite": {
        "1": {
            "Time": [
                79248.28983539161,
                34304.69286314915,
                14174.74162926804,
                3678.379771828627,
                999.9999999999985,
                225.7019719633919,
                55.90810182512222,
                24.770763559917103,
                10.0,
                6.42807311728432,
                6.1359072734131725
            ],
            "Temperature": [
                518.8679245283018,
                518.8679245283018,
                518.8679245283018,
                514.3396226415094,
                515.8490566037735,
                509.811320754717,
                506.79245283018867,
                499.2452830188679,
                464.5283018867924,
                422.2641509433962,
                398.1132075471698
            ]
        },
        "10": {
            "Time": [
                89021.50854450362,
                29836.472402833333,
                11233.240329780267,
                4641.588833612776,
                1592.2827933410915,
                453.4878508128578,
                159.2282793341092,
                75.64633275546284,
                47.50810162102795,
                26.560877829466854,
                23.64489412645407,
                22.05130739903045
            ],
            "Temperature": [
                485.66037735849056,
                490.18867924528297,
                487.16981132075466,
                487.16981132075466,
                484.1509433962264,
                487.16981132075466,
                485.66037735849056,
                473.58490566037733,
                464.5283018867924,
                446.4150943396226,
                426.79245283018867,
                405.66037735849056
            ]
        },
        "50": {
            "Time": [
                93260.33468832177,
                27825.594022071182,
                8111.3083078968575,
                2848.0358684357993,
                954.5484566618333,
                271.85882427329386,
                107.22672220103229,
                67.34150657750818,
                58.57020818056664,
                49.77023564332109
            ],
            "Temperature": [
                460.0,
                458.49056603773585,
                456.9811320754717,
                458.49056603773585,
                460.0,
                453.9622641509434,
                447.92452830188677,
                432.8301886792453,
                411.6981132075471,
                389.05660377358487
            ]
        },