{
    "Phase Data": {
        "Ferrite:": {
            "1": {
                "Time": [
                    1.383072895555441,
                    2.64566718862831,
                    13.389382961641564,
                    65.59963281082892,
                    354.23851177594014,
                    677.6195315271146,
                    54.000075396376886,
                    16.26550702753624,
                    8.50310348895983,
                    24.00389343984749,
                    74.68604063867919
                ],
                "Temperature": [
                    406.05326876513317,
                    473.8498789346247,
                    535.8353510895884,
                    562.953995157385,
                    593.9467312348668,
                    605.5690072639225,
                    623.002421307506,
                    652.0581113801453,
                    698.547215496368,
                    754.7215496368038,
                    777.9661016949152
                ]
            },
            "75": {
                "Time": [
                    96.80894625777762,
                    2323.791629995617,
                    9999.99999999999,
                    29160.08142814389,
                    36591.50579252176,
                    5578.00466628244,
                    655.9963281082893,
                    999.9999999999997,
                    5951.793946163967,
                    27328.746886507466,
                    67761.95315271149
                ],
                "Temperature": [
                    510.6537530266344,
                    514.5278450363196,
                    522.2760290556901,
                    535.8353510895884,
                    584.2615012106537,
                    615.2542372881355,
                    655.9322033898305,
                    731.4769975786925,
                    745.0363196125908,
                    752.7845036319612,
                    756.6585956416465
                ]
            }
        },
        "Pearlite:": {
            "25": {
                "Time": [
                    45916.82295070267,
                    12148.063188672942,
                    3779.7649088223607,
                    4591.682295070262,
                    18518.49266245829,
                    48993.76841991998
                ],
                "Temperature": [
                    644.3099273607749,
                    661.7433414043584,
                    688.861985472155,
                    719.8547215496368,
                    737.2881355932203,
                    743.0992736077482
                ]
            }
        },
        "Bainite:": {}
    },
    "Critical Temp Data": {
        "Ms_Temp:": {
            "Ms:": 400,
            "Mf:": 300
        },
        "Ac Temp:": {
            "Ac1:": 780,
            "Ac3:": 925
        }
    },
    "Composition Data:": {
        "Carbon data:": {
            "Carbon(wt%):": 0.15
        },
        "Manganese data:": {
            "Manganese(wt%):": 0.53
        }
    },
    "Austenitization Data:": {
        "Aus_Temp:": {
            "Austenitization Temp:": 950.0
        },
        "Aus_Time:": {
            "Austenitization Time:": 7200.0
        }
    },
    "Grain Size Data:": {
        "Grain Size:": {
            "Grain Size:": 10.0
        }
    }
}