{
    "Ferrite": {
        "1": {
            "Time": [
                0.6413187759503567,
                0.8465502320976102,
                1.0570992279161753,
                1.4214550114314635,
                2.058281749107436,
                2.980413537282769,
                4.734140660938374,
                7.246505353121829,
                12.862481373051082,
                28.509127274612332,
                42.05273168724156,
                78.90528800054253,
                137.4876426304704,
                202.80280382343415,
                353.37149287563574,
                875.2299819976183,
                1053.1931810563667,
                2013.0683504549736
            ],
            "Temperature": [
                545.0592885375494,
                578.6561264822135,
                594.4664031620554,
                612.2529644268775,
                630.0395256916996,
                647.8260869565217,
                671.5415019762846,
                689.3280632411067,
                705.1383399209486,
                716.99604743083,
                720.9486166007905,
                726.8774703557312,
                732.806324110672,
                736.7588932806324,
                744.6640316205534,
                752.5691699604743,
                752.5691699604743,
                754.5454545454545
            ]
        }
    },
    "Pearlite": {
        "1": {
            "Time": [
                1939.9089668347526,
                230.8575335721438,
                76.03769424338512,
                43.638657615923144,
                26.47461065838539,
                17.29585844387461,
                11.725512467712035,
                8.403056797921309,
                6.022027927865039,
                4.158828975069138,
                2.716962231219711,
                1.8763415558205399,
                1.395386553927924,
                1.2258136053665656,
                1.0,
                1.0570992279161753,
                1.2487141197715579,
                1.4214550114314635,
                1.9834792099649277,
                2.5230697717335873
            ],
            "Temperature": [
                701.1857707509881,
                691.304347826087,
                687.3517786561265,
                685.3754940711462,
                677.4703557312253,
                671.5415019762846,
                663.6363636363636,
                657.707509881423,
                649.802371541502,
                635.9683794466403,
                616.205533596838,
                598.4189723320158,
                576.6798418972332,
                564.8221343873518,
                547.0355731225296,
                519.3675889328063,
                503.55731225296444,
                493.67588932806325,
                475.8893280632411,
                466.00790513833994
            ]
        },
        "99": {
            "Time": [
                1976.1501319228887,
                1014.9177971422084,
                638.9490635101397,
                353.37149287563574,
                191.84840785780585,
                104.15614258541315,
                71.9305172450799,
                47.87009713011635,
                29.04173164200372,
                17.618977761286825,
                12.395030176539882,
                8.719959532210291,
                6.605956222676861,
                5.38903809988422,
                4.315670027716272,
                4.082559057604847,
                4.562091454239851,
                5.004456437524527,
                5.592273773533749,
                6.4848077602378895
            ],
            "Temperature": [
                671.5415019762846,
                673.5177865612649,
                671.5415019762846,
                671.5415019762846,
                667.5889328063241,
                657.707509881423,
                653.7549407114625,
                647.8260869565217,
                639.9209486166008,
                626.0869565217391,
                618.1818181818182,
                606.3241106719368,
                594.4664031620554,
                580.6324110671937,
                562.8458498023715,
                547.0355731225296,
                513.4387351778656,
                503.55731225296444,
                491.699604743083,
                475.8893280632411
            ]
        }
    },
    "Bainite": {
        "1": {
            "Time": [
                0.8008238108038226,
                1.272042459057688,
                1.679114785556594,
                2.2164562534833627,
                3.6534314636199094,
                3.862039579437269,
                6.134530788581859
            ],
            "Temperature": [
                481.8181818181818,
                440.3162055335969,
                420.5533596837945,
                404.74308300395256,
                373.1225296442688,
                367.19367588932806,
                339.52569169960475
            ]
        },
        "99": {
            "Time": [
                7.38188376587439,
                10.111676132712923,
                15.767004665860044,
                20.812678436848277,
                27.473042146906803,
                36.26482036398648,
                57.60367093329499,
                81.88102672498114,
                102.24599421287617
            ],
            "Temperature": [
                464.0316205533597,
                450.19762845849806,
                416.600790513834,
                402.76679841897237,
                386.95652173913044,
                371.14624505928856,
                353.35968379446643,
                341.501976284585,
                335.5731225296443
            ]
        }
    },
    "C": 0.46,
    "Si": 0.25,
    "Mn": 0.65,
    "P": 0.0175,
    "S": 0.0175,
    "Ms:": 330,
    "Mf:": "",
    "Ac1:": 730,
    "Ac3:": 795,
    "Austenitization Temp:": 850.0,
    "Status": 1
}