{
    "Ferrite": {
        "1": {
            "Time": [],
            "Temperature": []
        }
    },
    "Pearlite": {
        "1": {
            "Time": [
                13720.823940401293,
                8824.434847158736,
                5888.003386542428,
                4228.614387087944,
                2821.494663714635,
                2221.4951397294462,
                1685.920380417682,
                989.0259067172117,
                647.8904783681628,
                394.3180390217375,
                267.9877953828717,
                185.51140175224407,
                151.53438199002966,
                135.70250338562624,
                126.07790325116099,
                123.78036448545367,
                140.78691752260664,
                210.99936590561282,
                334.165539250927,
                491.6921681370306,
                822.8780224159864,
                1256.150089267356,
                1566.3477187847911,
                2102.246829007688,
                3329.386523219017
            ],
            "Temperature": [
                714.0,
                712.0,
                712.0,
                712.0,
                710.0,
                706.0,
                704.0,
                702.0,
                698.0,
                696.0,
                692.0,
                690.0,
                684.0,
                676.0,
                670.0,
                652.0,
                634.0,
                620.0,
                608.0,
                600.0,
                590.0,
                580.0,
                568.0,
                560.0,
                546.0
            ]
        },
        "99": {
            "Time": [
                14234.906948990678,
                6221.995783477377,
                3928.7030252251884,
                2262.7292338652596,
                1655.1975707101867,
                1233.2590556189857,
                750.584101254752,
                659.916242682004,
                500.8186707272067,
                432.2975235030042,
                456.81926314632943,
                580.2007351708164,
                902.1350687328576,
                1482.2672649825315,
                2621.382232165656,
                4307.10345536584,
                6337.484831938592,
                12747.684605112156,
                14768.251289178563
            ],
            "Temperature": [
                688.0,
                684.0,
                682.0,
                680.0,
                680.0,
                680.0,
                680.0,
                680.0,
                674.0,
                660.0,
                652.0,
                642.0,
                632.0,
                622.0,
                608.0,
                596.0,
                590.0,
                584.0,
                584.0
            ]
        }
    },
    "Bainite": {
        "1": {
            "Time": [
                1953.146520550962,
                334.165539250927,
                283.18919393060537,
                39.57711104647219,
                20.040886705695353,
                9.428462857938156,
                5.633764930564038,
                3.690563241151336,
                2.1650267107943835,
                1.3670448011196659,
                1.0763385167922095,
                0.8320085619873142,
                0.6086183578664466,
                0.4618880658673647,
                0.37041630553205,
                0.31390997173890395,
                0.26602357640704194,
                0.2564163340832878
            ],
            "Temperature": [
                548.0,
                548.0,
                548.0,
                544.0,
                544.0,
                544.0,
                544.0,
                542.0,
                534.0,
                528.0,
                522.0,
                514.0,
                502.0,
                486.0,
                470.0,
                456.0,
                442.0,
                432.0
            ]
        },
        "99": {
            "Time": [
                278.02858977787923,
                394.3180390217375,
                432.2975235030042,
                539.050425232368,
                764.5160045636886,
                1104.4116785423707,
                1781.5528982562714,
                2670.03879674416,
                3717.81298513146,
                6821.279024201906,
                10803.048500738776,
                13470.787065678536
            ],
            "Temperature": [
                428.0,
                460.0,
                468.0,
                476.0,
                482.0,
                490.0,
                492.0,
                490.0,
                490.0,
                490.0,
                492.0,
                494.0
            ]
        }
    },
    "C": 0.15,
    "Si": 0.28,
    "Mn": 0.5,
    "P": 0.0175,
    "S": 0.0175,
    "Cr": 1.55,
    "Ni": 1.55,
    "Ms:": 420,
    "Mf:": "",
    "Ac1:": 725,
    "Ac3:": 825,
    "Austenitization Temp:": 870.0,
    "Status": 1
}