{
    "Ferrite": {
        "1": {
            "Time": [
                102.46983254545216,
                55.00438978299062,
                46.652419502648435,
                30.070849381802514,
                21.632132667407927,
                15.279388031339918,
                12.724354545673746,
                11.401280811089414,
                11.194549538024889,
                12.267094809700449,
                13.442400210837775,
                17.68813805400252,
                26.45553547307646,
                34.8114292388839,
                50.19520724235395,
                79.31178939681337,
                125.31793935929325,
                229.22654082032986,
                522.252821191116,
                687.2046550788592,
                1280.220473460496
            ],
            "Temperature": [
                768.6274509803922,
                760.7843137254902,
                756.8627450980392,
                747.0588235294117,
                743.1372549019608,
                731.3725490196078,
                719.6078431372549,
                711.7647058823529,
                696.0784313725491,
                676.4705882352941,
                666.6666666666667,
                652.9411764705883,
                637.2549019607843,
                629.4117647058823,
                621.5686274509803,
                613.7254901960785,
                611.7647058823529,
                603.921568627451,
                600.0,
                598.0392156862745,
                590.1960784313726
            ]
        }
    },
    "Pearlite": {
        "1": {
            "Time": [
                96112.85033917561,
                37799.27270864316,
                21435.11549156055,
                6524.835040740429,
                3981.0717055349737,
                2519.558830102863,
                1377.4404986134964,
                662.5094127376424,
                551.7239722054886,
                467.94916374033727,
                476.5908447674227,
                582.8582042160176,
                795.5404225258158,
                1303.862479544151,
                1779.6357679949192,
                2916.7597766762337,
                4443.059397651723,
                7692.946554041602,
                11934.966162538403,
                20290.127132368852,
                28726.197742062675,
                37799.27270864316
            ],
            "Temperature": [
                752.9411764705883,
                747.0588235294117,
                747.0588235294117,
                741.1764705882352,
                735.2941176470588,
                731.3725490196078,
                723.5294117647059,
                707.843137254902,
                701.9607843137255,
                682.3529411764706,
                672.5490196078431,
                654.9019607843137,
                637.2549019607843,
                621.5686274509803,
                615.686274509804,
                607.843137254902,
                601.9607843137255,
                596.0784313725491,
                592.156862745098,
                586.2745098039215,
                580.3921568627451,
                570.5882352941177
            ]
        },
        "99": {
            "Time": [
                99695.4864279566,
                47081.21718934515,
                26214.588592592117,
                15704.585925259484,
                10693.972743490998,
                6524.835040740429,
                4608.6758046821205,
                3567.121324776287,
                3502.4412642756015,
                5238.480094768515,
                7979.703505441044,
                15140.229219543875,
                25739.258200997963,
                47950.67244825673,
                73042.58909100943,
                99695.4864279566
            ],
            "Temperature": [
                735.2941176470588,
                729.4117647058823,
                727.4509803921569,
                723.5294117647059,
                721.5686274509804,
                715.686274509804,
                709.8039215686274,
                703.9215686274509,
                684.313725490196,
                672.5490196078431,
                664.7058823529412,
                654.9019607843137,
                647.0588235294117,
                641.1764705882354,
                635.2941176470588,
                631.3725490196078
            ]
        }
    },
    "Bainite": {
        "1": {
            "Time": [
                1.5232860221059312,
                2.278326145489686,
                2.4966116536630594,
                3.7340955822669724,
                5.190770025221889,
                7.763654948620524,
                11.611829818768246,
                16.743300029892847,
                24.1424564660686,
                44.16041159722372,
                85.33473178832598,
                127.63220283667309,
                260.55177716341143,
                404.2243920700129,
                572.2896531409064,
                1211.835605653821
            ],
            "Temperature": [
                398.03921568627453,
                433.33333333333337,
                447.05882352941177,
                472.54901960784315,
                490.19607843137254,
                501.9607843137255,
                515.686274509804,
                523.5294117647059,
                529.4117647058824,
                535.2941176470588,
                543.1372549019608,
                550.9803921568628,
                562.7450980392157,
                570.5882352941177,
                576.4705882352941,
                584.313725490196
            ]
        },
        "99": {
            "Time": [
                9408.273496748834,
                16897.193191212802,
                25272.546635534818,
                36440.925973121426,
                54503.43087612419,
                73042.58909100943,
                124176.59158396363
            ],
            "Temperature": [
                384.3137254901961,
                394.11764705882354,
                400.0,
                400.0,
                403.921568627451,
                405.88235294117646,
                411.764705882353
            ]
        }
    },
    "C": 0.15,
    "Si": 0.1,
    "Mn": 0.95,
    "P": 0.01,
    "S": 0.0075,
    "Cr": 1.38,
    "Mo": 0.9,
    "V": 0.25,
    "Ms:": 400,
    "Mf:": "",
    "Ac1:": 780,
    "Ac3:": 925,
    "Austenitization Temp:": 950.0,
    "Status": 1
}