{
    "Ferrite": {
        "1": {
            "Time": [
                24090.31377012441,
                8113.575523299353,
                5507.924569175371,
                3537.7866778470016,
                2150.023751726527,
                1306.6367630174332,
                887.0142034599494,
                580.343217543046,
                393.96769738328595,
                239.42650699972606,
                145.50698606723364,
                108.32107230954718,
                72.19015439101553,
                49.00649829178506,
                37.1615190175241,
                26.662520452649144,
                22.58421883892039,
                21.36845047990716,
                21.766254941039676,
                24.766148802639563,
                33.88754079475681,
                45.52091131617149,
                54.74163404426357,
                72.19015439101553,
                98.7778447670718,
                132.68763109361228
            ],
            "Temperature": [
                775.4237288135594,
                779.3785310734463,
                779.3785310734463,
                775.4237288135594,
                769.4915254237288,
                765.5367231638418,
                761.5819209039548,
                753.6723163841808,
                747.7401129943503,
                739.8305084745763,
                731.9209039548023,
                727.9661016949153,
                716.1016949152543,
                700.2824858757062,
                684.4632768361582,
                668.6440677966102,
                660.7344632768361,
                642.9378531073446,
                633.0508474576271,
                625.1412429378531,
                609.3220338983051,
                599.4350282485875,
                595.4802259887006,
                587.5706214689266,
                581.638418079096,
                571.7514124293785
            ]
        }
    },
    "Pearlite": {
        "1": {
            "Time": [
                24538.789633961533,
                2996.6464978360787,
                1330.9616869934064,
                559.3241243560777,
                401.3019731048009,
                262.5582289094973,
                162.5353873429371,
                114.48405228098508,
                91.75227099215472,
                77.71783506869706,
                70.87079258328241,
                65.83010777228239,
                61.14794164631031,
                62.286298589825925,
                73.5340780177471,
                82.13962900721293,
                100.61673651761521,
                145.50698606723364,
                199.09732294550224,
                257.7596618133121,
                432.03011299257156
            ],
            "Temperature": [
                729.9435028248588,
                729.9435028248588,
                725.9887005649717,
                716.1016949152543,
                712.1468926553672,
                706.2146892655367,
                694.3502824858757,
                686.4406779661017,
                680.5084745762712,
                674.5762711864406,
                672.5988700564972,
                666.6666666666666,
                658.7570621468926,
                642.9378531073446,
                627.1186440677966,
                613.276836158192,
                601.4124293785311,
                585.593220338983,
                573.728813559322,
                565.819209039548,
                551.9774011299435
            ]
        },
        "99": {
            "Time": [
                24090.31377012441,
                7263.537743526765,
                3286.161615934143,
                2110.7294844171283,
                1459.549937316612,
                903.5272495301851,
                569.7367479619451,
                401.3019731048009,
                257.7596618133121,
                214.34242713329635,
                145.50698606723364,
                142.84767107068123,
                162.5353873429371,
                226.53754353388854,
                298.7448315819236,
                432.03011299257156,
                660.3279489837295,
                1380.9784956898038,
                2190.049538377827,
                2633.6663063706515,
                4100.313748904801
            ],
            "Temperature": [
                714.1242937853108,
                710.1694915254237,
                706.2146892655367,
                702.2598870056497,
                694.3502824858757,
                688.4180790960452,
                686.4406779661017,
                682.4858757062148,
                678.5310734463277,
                672.5988700564972,
                656.7796610169491,
                646.8926553672317,
                629.0960451977401,
                609.3220338983051,
                599.4350282485875,
                591.5254237288136,
                583.6158192090395,
                563.8418079096045,
                551.9774011299435,
                550.0,
                548.0225988700565
            ]
        }
    },
    "Bainite": {
        "1": {
            "Time": [
                127.8818995912745,
                69.57554369779452,
                51.794746792312104,
                33.268205270961815,
                25.696847063087905,
                20.977916373262623,
                16.20364862953703,
                14.240920130785186,
                13.725137024773549,
                13.725137024773549,
                13.725137024773549,
                15.33136327643864,
                16.505302870564698,
                17.7691323293954,
                18.780115735679882,
                20.218130154023626,
                20.594519746642472,
                20.594519746642472
            ],
            "Temperature": [
                557.909604519774,
                551.9774011299435,
                546.045197740113,
                538.1355932203389,
                528.2485875706215,
                520.3389830508474,
                504.51977401129943,
                484.7457627118644,
                455.08474576271186,
                441.2429378531073,
                425.4237288135593,
                401.6949152542373,
                391.80790960451975,
                377.9661016949152,
                362.1468926553672,
                342.37288135593224,
                326.5536723163842,
                304.8022598870057
            ]
        },
        "99": {
            "Time": [
                1236.2970428557423,
                1066.687935586618,
                1047.192931941663,
                990.8197608562459,
                990.8197608562459,
                1086.5458667834355,
                1514.3990217876405,
                2272.350396371811,
                3473.129375670083,
                6623.6106086499385,
                10699.7220655952,
                16968.346316517385,
                43469.460046649096,
                54239.092752617355,
                61714.49547339199
            ],
            "Temperature": [
                296.89265536723167,
                312.7118644067797,
                328.5310734463277,
                348.30508474576277,
                362.1468926553672,
                375.98870056497174,
                399.7175141242938,
                411.5819209039548,
                421.4689265536723,
                427.40112994350284,
                429.3785310734463,
                431.35593220338984,
                429.3785310734463,
                429.3785310734463,
                429.3785310734463
            ]
        }
    },
    "C": 0.5,
    "Si": 0.25,
    "Mn": 0.9,
    "Cr": 1.1,
    "V": 0.12,
    "Ms:": 300,
    "Mf:": 210,
    "Ac1:": 730,
    "Ac3:": 775,
    "Austenitization Temp:": 880.0,
    "Status": 1
}