{
    "Ferrite": {},
    "Pearlite": {
        "1": {
            "Time": [
                530.966823034697,
                252.12577760628025,
                167.3862101837783,
                117.51163328477789,
                79.48213819076155,
                54.77021861215728,
                42.202378403153396,
                37.0453031992162,
                33.12955736445388,
                30.184526433575062,
                28.5447081148923,
                29.62771191970869,
                32.51841581088033,
                38.450824816527714,
                46.31996196132019,
                63.5674077335715,
                99.3812791273999,
                205.4321747028771,
                292.62220439055693,
                530.966823034697,
                894.2984536067937,
                1398.1461162236592,
                1748.1858515661354,
                2490.155197497898,
                4603.3370688485065
            ],
            "Temperature": [
                734.8258706467661,
                728.8557213930349,
                722.8855721393035,
                718.905472636816,
                706.9651741293533,
                689.0547263681592,
                675.1243781094527,
                661.1940298507462,
                645.273631840796,
                631.3432835820895,
                623.3830845771145,
                609.4527363184079,
                597.5124378109452,
                577.6119402985075,
                565.6716417910447,
                547.7611940298507,
                529.8507462686567,
                517.9104477611941,
                515.9203980099503,
                511.94029850746267,
                507.9601990049751,
                507.9601990049751,
                507.9601990049751,
                507.9601990049751,
                509.9502487562189
            ]
        },
        "99": {
            "Time": [
                16328.188498562742,
                5545.431052302027,
                2682.695795279725,
                1347.038640639216,
                911.1056360191916,
                663.899628879554,
                466.08337473641467,
                359.13362127203237,
                292.62220439055693,
                271.6203247675568,
                346.0059427213179,
                401.58139581211503,
                582.7719663271982,
                1018.7937062225844,
                1781.040742882948,
                3292.457787804001,
                5342.724783749605,
                10444.025524245684,
                18258.097654881934,
                26007.24444200115,
                36361.92781026326,
                121970.09701981979
            ],
            "Temperature": [
                734.8258706467661,
                728.8557213930349,
                724.8756218905472,
                714.9253731343283,
                702.9850746268656,
                691.044776119403,
                679.1044776119403,
                667.1641791044776,
                651.2437810945273,
                637.3134328358209,
                597.5124378109452,
                591.5422885572139,
                579.6019900497513,
                567.6616915422885,
                557.7114427860697,
                549.7512437810944,
                543.7810945273632,
                537.8109452736319,
                535.8208955223881,
                529.8507462686567,
                527.8606965174129,
                525.8706467661691
            ]
        }
    },
    "Bainite": {
        "1": {
            "Time": [
                1037.9406158387499,
                582.7719663271982,
                339.6231647368688,
                209.29300664290963,
                126.59771761466386,
                78.0159297267943,
                54.77021861215728,
                39.90967278957468,
                35.69115865966978,
                35.032763199925014,
                37.741521744468855,
                43.80356262962904,
                61.243780967375756,
                87.23701736500645,
                133.87042314075916,
                213.2263979241981,
                309.4325795144359,
                409.12859858946337,
                702.0389144109198,
                1097.5675711646402,
                2105.960081018986,
                3481.600818175849,
                6317.410291375309,
                9694.44410646991,
                13808.98395725613
            ],
            "Temperature": [
                503.9800995024876,
                503.9800995024876,
                498.0099502487562,
                490.0497512437811,
                476.1194029850746,
                462.18905472636817,
                448.2587064676617,
                430.3482587064677,
                418.40796019900495,
                410.44776119402985,
                402.4875621890547,
                392.5373134328358,
                374.6268656716418,
                358.7064676616915,
                342.7860696517413,
                320.8955223880597,
                304.9751243781094,
                295.0248756218905,
                273.1343283582089,
                257.2139303482587,
                237.3134328358209,
                217.41293532338307,
                197.51243781094524,
                177.61194029850742,
                151.74129353233832
            ]
        },
        "99": {
            "Time": [
                24594.363045690156,
                10251.364393454429,
                6680.328877921571,
                3681.6096176004644,
                2268.79443500282,
                1451.192640905744,
                1037.9406158387499,
                928.2286876802774,
                1077.3207220077243,
                1534.559836916878,
                2444.2192588043476,
                3613.6948973221424,
                5649.650254376585,
                8352.815412264796,
                14332.905312701847,
                26496.016953703038,
                39909.6727895747,
                75164.15538257966,
                144221.38091348237
            ],
            "Temperature": [
                505.97014925373134,
                488.05970149253733,
                478.1094527363184,
                464.17910447761193,
                450.24875621890544,
                438.30845771144277,
                426.3681592039801,
                416.4179104477612,
                394.5273631840796,
                364.67661691542287,
                340.7960199004975,
                324.8756218905472,
                308.95522388059703,
                291.04477611940297,
                259.2039800995025,
                229.35323383084574,
                211.44278606965167,
                183.5820895522388,
                161.69154228855723
            ]
        }
    },
    "C": 0.99,
    "Si": 0.25,
    "Mn": 0.7,
    "P": 0.0125,
    "S": 0.0075,
    "Cr": 1.8,
    "Mo": 0.28,
    "Cu": 0.15,
    "Al": 0.0025,
    "Ms:": 150,
    "Mf:": "",
    "Ac1:": 740,
    "Ac3:": 765,
    "Austenitization Temp:": 860.0,
    "Status": 1
}