{
    "Ferrite": {},
    "Pearlite": {
        "1": {
            "Time": [
                79753.4838892122,
                2203.957574104001,
                318.6872859043089,
                135.48702664108384,
                68.0940268272475,
                36.86564218118899,
                21.10380181922413,
                14.018532641270964,
                12.307645150940166,
                13.013708565014568,
                15.384359071800318,
                19.591117952007533,
                26.37941385093115,
                43.581295362079146,
                66.83957001513109,
                118.95155428359125,
                259.73810412677614,
                362.98805051804203,
                599.6907107916542,
                919.7310203463894,
                1577.054013366668,
                2045.981722409827
            ],
            "Temperature": [
                743.8127090301003,
                735.7859531772575,
                733.7792642140469,
                723.7458193979933,
                711.7056856187291,
                701.6722408026756,
                679.5986622073578,
                643.4782608695652,
                625.4180602006688,
                595.3177257525083,
                567.2240802675585,
                549.1638795986622,
                535.1170568561872,
                517.056856187291,
                507.02341137123744,
                496.98996655518397,
                494.98327759197326,
                488.96321070234114,
                484.94983277591973,
                480.9364548494983,
                474.9163879598662,
                480.9364548494983
            ]
        },
        "99": {
            "Time": [
                84328.77156029386,
                6243.4402079564625,
                2967.6258955516137,
                1899.329305436781,
                695.8734751186981,
                391.01535193882603,
                245.64592036157435,
                179.07223900874678,
                89.99939071199121,
                76.13094808100264,
                66.83957001513109,
                60.90553981563961,
                60.90553981563961,
                64.39956103991821,
                74.72843172409253,
                106.39418702511668,
                169.3566106151335,
                269.57921631822813,
                362.98805051804203,
                577.798727998345,
                902.7873485216152,
                1577.054013366668,
                3995.9042585149778,
                6725.513324030962,
                9399.00973879268,
                26625.809864788018,
                37209.98445251658,
                61474.425929530444,
                81250.31130943935
            ],
            "Temperature": [
                723.7458193979933,
                715.7190635451504,
                711.7056856187291,
                703.6789297658863,
                703.6789297658863,
                701.6722408026756,
                693.6454849498327,
                685.6187290969899,
                665.551839464883,
                657.5250836120401,
                643.4782608695652,
                627.4247491638796,
                613.3779264214047,
                591.304347826087,
                581.2709030100334,
                563.2107023411371,
                547.1571906354516,
                541.1371237458194,
                539.1304347826087,
                529.0969899665552,
                521.0702341137123,
                513.0434782608695,
                505.01672240802674,
                503.01003344481603,
                503.01003344481603,
                494.98327759197326,
                492.97658862876256,
                492.97658862876256,
                492.97658862876256
            ]
        }
    },
    "Bainite": {
        "1": {
            "Time": [
                2123.5010980885995,
                1193.2076144588866,
                695.8734751186981,
                421.20671805488143,
                295.84433465770684,
                324.6684649670565,
                369.80067412687333,
                588.6429562033691,
                822.6377097876533,
                1193.2076144588866,
                1698.8226724903043,
                2287.4624330652046,
                2859.2913593093717
            ],
            "Temperature": [
                480.9364548494983,
                466.88963210702343,
                458.8628762541806,
                448.8294314381271,
                394.6488294314381,
                342.47491638795987,
                326.4214046822743,
                294.314381270903,
                274.24749163879596,
                254.180602006689,
                238.12709030100336,
                226.08695652173913,
                218.0602006688963
            ]
        },
        "99": {
            "Time": [
                82775.23145009318,
                49180.17167093305,
                37209.98445251658,
                23376.271116097578,
                17360.78319637906,
                13135.262665269947,
                10705.567409767553,
                9055.894603318644,
                9055.894603318644,
                9399.00973879268,
                10508.344942680606,
                11969.111456991415,
                14415.03205192844,
                20145.23206087106,
                29219.96403043252,
                38619.818534699094,
                60341.91819028498,
                70019.99455847856,
                79753.4838892122
            ],
            "Temperature": [
                462.876254180602,
                468.89632107023414,
                466.88963210702343,
                452.8428093645485,
                442.809364548495,
                430.7692307692308,
                418.72909698996654,
                380.60200668896323,
                354.5150501672241,
                334.44816053511704,
                312.3745819397993,
                292.3076923076923,
                276.2541806020067,
                256.18729096989966,
                236.1204013377926,
                224.08026755852848,
                210.03344481605347,
                206.02006688963206,
                204.0133779264214
            ]
        }
    },
    "C": 0.99,
    "Si": 0.6,
    "Mn": 1.1,
    "P": 0.0125,
    "S": 0.0075,
    "Cr": 1.53,
    "Mo": 0.05,
    "Cu": 0.15,
    "Al": 0.025,
    "Ms:": 210,
    "Mf:": "",
    "Ac1:": 740,
    "Ac3:": 770,
    "Austenitization Temp:": 840.0,
    "Status": 1
}