{
    "Ferrite": {},
    "Pearlite": {
        "1": {
            "Time": [
                2446.3468019053294,
                937.4813069860542,
                448.26556719369574,
                226.53754353388854,
                118.78630004490194,
                79.16466442719265,
                62.286298589825925,
                57.85618587638058,
                62.286298589825925,
                70.87079258328241,
                96.97256097269207,
                132.68763109361228,
                178.2384246867433,
                239.42650699972606,
                315.7420637395645
            ],
            "Temperature": [
                742.384105960265,
                736.4238410596026,
                732.4503311258278,
                720.5298013245033,
                704.635761589404,
                690.7284768211921,
                668.8741721854304,
                647.0198675496689,
                623.1788079470199,
                607.2847682119206,
                581.4569536423842,
                561.5894039735099,
                545.6953642384105,
                533.7748344370862,
                525.8278145695365
            ]
        },
        "99": {
            "Time": [
                96082.3296725804,
                33576.44506626725,
                16968.346316517385,
                10898.912791875251,
                6040.061887765204,
                3739.0707675805666,
                2150.023751726527,
                1191.5203624965375,
                903.5272495301851,
                672.6209041590807,
                440.0729753636,
                569.7367479619451,
                854.8879829113203,
                1306.6367630174332,
                2357.7440753763954,
                4254.401286043044,
                7819.714933826567,
                12631.898426345164,
                22793.468329097024,
                45942.67606939241,
                60586.58891884879,
                92602.38301349989
            ],
            "Temperature": [
                728.476821192053,
                730.4635761589404,
                730.4635761589404,
                728.476821192053,
                712.5827814569536,
                706.6225165562914,
                698.6754966887418,
                690.7284768211921,
                684.7682119205298,
                682.7814569536424,
                670.8609271523179,
                649.0066225165563,
                633.1125827814569,
                615.2317880794702,
                595.364238410596,
                585.4304635761589,
                571.523178807947,
                561.5894039735099,
                549.6688741721855,
                543.7086092715232,
                541.7218543046358,
                537.7483443708609
            ]
        }
    },
    "Bainite": {
        "1": {
            "Time": [
                309.9714981616543,
                218.33271991581574,
                153.78567664623773,
                114.48405228098508,
                85.22639112110035,
                64.62698345808204,
                49.00649829178506,
                45.52091131617149,
                49.00649829178506,
                54.74163404426357,
                73.5340780177471,
                114.48405228098508,
                287.9247767172699,
                482.5897618868565,
                685.142710388178,
                1047.192931941663,
                1542.591739241269,
                1997.103321834599,
                2538.2791702008803
            ],
            "Temperature": [
                517.8807947019868,
                507.94701986754967,
                498.0132450331126,
                490.0662251655629,
                472.18543046357615,
                456.2913907284768,
                440.3973509933775,
                430.4635761589404,
                414.5695364238411,
                400.6622516556292,
                380.794701986755,
                360.9271523178808,
                323.1788079470199,
                301.3245033112583,
                281.4569536423842,
                263.57615894039736,
                245.69536423841066,
                233.77483443708616,
                225.82781456953649
            ]
        },
        "99": {
            "Time": [
                96082.3296725804,
                38204.0565557718,
                24995.61452149194,
                14110.185078357483,
                7676.80024804864,
                4840.756280843709,
                2150.023751726527,
                1380.9784956898038,
                1009.2652967839676,
                920.3477097201213,
                954.9338708253493,
                1127.3776632880613,
                1459.549937316612,
                1960.6038591148783,
                2682.695795279725,
                4496.45751164443,
                7130.787864146678,
                8897.45269316968,
                15761.472759333088,
                17284.236505611796,
                20032.522884170143
            ],
            "Temperature": [
                482.11920529801324,
                478.1456953642384,
                474.17218543046357,
                468.2119205298013,
                462.25165562913907,
                458.27814569536423,
                446.3576158940397,
                442.3841059602649,
                436.42384105960264,
                424.50331125827813,
                416.5562913907285,
                402.6490066225166,
                378.8079470198676,
                356.953642384106,
                339.07284768211923,
                303.3112582781457,
                273.5099337748345,
                253.64238410596033,
                225.82781456953649,
                223.841059602649,
                223.841059602649
            ]
        }
    },
    "C": 1.05,
    "Si": 0.25,
    "Mn": 0.95,
    "P": 0.015,
    "S": 0.015,
    "Cr": 1.0,
    "W": 1.15,
    "Ms:": 210,
    "Mf:": 30,
    "Ac1:": 740,
    "Ac3:": 770,
    "Austenitization Temp:": 830.0,
    "Status": 1
}