{
    "Ferrite": {},
    "Pearlite": {
        "1": {
            "Time": [
                830.5290710979151,
                171.3448153143051,
                113.88108937271441,
                64.04004271197279,
                37.374952136428156,
                24.383540982688274,
                18.45563669007245,
                12.040517722974505,
                7.710752692535529,
                5.124805876960933,
                3.668733193018218,
                2.484055474186356,
                1.7134481531430519,
                1.2968902516716168,
                0.9284145445194745,
                0.7027068604841101,
                0.5945570708544392,
                0.5728811283775609,
                0.6286184113951677,
                0.7855273132638485,
                1.0771050560367692,
                1.2266189715032587
            ],
            "Temperature": [
                728.4090909090909,
                720.4545454545455,
                720.4545454545455,
                714.4886363636364,
                704.5454545454545,
                692.6136363636364,
                688.6363636363636,
                676.7045454545455,
                662.7840909090909,
                652.8409090909091,
                638.9204545454545,
                626.9886363636364,
                613.0681818181819,
                599.1477272727273,
                583.2386363636364,
                567.3295454545455,
                537.5,
                517.6136363636364,
                499.7159090909091,
                487.78409090909093,
                475.85227272727275,
                469.8863636363636
            ]
        },
        "99": {
            "Time": [
                846.0954407714701,
                293.5904573509336,
                181.16091942004132,
                103.78367193526968,
                64.04004271197279,
                38.78909771123469,
                21.4114047529743,
                15.907901866580412,
                12.266189715032585,
                7.855273132638481,
                5.519954321281569,
                3.343440111255776,
                2.5780439840196765,
                2.34945830379719,
                2.181271260987365,
                2.14114047529743,
                2.2638034095214477,
                2.626363527653332,
                3.2819278725114738,
                3.878909771123469
            ],
            "Temperature": [
                706.5340909090909,
                700.5681818181819,
                692.6136363636364,
                682.6704545454545,
                674.7159090909091,
                664.7727272727273,
                650.8522727272727,
                640.9090909090909,
                630.9659090909091,
                617.0454545454545,
                605.1136363636364,
                583.2386363636364,
                567.3295454545455,
                551.4204545454545,
                531.534090909091,
                517.6136363636364,
                507.67045454545456,
                495.7386363636364,
                479.8295454545455,
                471.875
            ]
        }
    },
    "Bainite": {
        "1": {
            "Time": [
                1.0771050560367692,
                72.92949827514617,
                2438.3540982688264
            ],
            "Temperature": [
                463.92045454545456,
                298.8636363636364,
                169.60227272727275
            ]
        },
        "99": {
            "Time": [
                4.41734470314007,
                230.62332316278327,
                8781.089165095364
            ],
            "Temperature": [
                461.9318181818182,
                320.7386363636364,
                191.47727272727275
            ]
        }
    },
    "C": 1.25,
    "Si": 0.25,
    "Mn": 0.32,
    "P": 0.0125,
    "S": 0.0125,
    "Cr": 0.5,
    "Mo": 0.05,
    "Ni": 0.2,
    "Ms:": 180,
    "Mf:": "",
    "Ac1:": 725,
    "Ac3:": 750,
    "Austenitization Temp:": 800.0,
    "Status": 1
}