{
    "Ferrite": {
        "1": {
            "Time": [
                1.4917093453337442,
                1.266576946385542,
                1.037025590866764,
                0.9642963575895778,
                0.896667809791779,
                0.9131167633286498,
                1.075422076112561,
                1.3621048092382475,
                1.8553295113499624,
                2.71775639491095,
                4.12847323771536,
                6.271456597967247,
                10.433284560773005,
                15.283067326587684,
                23.64199986550075,
                37.243683865199586,
                64.25319632294844,
                103.076080197786,
                156.58019951383656,
                306.7906398943857,
                558.9441576403375,
                833.7822234717884,
                1546.9407652462,
                2393.025731180497,
                4128.473237715352,
                7659.678234751836,
                12287.787272810425,
                21199.020238496043,
                33395.21243998585,
                58670.67065993097,
                97605.36373078983,
                108853.42672606432
            ],
            "Temperature": [
                565.7980456026058,
                581.4332247557004,
                597.0684039087948,
                602.9315960912052,
                620.5211726384365,
                642.0195439739414,
                661.5635179153095,
                677.1986970684039,
                696.742671009772,
                714.3322475570033,
                735.8306188925081,
                751.4657980456026,
                767.1009771986971,
                778.8273615635179,
                790.5537459283388,
                804.2345276872965,
                812.0521172638437,
                821.8241042345277,
                825.7328990228013,
                831.5960912052117,
                839.413680781759,
                845.2768729641693,
                845.2768729641693,
                849.185667752443,
                851.1400651465798,
                851.1400651465798,
                853.0944625407166,
                851.1400651465798,
                851.1400651465798,
                853.0944625407166,
                855.0488599348535,
                855.0488599348535
            ]
        }
    },
    "Pearlite": {
        "1": {
            "Time": [
                101219.25999468785,
                57613.77281901926,
                45487.77947003771,
                28355.12583496649,
                21199.020238496043,
                16737.254139191595,
                11849.06851000665,
                8699.087199195199,
                6386.503549649844,
                4862.303966794009,
                3701.869055846206,
                2922.7352245833204,
                2069.1380811147874,
                1725.2105499420388,
                1546.9407652462,
                1362.1048092382462,
                1199.3539462092328,
                1243.760734726015,
                1387.0919878509274,
                1821.9074670360096,
                2481.628922836825,
                3319.3468184415724,
                4128.473237715352,
                5324.953129837531,
                6622.967617148322,
                8542.381193020121,
                12513.201009886972,
                17675.36622987672,
                25891.540726201176,
                37243.68386519956,
                48918.56223541822,
                70366.90038273054,
                85943.00333406636,
                97605.36373078983
            ],
            "Temperature": [
                747.557003257329,
                745.6026058631921,
                743.6482084690554,
                743.6482084690554,
                743.6482084690554,
                741.6938110749186,
                735.8306188925081,
                729.9674267100977,
                728.0130293159609,
                722.1498371335505,
                720.1954397394137,
                714.3322475570033,
                706.514657980456,
                698.6970684039088,
                694.7882736156351,
                686.9706840390879,
                677.1986970684039,
                673.2899022801303,
                663.5179153094463,
                653.7459283387623,
                642.0195439739414,
                634.2019543973942,
                628.3387622149837,
                622.4755700325733,
                614.657980456026,
                608.7947882736157,
                604.8859934853419,
                602.9315960912052,
                602.9315960912052,
                599.0228013029316,
                597.0684039087948,
                595.1140065146581,
                593.1596091205212,
                593.1596091205212
            ]
        },
        "99": {
            "Time": [
                104966.9629030877,
                79915.60266712525,
                53573.17289531733,
                34631.68991269747,
                24075.70134676237,
                16435.747993726967,
                12066.43415562024,
                8699.087199195199,
                6744.462874835747,
                5726.572150091959,
                5522.1126658075855,
                5831.623450243207,
                7253.144267119953,
                11018.063301098202,
                17356.960863182343,
                24967.118414657976,
                34007.83206542641,
                45487.77947003771,
                61959.123177707144,
                85943.00333406636,
                106892.53297133897
            ],
            "Temperature": [
                720.1954397394137,
                722.1498371335505,
                720.1954397394137,
                716.28664495114,
                710.4234527687297,
                704.5602605863193,
                702.6058631921824,
                696.742671009772,
                690.8794788273616,
                685.0162866449512,
                683.0618892508144,
                677.1986970684039,
                671.3355048859935,
                663.5179153094463,
                653.7459283387623,
                649.8371335504886,
                645.9283387622149,
                642.0195439739414,
                636.1563517915309,
                630.2931596091205,
                630.2931596091205
            ]
        }
    },
    "Bainite": {
        "1": {
            "Time": [
                0.6582957520671537,
                0.6464371632490062,
                0.6233570019315559,
                0.6121278023664561,
                0.5902726102012864,
                0.6011008864405586,
                0.6582957520671537,
                0.7476256801637688,
                0.896667809791779,
                1.0951501934480194,
                1.5469407652462,
                2.481628922836826,
                3.569698846826065,
                5.831623450243208,
                11.42601360502879,
                21.983926488622892,
                43.0735360906202,
                78.47599703514605,
                221.17541055781555,
                388.5739518570974,
                707.9457843841376,
                1575.3186734235155,
                2620.7225924284066,
                5623.413251903484,
                14211.227076380046,
                28355.12583496649,
                60842.986907664184,
                104966.9629030877
            ],