{
    "Ferrite": {
        "1": {
            "Time": [
                0.5900209471999381,
                0.5681994622034233,
                0.5681994622034233,
                0.6362102396092691,
                0.7537900650734416,
                0.9630157452882426,
                1.3018659994647328,
                1.7599453475758238,
                2.3792061761558396,
                3.7396540137691576,
                6.458732524968399,
                9.776424095232745,
                12.96969083066945,
                17.533253842037894
            ],
            "Temperature": [
                542.4242424242424,
                568.6868686868686,
                590.9090909090909,
                613.1313131313132,
                631.3131313131313,
                657.5757575757575,
                681.8181818181818,
                706.060606060606,
                732.3232323232323,
                752.5252525252525,
                768.6868686868687,
                782.8282828282828,
                792.929292929293,
                807.070707070707
            ]
        }
    },
    "Pearlite": {
        "1": {
            "Time": [
                11029.433117916135,
                1336.6660368171576,
                474.1776502284901,
                156.00051170702318,
                85.36114445475063,
                45.83646634100423,
                29.1616292336525,
                17.866760939804873,
                12.96969083066945,
                10.151883957314256,
                8.251450111038352,
                6.7067776997095905,
                5.878016072274914,
                5.055502398697199,
                5.055502398697199,
                4.777650786415173,
                5.660622028658095,
                6.581586683076283,
                7.231812137497596,
                8.40840427389336,
                19.631901066424238,
                37.96453358828898
            ],
            "Temperature": [
                730.3030303030303,
                724.2424242424242,
                718.1818181818181,
                708.0808080808081,
                702.0202020202021,
                691.9191919191919,
                681.8181818181818,
                665.6565656565656,
                647.4747474747475,
                627.2727272727273,
                611.1111111111111,
                596.969696969697,
                584.8484848484848,
                568.6868686868686,
                564.6464646464647,
                548.4848484848485,
                528.2828282828282,
                516.1616161616162,
                508.0808080808081,
                502.020202020202,
                483.83838383838383,
                475.75757575757575
            ]
        },
        "99": {
            "Time": [
                11670.86672438304,
                2787.223849156613,
                1583.699092131345,
                492.388263170674,
                285.0964546961238,
                156.00051170702318,
                88.63940685538942,
                64.34438263328994,
                53.29390921031751,
                51.32287369749787,
                54.307634166878316,
                69.3815283794727,
                107.01875684486049,
                184.83141035791343,
                350.7584831477019,
                551.3248000584241,
                759.4929232650903,
                1007.5655788738645
            ],
            "Temperature": [
                714.1414141414141,
                712.1212121212121,
                712.1212121212121,
                693.939393939394,
                687.8787878787879,
                675.7575757575758,
                663.6363636363636,
                651.5151515151515,
                635.3535353535353,
                625.2525252525252,
                609.090909090909,
                590.9090909090909,
                572.7272727272727,
                558.5858585858585,
                548.4848484848485,
                542.4242424242424,
                536.3636363636363,
                536.3636363636363
            ]
        }
    },
    "Bainite": {
        "1": {
            "Time": [
                0.27249082397702096,
                0.31091023895708436,
                0.3547465389018129,
                0.5471850285662083,
                0.6362102396092691,
                0.81279988480299,
                1.0987946350525606,
                1.663218333366868,
                2.248444439762121,
                3.339885571089684,
                5.055502398697199
            ],
            "Temperature": [
                459.5959595959596,
                495.95959595959596,
                508.0808080808081,
                526.2626262626262,
                532.3232323232323,
                538.3838383838383,
                542.4242424242424,
                546.4646464646464,
                546.4646464646464,
                546.4646464646464,
                546.4646464646464
            ]
        },
        "99": {
            "Time": [
                25.08102814417645,
                41.715225829084666,
                54.307634166878316,
                76.23605115511157,
                156.00051170702318,
                331.48071362487417,
                934.4156384190183
            ],
            "Temperature": [
                421.2121212121212,
                435.35353535353534,
                443.4343434343434,
                451.5151515151515,
                459.5959595959596,
                455.55555555555554,
                453.5353535353535
            ]
        }
    },
    "C": 0.15,
    "Si": 0.28,
    "Mn": 0.5,
    "P": 0.0175,
    "S": 0.0175,
    "Cr": 0.55,
    "Austenitization Temp:": 920.0,
    "Status": 1
}