{
    "Ferrite": {
        "1": {
            "Time": [
                39.51007180206431,
                32.07545602050024,
                28.090513016247815,
                23.685665774308045,
                17.16200014221689,
                12.915496650148839,
                10.485185824519881,
                9.537265402216086,
                8.841013579119872,
                8.841013579119872,
                9.537265402216086,
                11.527321211923816
            ],
            "Temperature": [
                706.1224489795918,
                702.0408163265306,
                689.795918367347,
                681.6326530612245,
                661.2244897959183,
                640.8163265306123,
                620.4081632653061,
                604.0816326530612,
                583.6734693877551,
                571.4285714285714,
                555.1020408163265,
                526.530612244898
            ]
        }
    },
    "Pearlite": {
        "1": {
            "Time": [
                31176.4858264485,
                21749.464056362147,
                17000.14692817609,
                12086.610496595089,
                10000.0,
                8273.618151935216,
                9447.32034652811,
                13542.138239277443,
                17994.67606115807,
                20547.415430575194,
                25794.233904725574
            ],
            "Temperature": [
                689.795918367347,
                677.5510204081633,
                669.3877551020408,
                661.2244897959183,
                653.0612244897959,
                634.6938775510204,
                618.3673469387755,
                604.0816326530612,
                600.0,
                595.9183673469388,
                593.8775510204082
            ]
        },
        "99": {
            "Time": [
                34275.15471781523,
                28900.49955795756,
                23911.16977427133,
                19411.80158658386,
                17656.864338394982,
                19047.386349898803,
                22165.575534665593,
                25310.002092877785,
                29453.424888145215,
                36974.40845672413
            ],
            "Temperature": [
                669.3877551020408,
                665.3061224489795,
                659.1836734693877,
                651.0204081632653,
                638.7755102040817,
                630.6122448979592,
                622.4489795918367,
                618.3673469387755,
                614.2857142857142,
                606.1224489795918
            ]
        }
    },
    "Bainite": {
        "1": {
            "Time": [
                3.768180408369013,
                4.468952733584373,
                4.820893883797907,
                5.504789807854971,
                6.528521141127845,
                8.195590434971,
                10.485185824519881,
                13.932624155766167,
                17.49034410652405,
                27.045733569217894,
                35.93813663804625,
                56.63519755461282
            ],
            "Temperature": [
                412.2448979591837,
                440.81632653061223,
                457.1428571428571,
                477.55102040816325,
                493.87755102040813,
                508.16326530612247,
                516.3265306122448,
                522.4489795918367,
                528.5714285714286,
                536.7346938775511,
                542.8571428571429,
                542.8571428571429
            ]
        },
        "99": {
            "Time": [
                234.6228848142262,
                234.6228848142262,
                289.00499557957545,
                336.31711678115965,
                464.1588833612774,
                804.173567734776,
                1447.0842848333052,
                2195.653407028963,
                3951.0071802064276,
                10000.0,
                20547.415430575194,
                27303.22774987191,
                60519.17570299644
            ],
            "Temperature": [
                410.2040816326531,
                432.65306122448976,
                455.1020408163265,
                465.3061224489796,
                485.7142857142857,
                500.0,
                508.16326530612247,
                514.2857142857142,
                522.4489795918367,
                528.5714285714286,
                530.6122448979592,
                530.6122448979592,
                522.4489795918367
            ]
        }
    },
    "C": 0.12,
    "Si": 0.37,
    "Mn": 0.97,
    "P": 0.007,
    "S": 0.013,
    "Cr": 0.27,
    "Mo": 0.33,
    "Ni": 1.12,
    "Cu": 0.53,
    "Nb": 0.03,
    "Ms:": 400,
    "Mf:": "",
    "Ac1:": 710,
    "Ac3:": 815,
    "Austenitization Temp:": 900.0,
    "Austenitization Time:": 600.0,
    "Status": 1
}