{
    "Ferrite": {
        "1": {
            "Time": [
                9.345192145605376,
                6.701981251115027,
                5.675585822624447,
                5.271389821830873,
                4.987247973892743,
                5.889161658423268,
                7.769164759280649,
                14.030037231905743,
                21.85607601709794,
                33.42444241569056,
                72.60433748634357,
                382.7257656462852,
                553.7522553121086,
                1117.193350799814,
                2212.6859902218694,
                3780.420477479714,
                7626.98585902345,
                14829.380021071836,
                32212.274429975623
            ],
            "Temperature": [
                523.1075697211155,
                537.0517928286853,
                543.0278884462151,
                550.9960159362549,
                560.9561752988047,
                584.8605577689243,
                600.796812749004,
                626.6932270916335,
                642.6294820717131,
                656.5737051792828,
                672.5099601593625,
                700.398406374502,
                704.3824701195219,
                714.3426294820717,
                724.3027888446215,
                728.2868525896414,
                736.2549800796812,
                746.215139442231,
                754.183266932271
            ]
        }
    },
    "Pearlite": {
        "1": {
            "Time": [
                18853.894366773304,
                4464.086695756201,
                2711.159574532113,
                1740.3704920575194,
                1343.8235448083944,
                946.097356192216,
                963.7340850554939,
                1319.2310230045068,
                2093.4163654324648,
                3261.1365502494796,
                5469.755509920902,
                6954.180987309488,
                8841.461582065504,
                12558.289236022987
            ],
            "Temperature": [
                656.5737051792828,
                654.5816733067729,
                656.5737051792828,
                646.6135458167331,
                640.6374501992032,
                624.7011952191235,
                608.7649402390439,
                592.8286852589641,
                580.8764940239043,
                568.9243027888447,
                550.9960159362549,
                547.0119521912351,
                543.0278884462151,
                535.0597609561753
            ]
        },
        "99": {
            "Time": [
                88960.63228064448,
                40954.29603619914,
                25808.615404180764,
                17190.72201858575,
                9696.857556996398,
                7215.871156937497,
                5174.921226953978,
                4146.169559796821,
                3922.680058848414,
                4718.422122774909,
                6826.9166242022275,
                10833.264786329299,
                16264.096652819286,
                29370.709548898263,
                34047.5261019873,
                36658.198875673006,
                66199.63805837966
            ],
            "Temperature": [
                642.6294820717131,
                636.6533864541833,
                636.6533864541833,
                636.6533864541833,
                632.6693227091633,
                630.6772908366534,
                626.6932270916335,
                622.7091633466135,
                610.7569721115538,
                598.8047808764941,
                578.8844621513945,
                566.9322709163347,
                556.9721115537849,
                552.9880478087649,
                547.0119521912351,
                543.0278884462151,
                533.0677290836653
            ]
        }
    },
    "Bainite": {
        "1": {
            "Time": [
                3.1428684494957126,
                2.9734595309278227,
                2.9734595309278227,
                3.0853526683728347,
                3.511191734215132,
                4.382392079060471,
                5.369656741627011,
                10.061756357240412,
                16.264096652819283,
                23.970613221074743,
                41.71774792648231,
                59.255309755456786,
                128.71396488347744,
                179.47778255253672,
                290.1127694637133,
                862.6385794057439,
                1319.2310230045068,
                2865.624300488264,
                4382.392079060475,
                7350.386238577155,
                11881.364244498502
            ],
            "Temperature": [
                423.50597609561754,
                447.41035856573706,
                457.37051792828686,
                475.2988047808765,
                489.2430278884462,
                499.203187250996,
                507.17131474103587,
                517.1314741035857,
                521.1155378486055,
                521.1155378486055,
                521.1155378486055,
                521.1155378486055,
                521.1155378486055,
                521.1155378486055,
                521.1155378486055,
                523.1075697211155,
                523.1075697211155,
                523.1075697211155,
                523.1075697211155,
                523.1075697211155,
                535.0597609561753
            ]
        },
        "99": {
            "Time": [
                81.11308307896873,
                141.16681631044725,
                279.5915644420272,
                419.7538154090364,
                630.1809065737273,
                981.6995900251235,
                1529.2975001341836,
                2426.7594974416525,
                4146.169559796821,
                6110.774486184285,
                9345.192145605379,
                14030.03723190572,
                23531.941171779898,
                38746.75120456133,
                71275.64834438903,
                95781.89441667347,
                182823.52806925742
            ],
            "Temperature": [
                411.55378486055776,
                427.49003984063745,
                437.45019920318725,
                441.43426294820716,
                441.43426294820716,
                441.43426294820716,
                441.43426294820716,
                441.43426294820716,
                441.43426294820716,
                443.42629482071715,
                443.42629482071715,
                441.43426294820716,
                439.44223107569724,
                437.45019920318725,
                437.45019920318725,
                435.45816733067727,
                447.41035856573706
            ]
        }
    },
    "C": 0.15,
    "Si": 0.28,
    "Mn": 0.5,
    "P": 0.0125,
    "S": 0.0175,
    "Cr": 0.75,
    "Ni": 3.25,
    "Cu": 0.2,
    "Ms:": 410,
    "Mf:": 270,
    "Ac1:": 705,
    "Ac3:": 785,
    "Austenitization Temp:": 840.0,
    "Status": 1
}