{
    "Ferrite": {
        "1": {
            "Time": [
                33893.81712882043,
                20954.87818634361,
                12955.369356469466,
                6182.507596208582,
                3549.774809853624,
                1662.9666285477497,
                954.8159797274034,
                423.16137934508833,
                194.60617942055623,
                99.99999999999997,
                48.612391624802314,
                36.16037550484815,
                28.96325644291159,
                31.769328263969367,
                36.835372007880714,
                52.345035901617486,
                89.49674265472474,
                180.72911105418297,
                351.7100181232798,
                737.0040586690025,
                1602.5783712413847,
                2896.3256442911575,
                6069.215106410443,
                10376.819370522187,
                16784.159516254833,
                23414.123871733274,
                35827.529929086355
            ],
            "Temperature": [
                707.1146245059289,
                705.1383399209486,
                701.1857707509881,
                691.304347826087,
                687.3517786561265,
                683.399209486166,
                681.4229249011858,
                667.5889328063241,
                661.6600790513834,
                651.7786561264822,
                637.9446640316205,
                630.0395256916996,
                614.2292490118577,
                600.395256916996,
                596.4426877470356,
                584.5849802371541,
                576.6798418972332,
                562.8458498023715,
                554.9407114624506,
                547.0355731225296,
                539.1304347826087,
                535.1778656126482,
                529.2490118577075,
                525.296442687747,
                517.3913043478261,
                509.4861660079051,
                505.5335968379447
            ]
        }
    },
    "Pearlite": {
        "1": {
            "Time": [
                95481.5979727403,
                35827.529929086355,
                22150.39759399663,
                13950.131878249616,
                9116.735551427999,
                7037.032523411165,
                5533.142912987595,
                5533.142912987595,
                6535.232520376659,
                10186.667448445623,
                13443.552769048189,
                19823.88433169748,
                30900.096759191594,
                62399.44441689824,
                76477.5799214997,
                92014.32015283853
            ],
            "Temperature": [
                655.7312252964427,
                649.802371541502,
                643.8735177865613,
                635.9683794466403,
                630.0395256916996,
                622.1343873517786,
                610.2766798418972,
                600.395256916996,
                588.5375494071146,
                572.7272727272727,
                566.798418972332,
                552.9644268774704,
                541.106719367589,
                515.4150197628459,
                507.50988142292493,
                501.5810276679842
            ]
        },
        "99": {
            "Time": [
                100929.02183438424,
                54822.11966808709,
                44730.361663597236,
                28696.65822228789,
                18072.91110541832,
                13197.203930613765,
                11173.5910194851,
                12955.369356469466,
                16174.666742233381,
                22563.873414089372,
                33272.72368549953,
                44730.361663597236,
                54822.11966808709,
                79359.40327400752,
                95481.5979727403
            ],
            "Temperature": [
                635.9683794466403,
                628.0632411067194,
                628.0632411067194,
                622.1343873517786,
                618.1818181818182,
                612.2529644268775,
                604.3478260869565,
                596.4426877470356,
                586.5612648221344,
                574.703557312253,
                564.8221343873518,
                558.8932806324111,
                552.9644268774704,
                537.1541501976285,
                529.2490118577075
            ]
        }
    },
    "Bainite": {
        "1": {
            "Time": [
                30.05464804902062,
                18.928161540172447,
                12.600901200671299,
                8.704804787452366,
                6.239944441689819,
                4.728232188043202,
                4.077948784067486,
                3.582752992908634,
                3.327272368549952,
                3.327272368549952,
                3.6496313288683537,
                4.231613793450884
            ],
            "Temperature": [
                600.395256916996,
                586.5612648221344,
                572.7272727272727,
                554.9407114624506,
                539.1304347826087,
                517.3913043478261,
                495.6521739130435,
                469.96047430830043,
                448.2213438735178,
                440.3162055335969,
                420.5533596837945,
                394.8616600790514
            ]
        },
        "99": {
            "Time": [
                139.5013187824962,
                96.36864286572603,
                86.24679630538962,
                83.11486711467114,
                83.11486711467114,
                92.8691532778186,
                120.3154182536718,
                161.74666742233387,
                247.49948363430474,
                431.06042484139607,
                972.6392859944856,
                1602.5783712413847,
                3061.5670495544855,
                8311.48671146712,
                15878.271106907914,
                22985.067481815226,
                37871.56506866569,
                59031.57047645997,
                82349.81931268031
            ],
            "Temperature": [
                398.8142292490119,
                422.52964426877475,
                436.3636363636364,
                446.24505928853756,
                466.00790513833994,
                477.8656126482214,
                489.7233201581028,
                491.699604743083,
                491.699604743083,
                491.699604743083,
                491.699604743083,
                491.699604743083,
                489.7233201581028,
                485.7707509881423,
                485.7707509881423,
                489.7233201581028,
                499.60474308300394,
                501.5810276679842,
                505.5335968379447
            ]
        }
    },
    "C": 0.12,
    "Si": 0.34,
    "Mn": 0.4,
    "P": 0.006,
    "S": 0.007,
    "Cr": 0.78,
    "Ni": 3.45,
    "Ms:": 390,
    "Mf:": "",
    "Ac1:": 680,
    "Ac3:": 790,
    "Austenitization Temp:": 830.0,
    "Austenitization Time:": 600.0,
    "Status": 1
}