{
    "Ferrite": {
        "1": {
            "Time": [
                0.6642657451654531,
                0.6642657451654531,
                0.6894338418722844,
                0.7852721375823198,
                1.0187681759746878,
                1.7796576826670658,
                3.475760137530578,
                6.540521569608144,
                14.822746030235386,
                37.557543041065415,
                74.72843172409253,
                151.47812916146097,
                236.6785040500847,
                356.3009319276783
            ],
            "Temperature": [
                546.4646464646464,
                592.9292929292928,
                621.2121212121212,
                651.5151515151515,
                681.8181818181818,
                714.1414141414141,
                740.4040404040404,
                760.6060606060606,
                788.8888888888889,
                807.070707070707,
                817.1717171717172,
                823.2323232323232,
                823.2323232323232,
                823.2323232323232
            ]
        }
    },
    "Pearlite": {
        "1": {
            "Time": [
                6851.738941616481,
                2967.6258955516137,
                2045.981722409827,
                1149.649026515952,
                497.9361080385157,
                236.6785040500847,
                163.1741703358347,
                138.02987099937087,
                123.45846171247206,
                114.60917356507707,
                110.42531343436099,
                110.42531343436099,
                125.77555184745607,
                148.68753533308706,
                189.34523233036552,
                236.6785040500847,
                279.79319443742065
            ],
            "Temperature": [
                734.3434343434343,
                734.3434343434343,
                730.3030303030303,
                724.2424242424242,
                708.0808080808081,
                700.0,
                689.8989898989898,
                679.7979797979798,
                673.7373737373737,
                659.5959595959596,
                647.4747474747475,
                633.3333333333333,
                619.1919191919192,
                609.090909090909,
                594.9494949494949,
                582.8282828282828,
                572.7272727272727
            ]
        },
        "99": {
            "Time": [
                4385.225437115153,
                2374.1311739232633,
                1519.4829376380408,
                954.5783377533488,
                683.0538011780095,
                526.5016430471144,
                488.762919554416,
                567.1542767279188,
                1028.283945317513,
                1698.8226724903043,
                2967.6258955516137,
                4812.478200233052,
                8099.890328529643
            ],
            "Temperature": [
                716.1616161616162,
                702.0202020202021,
                700.0,
                685.8585858585859,
                671.7171717171717,
                661.6161616161617,
                645.4545454545455,
                625.2525252525252,
                590.9090909090909,
                576.7676767676767,
                566.6666666666666,
                554.5454545454545,
                554.5454545454545
            ]
        }
    },
    "Bainite": {
        "1": {
            "Time": [
                0.7708055238681022,
                0.6767328015646753,
                0.5941411556255792,
                0.5515541493286598,
                0.5120197056898922,
                0.5120197056898922,
                0.5831956372774852,
                0.7155555224368633,
                0.8459051497874116,
                1.3717699723940802,
                2.2245435645296254,
                4.186041208435085,
                9.664850816283458,
                19.95880750127167,
                33.59270320241791,
                93.40934130101495,
                163.1741703358347
            ],
            "Temperature": [
                384.84848484848476,
                401.010101010101,
                425.25252525252523,
                447.47474747474746,
                475.75757575757575,
                500.0,
                524.2424242424242,
                546.4646464646464,
                556.5656565656566,
                572.7272727272727,
                580.8080808080808,
                584.8484848484848,
                584.8484848484848,
                584.8484848484848,
                586.8686868686868,
                592.9292929292928,
                592.9292929292928
            ]
        },
        "99": {
            "Time": [
                60.90553981563961,
                53.47234200322043,
                53.47234200322043,
                60.90553981563961,
                72.0004362557032,
                102.5102187232112,
                163.1741703358347,
                274.63872648920693,
                391.01535193882603,
                683.0538011780095,
                1149.649026515952,
                2008.2897862925213,
                3443.5953527837773,
                4812.478200233052,
                6479.995394010845,
                8725.305042289501
            ],
            "Temperature": [
                386.86868686868684,
                405.050505050505,
                425.25252525252523,
                447.47474747474746,
                457.57575757575756,
                471.7171717171717,
                479.7979797979798,
                483.83838383838383,
                487.8787878787879,
                487.8787878787879,
                487.8787878787879,
                487.8787878787879,
                489.8989898989899,
                491.9191919191919,
                489.8989898989899,
                489.8989898989899
            ]
        }
    },
    "C": 0.17,
    "Si": 0.28,
    "Mn": 1.15,
    "P": 0.0125,
    "S": 0.0175,
    "Cr": 0.95,
    "Cu": 0.2,
    "Ms:": 390,
    "Mf:": "",
    "Ac1:": 765,
    "Ac3:": 840,
    "Austenitization Temp:": 880.0,
    "Status": 1
}