{
    "Ferrite": {
        "1": {
            "Time": [
                0.6314216791431988,
                0.6086183578664466,
                0.679623473599437,
                0.7589124775771553,
                0.929075736302999,
                1.418264356686352,
                2.1255730661146126,
                3.3663289309275655,
                5.234194301021797,
                8.289538471539789,
                13.873068285889126,
                21.971162448387968,
                46.701311131522274,
                99.26704909340226,
                157.21197477429294,
                222.96814026665376,
                353.12081867256745
            ],
            "Temperature": [
                556.2913907284768,
                592.0529801324503,
                619.8675496688742,
                639.7350993377484,
                665.5629139072848,
                689.4039735099338,
                715.2317880794702,
                735.0993377483444,
                752.9801324503311,
                770.8609271523179,
                786.7549668874173,
                792.7152317880794,
                802.6490066225166,
                808.6092715231788,
                812.5827814569536,
                818.5430463576159,
                820.5298013245033
            ]
        }
    },
    "Pearlite": {
        "1": {
            "Time": [
                6574.933638471219,
                2435.4626274809075,
                1064.5266775050732,
                519.5830226439368,
                263.10420886413004,
                154.3470746041356,
                119.31012928075586,
                106.8449483875321,
                104.89789498237411,
                110.84814620992431,
                146.0618312190748,
                188.95475594479512,
                231.32216717245427,
                353.12081867256745
            ],
            "Temperature": [
                737.0860927152318,
                735.0993377483444,
                727.1523178807947,
                719.205298013245,
                709.2715231788079,
                695.364238410596,
                679.4701986754967,
                663.5761589403974,
                643.7086092715232,
                627.8145695364238,
                607.9470198675497,
                596.0264900662252,
                586.0927152317881,
                570.1986754966888
            ]
        },
        "99": {
            "Time": [
                4228.614387087944,
                1917.5540040960166,
                1210.785169114071,
                778.7065037174955,
                539.050425232368,
                456.81926314632943,
                500.8186707272067,
                559.2472199429882,
                710.2932698554357,
                1026.0820934233848,
                1814.6210416885265,
                2621.382232165656,
                4001.6253141272114,
                5082.416912859155,
                7208.210753328022
            ],
            "Temperature": [
                715.2317880794702,
                709.2715231788079,
                697.3509933774835,
                687.4172185430464,
                673.5099337748345,
                657.6158940397352,
                639.7350993377484,
                627.8145695364238,
                609.9337748344371,
                596.0264900662252,
                582.1192052980132,
                574.1721854304635,
                568.2119205298013,
                566.2251655629138,
                564.2384105960265
            ]
        }
    },
    "Bainite": {
        "1": {
            "Time": [
                133.22957391827225,
                62.679366822146406,
                43.38905502583448,
                24.0873563342019,
                13.128371649811248,
                3.759065318593803,
                2.2052126709627777,
                1.3924190875671754,
                1.056724219571327,
                0.84745181853703,
                0.7050871688945287,
                0.5975274035067945,
                0.5350994502536089,
                0.4971479157397017,
                0.4971479157397017,
                0.5551482123742943,
                0.6672385811130135,
                0.7450826882798273
            ],
            "Temperature": [
                588.0794701986755,
                586.0927152317881,
                584.1059602649007,
                582.1192052980132,
                582.1192052980132,
                582.1192052980132,
                580.1324503311258,
                578.1456953642385,
                572.1854304635762,
                558.2781456953642,
                542.3841059602648,
                526.4900662251655,
                508.60927152317885,
                478.8079470198676,
                458.9403973509934,
                435.0993377483444,
                405.29801324503313,
                379.4701986754967
            ]
        },
        "99": {
            "Time": [
                56.13080593782918,
                49.35040655841558,
                53.117743398177545,
                60.41574840947444,
                72.6143349596871,
                117.13592079461061,
                160.1300515466373,
                258.3096167611677,
                440.3215774205715,
                902.1350687328576,
                1428.7362922936072,
                2347.507717812095,
                4809.596315414156,
                8663.625691676385
            ],
            "Temperature": [
                401.3245033112583,
                423.1788079470199,
                441.05960264900665,
                462.91390728476824,
                476.82119205298017,
                484.76821192052984,
                488.74172185430467,
                488.74172185430467,
                492.7152317880795,
                496.68874172185434,
                498.67549668874176,
                498.67549668874176,
                498.67549668874176,
                498.67549668874176
            ]
        }
    },
    "C": 0.17,
    "Si": 0.28,
    "Mn": 1.15,
    "P": 0.0125,
    "S": 0.03,
    "Cr": 0.95,
    "Cu": 0.2,
    "Ms:": 380,
    "Mf:": "",
    "Ac1:": 765,
    "Ac3:": 840,
    "Austenitization Temp:": 880.0,
    "Status": 1
}