{
    "Ferrite": {
        "1": {
            "Time": [
                212.27170561448742,
                121.71559200950522,
                66.01547198842249,
                37.852959402185,
                22.1108518686445,
                9.962989991543582,
                6.152475875790574,
                4.168384706961641,
                3.1564204396029973,
                2.574115438474159,
                2.260826894206825,
                1.9491940296028527,
                1.8098765510223573,
                1.6496480740980204,
                1.53174046370208,
                1.53174046370208,
                1.503604633607793,
                1.503604633607793
            ],
            "Temperature": [
                819.3548387096774,
                809.2741935483871,
                803.2258064516129,
                793.1451612903226,
                783.0645161290322,
                768.9516129032259,
                758.8709677419355,
                744.758064516129,
                726.6129032258065,
                708.4677419354839,
                690.3225806451612,
                668.1451612903226,
                645.9677419354839,
                621.7741935483871,
                597.5806451612902,
                577.4193548387098,
                559.2741935483871,
                531.0483870967741
            ]
        }
    },
    "Pearlite": {
        "1": {
            "Time": [
                27314.47859212078,
                7323.76329694973,
                3554.059037181061,
                2000.4477578829328,
                762.8649560764585,
                337.42740677370483,
                160.7382229456788,
                106.90192046030013,
                69.79114477522359,
                45.56329641285619,
                35.80512956395807,
                33.2459793227094,
                33.86808649412554,
                40.01791232018856,
                63.61253064608687,
                90.47357242349298,
                189.92534796611,
                285.57263324141536
            ],
            "Temperature": [
                722.5806451612904,
                722.5806451612904,
                722.5806451612904,
                720.5645161290322,
                706.4516129032259,
                688.3064516129032,
                668.1451612903226,
                660.0806451612904,
                641.9354838709678,
                615.7258064516129,
                573.3870967741935,
                553.2258064516129,
                535.0806451612902,
                527.016129032258,
                506.85483870967744,
                496.7741935483871,
                484.6774193548387,
                476.61290322580646
            ]
        },
        "99": {
            "Time": [
                20683.30650510229,
                7323.76329694973,
                4607.29536294872,
                2037.8806421466911,
                1007.4432976318045,
                610.7019511920114,
                377.1286556742746,
                246.20924014946272,
                146.50805866648403,
                103.01072591890262,
                84.00702789442975,
                101.11856967505788,
                143.81692009322927,
                228.61158182509766,
                301.90560470261823,
                471.094344441801,
                657.7114867076792,
                952.9410215140479,
                1355.330115774478,
                1823.3480008684419
            ],
            "Temperature": [
                700.4032258064516,
                698.3870967741935,
                698.3870967741935,
                690.3225806451612,
                672.1774193548388,
                652.016129032258,
                629.8387096774193,
                607.6612903225807,
                583.4677419354839,
                561.2903225806451,
                535.0806451612902,
                527.016129032258,
                514.9193548387098,
                508.8709677419355,
                506.85483870967744,
                500.80645161290323,
                500.80645161290323,
                500.80645161290323,
                502.8225806451613,
                506.85483870967744
            ]
        }
    },
    "Bainite": {
        "1": {
            "Time": [
                33.86808649412554,
                16.435427251807724,
                10.532810808591444,
                4.091817581745637,
                1.7766317681509012,
                1.3961353908567937,
                1.2262155738726337,
                1.2262155738726337,
                1.2262155738726337
            ],
            "Temperature": [
                543.1451612903226,
                541.1290322580645,
                539.1129032258065,
                531.0483870967741,
                520.9677419354839,
                510.88709677419354,
                488.7096774193548,
                476.61290322580646,
                452.4193548387097
            ]
        },
        "99": {
            "Time": [
                67.25077019244823,
                75.16340417702546,
                79.46228156389468,
                87.18036431610668,
                115.13082756754379,
                141.1752137961671,
                186.43669734441298,
                193.47927910035418,
                232.88941954922302
            ],
            "Temperature": [
                444.35483870967744,
                462.5,
                466.53225806451616,
                470.56451612903226,
                476.61290322580646,
                476.61290322580646,
                478.6290322580645,
                478.6290322580645,
                480.64516129032256
            ]
        }
    },
    "C": 0.15,
    "Si": 0.24,
    "Mn": 0.67,
    "P": 0.0075,
    "S": 0.033,
    "Cr": 0.15,
    "Mo": 0.25,
    "Ni": 0.08,
    "Cu": 0.1,
    "Ms:": 450,
    "Mf:": "",
    "Ac1:": 745,
    "Ac3:": 880,
    "Austenitization Temp:": 930.0,
    "Austenitization Time:": 600.0,
    "Status": 1
}