{
    "Ferrite": {
        "1": {
            "Time": [
                2.482816985001553,
                3.8416532929073046,
                4.524891967846671,
                6.277522957390978,
                8.24653909022235,
                13.23253252019473,
                19.743249843512377,
                29.4573932683307,
                40.86715524278935,
                63.23359412257181
            ],
            "Temperature": [
                555.859375,
                608.59375,
                628.125,
                655.46875,
                676.953125,
                712.109375,
                735.546875,
                760.9375,
                782.421875,
                792.1875
            ]
        }
    },
    "Pearlite": {
        "1": {
            "Time": [
                3520.4929221084167,
                2234.246681953604,
                1497.4607580526163,
                916.400480128743,
                540.7759607580565,
                330.93845525890765,
                234.24387643090353,
                145.9812232227362,
                84.59217154601558,
                56.69627188070898,
                44.757815154305646,
                36.642157966618676,
                34.071045935736855,
                36.642157966618676,
                43.15897183481787,
                50.83480212970907,
                58.79661050516167,
                74.47969931892695,
                90.97577216663076,
                181.58657124758003
            ],
            "Temperature": [
                719.921875,
                714.0625,
                708.203125,
                698.4375,
                692.578125,
                684.765625,
                680.859375,
                671.09375,
                659.375,
                651.5625,
                645.703125,
                632.03125,
                614.453125,
                598.828125,
                581.25,
                565.625,
                555.859375,
                546.09375,
                540.234375,
                518.75
            ]
        },
        "99": {
            "Time": [
                9572.88086277451,
                4459.530099443862,
                2882.1437625480307,
                1829.124580239078,
                1059.9282349794646,
                685.0196058942555,
                493.7679612750731,
                434.74104774674265,
                434.74104774674265,
                493.7679612750731,
                672.6731723390392,
                933.2203535875506,
                1318.4485628316336,
                1862.6968498386027,
                2882.1437625480307,
                4541.381575501412,
                6900.213988723393,
                10484.2441223224,
                16222.23111871402,
                22099.97513986806
            ],
            "Temperature": [
                696.484375,
                692.578125,
                682.8125,
                673.046875,
                661.328125,
                649.609375,
                639.84375,
                633.984375,
                622.265625,
                608.59375,
                592.96875,
                583.203125,
                577.34375,
                575.390625,
                567.578125,
                559.765625,
                551.953125,
                540.234375,
                530.46875,
                524.609375
            ]
        }
    },
    "Bainite": {
        "1": {
            "Time": [
                38.69703810439006,
                28.405113207871512,
                22.019730854472183,
                13.974608581133426,
                7.529692681690868,
                4.9556735008076505,
                3.9839690488678725,
                2.670178436500742,
                1.9246873395842012,
                1.4651320787850424,
                1.3623264875306493,
                1.2214841493527864,
                1.1153042700165114
            ],
            "Temperature": [
                530.46875,
                524.609375,
                522.65625,
                516.796875,
                508.984375,
                497.265625,
                491.40625,
                479.6875,
                462.109375,
                444.53125,
                432.8125,
                413.28125,
                387.890625
            ]
        },
        "99": {
            "Time": [
                251.92068183299958,
                502.8307180138009,
                614.1997518615382,
                899.8837592341531,
                1294.6855384788912,
                2491.8648646530783,
                3786.160777557878,
                5649.040957575683,
                8276.59112131471,
                17766.629888679017
            ],
            "Temperature": [
                395.703125,
                409.375,
                415.234375,
                423.046875,
                428.90625,
                436.71875,
                438.671875,
                442.578125,
                448.4375,
                462.109375
            ]
        }
    },
    "C": 0.2,
    "Si": 0.3,
    "Mn": 0.72,
    "P": 0.01,
    "S": 0.01,
    "Cr": 0.79,
    "Mo": 0.02,
    "Ni": 0.27,
    "Cu": 0.02,
    "Ms:": 390,
    "Mf:": "",
    "Ac1:": 735,
    "Ac3:": 815,
    "Austenitization Temp:": 850.0,
    "Status": 1
}