{
    "Ferrite": {
        "1": {
            "Time": [
                786.5420126255741,
                306.64156026324616,
                228.18588158236807,
                182.82352806925746,
                126.35844655661796,
                92.30827638053485,
                79.62868040429731,
                79.62868040429731,
                90.61899707869678,
                126.35844655661796,
                166.69598271614743,
                245.68256156440637,
                389.8603702549075,
                504.903703343732,
                831.3542020571665
            ],
            "Temperature": [
                732.806324110672,
                718.9723320158103,
                705.1383399209486,
                695.2569169960475,
                681.4229249011858,
                669.5652173913044,
                651.7786561264822,
                637.9446640316205,
                630.0395256916996,
                608.300395256917,
                594.4664031620554,
                576.6798418972332,
                564.8221343873518,
                554.9407114624506,
                545.0592885375494
            ]
        }
    },
    "Pearlite": {
        "1": {
            "Time": [
                10635.01159937307,
                5781.387585665794,
                4146.169559796821,
                2711.159574532113,
                1873.8174228603839,
                1159.2340336655038,
                846.8519397424732,
                678.5014844142595,
                630.1809065737273,
                653.8950072907714,
                878.719506629994,
                1271.3879029320728,
                1908.748299275986,
                3028.88944962453,
                4464.086695756201,
                5889.161658423268,
                8061.523276758741,
                12558.289236022987,
                14557.996287012993,
                17837.61961433152
            ],
            "Temperature": [
                718.9723320158103,
                709.0909090909091,
                703.1620553359684,
                695.2569169960475,
                687.3517786561265,
                675.494071146245,
                665.6126482213439,
                653.7549407114625,
                645.8498023715415,
                635.9683794466403,
                618.1818181818182,
                604.3478260869565,
                590.5138339920949,
                582.608695652174,
                574.703557312253,
                566.798418972332,
                562.8458498023715,
                554.9407114624506,
                552.9644268774704,
                550.9881422924901
            ]
        },
        "99": {
            "Time": [
                33424.44241569054,
                21063.445423241228,
                12792.395314845333,
                7913.994095772026,
                4895.979291324133,
                3261.1365502494796,
                3261.1365502494796,
                4382.392079060475,
                6701.981251115034,
                9345.192145605379,
                13773.281798599077,
                20677.97573651246,
                28305.553894538178,
                33424.44241569054,
                43287.61281083057
            ],
            "Temperature": [
                695.2569169960475,
                685.3754940711462,
                677.4703557312253,
                673.5177865612649,
                663.6363636363636,
                649.802371541502,
                633.9920948616601,
                622.1343873517786,
                610.2766798418972,
                598.4189723320158,
                586.5612648221344,
                580.6324110671937,
                576.6798418972332,
                576.6798418972332,
                572.7272727272727
            ]
        }
    },
    "Bainite": {
        "1": {
            "Time": [
                9.174171298046794,
                10.249323173276379,
                11.663930407763322,
                15.674264306958927,
                20.299560303083712,
                30.475947675138027,
                50.18047400644966,
                73.9577954641761,
                151.99110829529343,
                254.9277496502154,
                504.903703343732,
                744.1453186791596,
                1394.3924632810024,
                3142.868449495718,
                4987.247973892746,
                10440.386527016968,
                17511.183862413374,
                32212.274429975623
            ],
            "Temperature": [
                402.76679841897237,
                432.41106719367593,
                452.17391304347825,
                469.96047430830043,
                477.8656126482214,
                493.67588932806325,
                503.55731225296444,
                513.4387351778656,
                529.2490118577075,
                535.1778656126482,
                539.1304347826087,
                545.0592885375494,
                547.0355731225296,
                549.0118577075099,
                547.0355731225296,
                543.0830039525692,
                543.0830039525692,
                545.0592885375494
            ]
        },
        "99": {
            "Time": [
                533.6699231206312,
                653.8950072907714,
                878.719506629994,
                1646.5599213305636,
                4302.192507343014,
                6224.6888439954355,
                11663.930407763331,
                20299.560303083716,
                34047.5261019873,
                51115.91622969452,
                97567.4181693631
            ],
            "Temperature": [
                402.76679841897237,
                436.3636363636364,
                450.19762845849806,
                460.07905138339925,
                473.9130434782609,
                479.8418972332016,
                485.7707509881423,
                485.7707509881423,
                481.8181818181818,
                481.8181818181818,
                483.79446640316206
            ]
        }
    },
    "C": 0.17,
    "Si": 0.31,
    "Mn": 0.48,
    "P": 0.017,
    "S": 0.03,
    "Cr": 1.85,
    "Ni": 1.87,
    "Ms:": 400,
    "Mf:": "",
    "Ac1:": 745,
    "Ac3:": 810,
    "Austenitization Temp:": 880.0,
    "Austenitization Time:": 600.0,
    "Status": 1
}