{
    "Ferrite": {
        "1": {
            "Time": [
                115281.82444853285,
                44044.290550734564,
                22911.449319756724,
                12136.679085177517,
                6788.913306246468,
                2840.212628717418,
                1560.1519048417067,
                955.6284998473301,
                841.5861012791524,
                768.5581656218601,
                857.0041346800103,
                1188.2325509892196,
                1588.734214058435,
                3110.087928181814,
                4986.158700928298,
                10307.197658202389,
                17449.666143141934,
                25548.10771238853,
                35422.3415869208,
                44851.19116588988,
                69342.37078963203,
                99697.88369297894
            ],
            "Temperature": [
                656.8627450980392,
                649.0196078431372,
                647.0588235294117,
                647.0588235294117,
                643.1372549019608,
                627.4509803921569,
                619.6078431372549,
                607.843137254902,
                601.9607843137255,
                588.2352941176471,
                578.4313725490197,
                566.6666666666667,
                562.7450980392157,
                550.9803921568628,
                545.0980392156863,
                543.1372549019608,
                543.1372549019608,
                543.1372549019608,
                543.1372549019608,
                543.1372549019608,
                543.1372549019608,
                547.0588235294117
            ]
        }
    },
    "Pearlite": {
        "1": {
            "Time": [
                982009.382712468,
                475051.97730524227,
                285745.22056904517,
                191656.25427634583,
                140763.10253778848,
                84669.43767039354,
                56789.84671476279,
                30633.905288707796,
                23331.19186343367,
                22094.48265994914,
                32348.597286357257,
                61067.219631502165,
                115281.82444853285,
                159837.75433979422,
                251645.0756504987,
                348904.81630606524,
                646807.8702119588,
                896796.3333208709
            ],
            "Temperature": [
                633.3333333333334,
                627.4509803921569,
                623.5294117647059,
                619.6078431372549,
                619.6078431372549,
                617.6470588235294,
                613.7254901960785,
                603.921568627451,
                592.156862745098,
                586.2745098039215,
                570.5882352941177,
                558.8235294117648,
                550.9803921568628,
                545.0980392156863,
                541.1764705882354,
                537.2549019607843,
                527.4509803921569,
                519.6078431372549
            ]
        },
        "99": {
            "Time": [
                999999.9999999969,
                646807.8702119588,
                492617.5222020037,
                361805.9376744803,
                251645.0756504987,
                162766.01543082652,
                156962.1744733692,
                191656.25427634583,
                275556.2397173199,
                396184.52073922416,
                683012.0782166733,
                789774.8235025693,
                964342.4277353254
            ],
            "Temperature": [
                609.8039215686274,
                603.921568627451,
                603.921568627451,
                603.921568627451,
                601.9607843137255,
                598.0392156862745,
                590.1960784313726,
                582.3529411764706,
                572.5490196078431,
                560.7843137254902,
                549.0196078431372,
                543.1372549019608,
                535.2941176470588
            ]
        }
    },
    "Bainite": {
        "1": {
            "Time": [
                17.608781460930466,
                18.59440952156644,
                32.056291010159114,
                45.260168132956935,
                59.42669847522914,
                98.79700020584797,
                149.99752732476074,
                244.8848354927236,
                437.78562593619455,
                768.5581656218601,
                1477.453419875937,
                4083.5521643793727,
                7039.940493118853,
                11918.332736614511,
                28488.19376611731,
                44851.19116588988,
                86220.59947790178,
                154138.32806380047,
                270598.81286737457,
                382057.54256082093,
                569619.3801831127
            ],
            "Temperature": [
                380.39215686274514,
                388.2352941176471,
                427.45098039215685,
                445.0980392156863,
                456.8627450980392,
                466.6666666666667,
                478.4313725490196,
                482.3529411764706,
                486.2745098039216,
                494.11764705882354,
                501.9607843137255,
                505.88235294117646,
                511.7647058823529,
                515.686274509804,
                517.6470588235295,
                515.686274509804,
                515.686274509804,
                513.7254901960785,
                513.7254901960785,
                513.7254901960785,
                521.5686274509803
            ]
        },
        "99": {
            "Time": [
                5170.527146293722,
                12816.013512481632,
                20923.32731513308,
                35422.3415869208,
                63325.244099145406,
                107207.06098846412,
                151365.28439426504,
                312896.5599412717,
                501642.3782442009,
                708267.1658662431,
                946993.3121838144
            ],
            "Temperature": [
                370.5882352941177,
                386.2745098039216,
                396.07843137254906,
                398.03921568627453,
                398.03921568627453,
                398.03921568627453,
                398.03921568627453,
                398.03921568627453,
                398.03921568627453,
                398.03921568627453,
                400.0
            ]
        }
    },
    "C": 0.17,
    "Si": 0.27,
    "Mn": 0.43,
    "Cr": 1.48,
    "Mo": 0.25,
    "Ni": 3.45,
    "Cu": 0.13,
    "Al": 0.026,
    "Ms:": 380,
    "Mf:": 300,
    "Ac1:": 670,
    "Ac3:": 760,
    "Austenitization Temp:": 920.0,
    "Austenitization Time:": 1200.0,
    "Status": 1
}