{
    "Ferrite": {
        "1": {
            "Time": [
                731.7482662596113,
                271.33801171729147,
                137.49847212572058,
                69.67630416856473,
                38.00031826965994,
                22.30510414334497,
                14.618190494522777,
                9.580385366544633,
                7.140414187897266,
                5.9420481982555025,
                5.521044868641892,
                4.854787362590349,
                4.76641101336526,
                5.036486330526272,
                5.83387939755212,
                6.513730517913139
            ],
            "Temperature": [
                803.2894736842105,
                783.5526315789474,
                773.6842105263158,
                751.9736842105264,
                732.2368421052631,
                714.4736842105264,
                700.6578947368421,
                684.8684210526316,
                665.1315789473684,
                651.3157894736842,
                645.3947368421052,
                623.6842105263158,
                603.9473684210527,
                580.2631578947369,
                564.4736842105264,
                544.7368421052631
            ]
        }
    },
    "Pearlite": {
        "1": {
            "Time": [
                391818.6522051652,
                43215.37618848912,
                7545.005739286742,
                3240.696035787169,
                1056.662196441663,
                643.443826332899,
                350.9237535065666,
                297.4433442178547,
                225.79972270736855,
                134.9954556014263,
                95.21895354084077,
                76.37983632839308,
                76.37983632839308,
                86.86199248973475,
                108.28653771637272,
                142.64459462544625,
                213.69149333415606,
                247.52383280349608,
                344.53555194901634,
                488.4608796535158,
                718.4275509545213,
                1096.2096402761374,
                1612.303543642962
            ],
            "Temperature": [
                722.3684210526316,
                714.4736842105264,
                712.5,
                708.5526315789474,
                698.6842105263158,
                692.7631578947369,
                682.8947368421052,
                678.9473684210526,
                673.0263157894738,
                667.1052631578948,
                661.1842105263158,
                631.578947368421,
                615.7894736842105,
                596.0526315789474,
                584.2105263157895,
                578.2894736842105,
                572.3684210526317,
                572.3684210526317,
                572.3684210526317,
                570.3947368421052,
                566.4473684210527,
                566.4473684210527,
                566.4473684210527
            ]
        },
        "99": {
            "Time": [
                391818.6522051652,
                127756.49214671129,
                62404.0485354302,
                27806.66701113705,
                17246.545863385363,
                10696.83555021978,
                6164.439817993194,
                2849.621862320834,
                1902.1962411528186,
                946.3762433893486,
                576.2863034635078,
                421.69650342858216,
                364.0576930746889,
                350.9237535065666,
                414.01995764592203,
                545.3836669885287,
                802.1495037291359,
                1037.4267613317209,
                1612.303543642962,
                2203.3582011534913,
                3618.350539855909,
                4766.411013365254,
                8424.262963413923
            ],
            "Temperature": [
                702.6315789473684,
                698.6842105263158,
                694.7368421052631,
                690.7894736842105,
                686.8421052631579,
                684.8684210526316,
                680.921052631579,
                678.9473684210526,
                678.9473684210526,
                671.0526315789474,
                665.1315789473684,
                659.2105263157895,
                645.3947368421052,
                617.7631578947369,
                605.921052631579,
                598.0263157894738,
                588.1578947368421,
                584.2105263157895,
                580.2631578947369,
                576.3157894736842,
                574.3421052631579,
                570.3947368421052,
                560.5263157894738
            ]
        }
    },
    "Bainite": {
        "1": {
            "Time": [
                1.672646843565176,
                1.7674226875927952,
                1.800193332891545,
                1.937465788581983,
                2.047246855693619,
                2.2858227626763528,
                2.5995227168436554,
                2.9562739796475683,
                4.2689311347264285,
                5.727679697242273,
                7.40765676551733,
                15.732890160536178,
                20.724752924638338,
                33.41459258151926,
                61.26804780573313,
                93.48559163176567,
                123.14748077513762
            ],
            "Temperature": [
                390.7894736842105,
                412.5,
                422.3684210526316,
                446.0526315789474,
                463.8157894736842,
                481.5789473684211,
                495.39473684210526,
                507.2368421052632,
                523.0263157894738,
                534.8684210526317,
                542.7631578947369,
                558.5526315789474,
                564.4736842105264,
                566.4473684210527,
                566.4473684210527,
                576.3157894736842,
                580.2631578947369
            ]
        },
        "99": {
            "Time": [
                77.79603209291813,
                76.37983632839308,
                70.96820647674754,
                74.98942093324558,
                91.78378377150253,
                132.53800388686417,
                194.93670323892292,
                338.2636409495491,
                643.443826332899,
                1246.650400394278,
                1672.646843565174,
                2285.822762676349,
                3424.320991174657,
                5833.8793975521085,
                9405.984425858953,
                15165.302021262907,
                38000.31826965987,
                55890.81281049451,
                108286.5377163726,
                181125.13551189215
            ],
            "Temperature": [
                390.7894736842105,
                400.65789473684214,
                414.47368421052636,
                426.3157894736842,
                453.94736842105266,
                461.8421052631579,
                461.8421052631579,
                461.8421052631579,
                461.8421052631579,
                461.8421052631579,
                461.8421052631579,
                465.7894736842105,
                463.8157894736842,
                461.8421052631579,
                457.89473684210526,
                455.92105263157896,
                455.92105263157896,
                457.89473684210526,
                461.8421052631579,
                459.8684210526316
            ]
        }
    },
    "C": 0.2,
    "Si": 0.25,
    "Mn": 1.25,
    "Cr": 1.15,
    "Ms:": 380,
    "Mf:": "",
    "Ac1:": 740,
    "Ac3:": 820,
    "Austenitization Temp:": 850.0,
    "Status": 1
}