{
    "Ferrite": {
        "1": {
            "Time": [
                3.9810717055349722,
                3.4287445881675858,
                3.241983579310581,
                3.0653952950565277,
                3.694601205199303,
                5.267707132875599,
                7.943282347242815,
                13.650078065460143,
                24.80816230650974,
                45.936950579773956,
                88.29699955494091,
                592.888426781809,
                1817.4373939504237,
                3428.7445881675812,
                11977.8364393572,
                18748.77826984492
            ],
            "Temperature": [
                572.0,
                586.0,
                608.0,
                632.0,
                660.0,
                684.0,
                698.0,
                716.0,
                732.0,
                754.0,
                774.0,
                802.0,
                806.0,
                812.0,
                816.0,
                816.0
            ]
        }
    },
    "Pearlite": {
        "1": {
            "Time": [
                15555.783562123395,
                3428.7445881675812,
                910.8764197647721,
                473.8879609717648,
                297.1481104684008,
                112.55151659468899,
                89.96095436176492,
                69.26925879178353,
                53.33680870333698,
                45.936950579773956,
                38.11369735340276,
                34.716868189265604,
                36.716803466162254,
                47.68462574225078,
                59.65895964106777,
                95.14333674690789,
                151.73336212695477
            ],
            "Temperature": [
                746.0,
                734.0,
                730.0,
                728.0,
                728.0,
                718.0,
                708.0,
                694.0,
                680.0,
                672.0,
                660.0,
                650.0,
                642.0,
                600.0,
                590.0,
                580.0,
                570.0
            ]
        },
        "99": {
            "Time": [
                18401.993156842105,
                7652.155447309585,
                4452.95850994265,
                2496.3029921948396,
                1205.2609368708418,
                675.6623661254339,
                338.63335214446346,
                224.56979955397736,
                138.21034165307236,
                121.27849076095202,
                106.42092440647241,
                121.27849076095202,
                140.81491217648332,
                200.7717954087815,
                320.1882609885402,
                482.8183680584109,
                1274.6924262659254,
                2110.203428568595,
                3493.359196451108,
                4370.5947581375,
                6468.607661546324
            ],
            "Temperature": [
                722.0,
                722.0,
                722.0,
                722.0,
                714.0,
                704.0,
                696.0,
                690.0,
                678.0,
                672.0,
                652.0,
                630.0,
                622.0,
                610.0,
                602.0,
                596.0,
                588.0,
                584.0,
                582.0,
                582.0,
                574.0
            ]
        }
    },
    "Bainite": {
        "1": {
            "Time": [
                93.38352646431959,
                41.8428850790158,
                25.275671521165467,
                14.436418368585402,
                7.6521554473096005,
                4.370594758137503,
                3.3030786809293153,
                2.273823532178528,
                1.7838213245209664,
                1.5363369879034372,
                1.452653925946781,
                1.5079202671820975,
                1.7508270317357246,
                2.2317659570551798,
                2.7921962915248697,
                3.559191465454556,
                4.056094904897644,
                4.370594758137503
            ],
            "Temperature": [
                576.0,
                574.0,
                574.0,
                572.0,
                566.0,
                562.0,
                558.0,
                544.0,
                528.0,
                516.0,
                498.0,
                472.0,
                458.0,
                436.0,
                420.0,
                406.0,
                400.0,
                394.0
            ]
        },
        "99": {
            "Time": [
                25.751990935588815,
                23.023013182349626,
                24.34930033454368,
                31.037868721317214,
                44.253328944529315,
                66.7304916057319,
                125.89254117941665,
                275.7658862393489,
                473.8879609717648,
                877.4921565954759,
                1425.7850415526589,
                2404.811727042476,
                4798.230213563074,
                9573.727923667488,
                21768.96784350983,
                39563.736186499125,
                67988.02609533806,
                102520.52247486563
            ],
            "Temperature": [
                404.0,
                418.0,
                432.0,
                442.0,
                450.0,
                454.0,
                456.0,
                456.0,
                456.0,
                458.0,
                458.0,
                464.0,
                464.0,
                468.0,
                470.0,
                470.0,
                474.0,
                476.0
            ]
        }
    },
    "C": 0.17,
    "Si": 0.3,
    "Mn": 1.16,
    "P": 0.02,
    "S": 0.008,
    "Cr": 1.15,
    "Ni": 0.08,
    "Ms:": 400,
    "Mf:": "",
    "Ac1:": 745,
    "Ac3:": 825,
    "Austenitization Temp:": 860.0,
    "Status": 1
}