{
    "Ferrite": {
        "1": {
            "Time": [
                94451.01113397615,
                39358.75227966558,
                21004.58230321309,
                10192.118462630167,
                5650.2298568687065,
                3511.1917342151282,
                2310.1297000831582,
                1463.1513629574108,
                962.6558943926843,
                543.9227076388203,
                313.23318653040934,
                210.04582303213098,
                146.31513629574104,
                112.09513822936698,
                67.057333662102,
                53.36699231206309,
                45.83075637954614,
                43.28761281083059,
                43.28761281083059,
                45.83075637954614,
                50.40566385053491,
                55.437246707694
            ],
            "Temperature": [
                777.4590163934427,
                777.4590163934427,
                775.4098360655738,
                765.1639344262295,
                761.0655737704918,
                752.8688524590164,
                748.7704918032787,
                746.7213114754098,
                744.672131147541,
                738.5245901639345,
                730.327868852459,
                724.1803278688525,
                718.032786885246,
                709.8360655737705,
                695.4918032786885,
                685.2459016393443,
                670.9016393442623,
                646.311475409836,
                636.0655737704918,
                621.7213114754098,
                607.3770491803278,
                590.983606557377
            ]
        }
    },
    "Pearlite": {
        "1": {
            "Time": [
                143557.13861864136,
                81113.0830789687,
                52361.040060253894,
                38616.85126990643,
                27943.51222347197,
                30153.57733329019,
                36474.00649253029,
                45830.75637954616,
                53366.992312063056,
                73751.11576368325,
                98115.0291439943,
                135591.16898031038
            ],
            "Temperature": [
                689.344262295082,
                681.1475409836065,
                675.0,
                668.8524590163935,
                646.311475409836,
                634.016393442623,
                621.7213114754098,
                609.4262295081967,
                601.2295081967213,
                590.983606557377,
                584.8360655737705,
                580.7377049180328
            ]
        },
        "99": {
            "Time": [
                138196.1256733828,
                101921.1846263016,
                82671.41516100115,
                65793.3224657567,
                60971.091098865065,
                64553.13751207938,
                72360.9287255587,
                81113.0830789687,
                90923.8225994712,
                101921.1846263016,
                112095.13822936684,
                135591.16898031038
            ],
            "Temperature": [
                656.5573770491803,
                656.5573770491803,
                652.4590163934427,
                638.1147540983607,
                631.9672131147541,
                621.7213114754098,
                617.6229508196722,
                615.5737704918033,
                613.5245901639345,
                609.4262295081967,
                607.3770491803278,
                601.2295081967213
            ]
        }
    },
    "Bainite": {
        "1": {
            "Time": [
                3.935875227966558,
                4.088558799559007,
                4.167107562653435,
                4.583075637954613,
                5.33669923120631,
                6.214245832754478,
                8.267141516100109,
                10.998217754274405,
                16.09205729726898,
                24.92838910309786,
                34.45006793326694,
                44.966859978704704,
                50.40566385053491
            ],
            "Temperature": [
                416.80327868852464,
                455.7377049180328,
                476.2295081967213,
                494.672131147541,
                515.1639344262296,
                531.5573770491803,
                550.0,
                564.344262295082,
                574.5901639344263,
                578.688524590164,
                584.8360655737705,
                590.983606557377,
                601.2295081967213
            ]
        },
        "99": {
            "Time": [
                72.36092872555871,
                69.65867456138803,
                94.45101113397617,
                120.96079377043662,
                173.64785438723442,
                284.80358684358004,
                441.19247773245223,
                751.6801086146097,
                1519.9110829529332,
                2689.998675195932,
                4088.5587995590045,
                9092.382259947126,
                15788.726707083726,
                30153.57733329019,
                56502.298568687125,
                101921.1846263016
            ],
            "Temperature": [
                416.80327868852464,
                429.09836065573774,
                443.4426229508197,
                447.5409836065574,
                449.59016393442624,
                449.59016393442624,
                455.7377049180328,
                459.8360655737705,
                459.8360655737705,
                465.9836065573771,
                468.0327868852459,
                470.0819672131148,
                474.1803278688525,
                478.27868852459017,
                478.27868852459017,
                482.3770491803279
            ]
        }
    },
    "C": 0.12,
    "Si": 0.23,
    "Mn": 1.35,
    "P": 0.006,
    "S": 0.004,
    "Cr": 0.1,
    "Mo": 0.48,
    "Ni": 0.65,
    "V": 0.01,
    "Cu": 0.06,
    "Al": 0.025,
    "Ms:": 410,
    "Mf:": "",
    "Ac1:": 700,
    "Ac3:": 780,
    "Austenitization Temp:": 900.0,
    "Status": 1
}