{
    "Ferrite": {
        "1": {
            "Time": [
                8.357926914517593,
                7.0885341959733354,
                7.219474128122859,
                7.767872110436775,
                9.854638544044683,
                13.451658543310232,
                24.162833079579006,
                38.88885166738243,
                69.85494230841759,
                123.2026450375225,
                217.2915937318396,
                397.524655559862,
                628.1917229759819,
                1512.3427840076736
            ],
            "Temperature": [
                620.8661417322835,
                652.3622047244095,
                674.0157480314961,
                689.7637795275591,
                709.4488188976378,
                721.259842519685,
                731.1023622047244,
                738.9763779527559,
                746.8503937007874,
                748.8188976377953,
                750.7874015748032,
                756.6929133858267,
                760.6299212598425,
                764.5669291338583
            ]
        }
    },
    "Pearlite": {
        "1": {
            "Time": [
                1512.3427840076736,
                768.3031104434461,
                331.03416174336314,
                209.48101719991854,
                106.42092440647238,
                54.06415007389277,
                34.212218738645554,
                25.06375317018546,
                19.398062156077774,
                14.473459061327349,
                13.700138582802762,
                14.473459061327349,
                19.398062156077774,
                25.99826439668997,
                31.79689682551217,
                51.17548923414366
            ],
            "Temperature": [
                705.511811023622,
                705.511811023622,
                699.6062992125984,
                699.6062992125984,
                691.732283464567,
                687.7952755905512,
                687.7952755905512,
                683.8582677165355,
                679.9212598425197,
                666.1417322834645,
                652.3622047244095,
                634.6456692913385,
                612.992125984252,
                597.2440944881889,
                589.3700787401575,
                581.496062992126
            ]
        },
        "99": {
            "Time": [
                1457.9814124786485,
                922.6220875094475,
                701.111294550499,
                552.6476538850059,
                542.6242581337269,
                605.6112841989602,
                675.9097516401973,
                826.6641306639372
            ],
            "Temperature": [
                646.4566929133858,
                636.6141732283464,
                628.740157480315,
                618.8976377952756,
                599.2125984251968,
                579.5275590551181,
                563.7795275590552,
                530.3149606299212
            ]
        }
    },
    "Bainite": {
        "1": {
            "Time": [],
            "Temperature": []
        }
    },
    "C": 0.22,
    "Si": 0.25,
    "Mn": 1.33,
    "Cr": 0.18,
    "Mo": 0.02,
    "Ni": 0.12,
    "Ti": 0.033,
    "Cu": 0.11,
    "Al": 0.034,
    "N": 0.009,
    "Ms:": 390,
    "Mf:": "",
    "Ac1:": 725,
    "Ac3:": 830,
    "Austenitization Temp:": 1150.0,
    "Austenitization Time:": 600.0,
    "Status": 1
}