{
    "Ferrite": {
        "1": {
            "Time": [
                150.72715066745482,
                142.64459462544625,
                63.5611124082188,
                51.930862048914115,
                38.70490068788765,
                27.30047558996415,
                20.724752924638338,
                14.352081556747688,
                10.502110796366667,
                8.120344758216852,
                6.164439817993193,
                4.944802340771367,
                4.428703401447387,
                4.040015010570229,
                3.894265273612329,
                4.428703401447387,
                4.944802340771367,
                5.420539995213586,
                5.623413251903491,
                5.727679697242273,
                6.2787377005308915
            ],
            "Temperature": [
                752.4752475247525,
                752.4752475247525,
                738.6138613861386,
                736.6336633663366,
                730.6930693069307,
                722.7722772277227,
                716.8316831683169,
                710.8910891089109,
                702.970297029703,
                695.049504950495,
                687.1287128712871,
                681.1881188118812,
                677.2277227722773,
                667.3267326732673,
                665.3465346534654,
                647.5247524752475,
                635.6435643564356,
                613.8613861386139,
                603.9603960396039,
                601.980198019802,
                588.1188118811881
            ]
        }
    },
    "Pearlite": {
        "1": {
            "Time": [
                6882.812796087184,
                3685.4401404028276,
                2599.5227168436563,
                1767.422687592795,
                1179.8003227449656,
                832.171361757564,
                576.2863034635078,
                437.4792378168251,
                384.6860015957856,
                406.48315538656436,
                516.1381459705119,
                731.7482662596113,
                1223.9564278434289,
                2203.3582011534913,
                4348.083467104508,
                11302.941747470484,
                16624.35027340759,
                21109.020667587,
                30481.93644155694,
                40153.49976830117,
                62404.0485354302,
                80707.6856186146
            ],
            "Temperature": [
                728.7128712871287,
                710.8910891089109,
                706.9306930693069,
                702.970297029703,
                699.009900990099,
                695.049504950495,
                685.1485148514852,
                677.2277227722773,
                659.4059405940594,
                637.6237623762377,
                619.8019801980198,
                611.8811881188119,
                605.940594059406,
                598.019801980198,
                596.0396039603961,
                584.1584158415842,
                582.1782178217821,
                582.1782178217821,
                580.1980198019802,
                580.1980198019802,
                578.2178217821782,
                576.2376237623762
            ]
        },
        "99": {
            "Time": [
                34034.14882518305,
                19977.075681019105,
                12390.39370705678,
                9580.385366544619,
                7272.808086810288,
                5727.67969724227,
                5521.044868641891,
                5623.413251903484,
                5942.048198255497,
                6757.518355386217,
                9758.019960055455,
                14090.816855117298,
                20347.48037585787,
                28322.24397411219,
                37308.56204075844,
                45664.05432338162,
                57982.62492218874,
                76379.83632839305,
                93485.59163176565,
                114422.29078844536
            ],
            "Temperature": [
                697.029702970297,
                697.029702970297,
                697.029702970297,
                697.029702970297,
                685.1485148514852,
                669.3069306930693,
                657.4257425742574,
                653.4653465346535,
                647.5247524752475,
                639.6039603960396,
                627.7227722772277,
                621.7821782178218,
                615.8415841584158,
                609.90099009901,
                607.9207920792079,
                603.9603960396039,
                601.980198019802,
                601.980198019802,
                601.980198019802,
                603.9603960396039
            ]
        }
    },
    "Bainite": {
        "1": {
            "Time": [
                1.3665901869663166,
                1.4980693372592462,
                1.612303543642963,
                1.6421980493056707,
                1.800193332891545,
                2.12386867514878,
                2.5995227168436554,
                3.2406960357871686,
                4.191219688147409,
                6.164439817993193,
                8.424262963413923,
                12.620130034499109,
                18.22377303303667,
                26.80349885657694,
                38.70490068788765,
                52.8937374675731,
                85.28076035548864,
                140.04789829908785,
                308.5756852716053,
                506.7423884161905,
                759.1352339758099,
                1179.8003227449656,
                2085.205857248752,
                3487.812995310742,
                4944.802340771357,
                6882.812796087184,
                8901.600206323117,
                10123.231044170612,
                15732.890160536166,
                17892.028219210853,
                24451.070189297963
            ],
            "Temperature": [
                431.6831683168317,
                443.56435643564356,
                459.4059405940594,
                465.34653465346537,
                481.18811881188117,
                497.029702970297,
                510.8910891089109,
                518.8118811881188,
                526.7326732673267,
                534.6534653465346,
                542.5742574257426,
                548.5148514851485,
                550.4950495049504,
                552.4752475247525,
                556.4356435643565,
                560.3960396039604,
                564.3564356435644,
                564.3564356435644,
                556.4356435643565,
                556.4356435643565,
                556.4356435643565,
                560.3960396039604,
                560.3960396039604,
                562.3762376237623,
                562.3762376237623,
                562.3762376237623,
                562.3762376237623,
                562.3762376237623,
                562.3762376237623,
                562.3762376237623,
                562.3762376237623
            ]
        },
        "99": {
            "Time": [
                25.8365215315729,
                24.451070189297983,
                24.451070189297983,
                26.31556906717845,
                28.32224397411222,
                34.03414882518307,
                45.66405432338167,
                68.40791959679859,
                98.78269058927006,
                132.53800388686417,
                198.5511196444582,
                326.0602613675859,
                655.3742318609311,
                999.9999999999998,
                1703.6602037564508,
                3424.320991174657,
                6278.737700530885,
                9938.948163124207,
                15732.890160536166,
                23139.9119525971,
                28322.24397411219,
                40153.49976830117
            ],