{
    "Ferrite": {
        "1": {
            "Time": [
                134.92154348336786,
                91.06460192817838,
                65.01418610174436,
                47.29298735679069,
                35.05221340921041,
                26.970829833027942,
                22.36626653129564,
                18.2038228959343,
                16.577238855893167,
                16.577238855893167,
                16.577238855893167,
                17.53486550082958,
                19.990009850689802
            ],
            "Temperature": [
                743.3333333333334,
                735.0,
                720.0,
                705.0,
                690.0,
                671.6666666666666,
                653.3333333333333,
                636.6666666666666,
                620.0,
                598.3333333333333,
                573.3333333333333,
                558.3333333333333,
                535.0
            ]
        }
    },
    "Pearlite": {
        "1": {
            "Time": [
                24560.878824173244,
                13241.927918860438,
                7839.8714762225445,
                5810.689141122224,
                5097.0286316889,
                5291.480935646832,
                6146.358476368785,
                8292.761724337579,
                12058.708946926576,
                16269.796235360289,
                20752.631321450568,
                27999.770492313957,
                35052.21340921039,
                43880.990568194095
            ],
            "Temperature": [
                705.0,
                696.6666666666666,
                690.0,
                683.3333333333334,
                668.3333333333333,
                641.6666666666666,
                636.6666666666666,
                623.3333333333333,
                608.3333333333333,
                600.0,
                598.3333333333333,
                590.0,
                586.6666666666666,
                586.6666666666666
            ]
        },
        "99": {
            "Time": [
                48186.660501522434,
                25979.700872256486,
                20752.631321450568,
                14816.02517625663,
                12518.750258625281,
                10981.215300196302,
                10381.501298126908,
                10981.215300196302,
                15671.910803783081,
                22788.91125864468,
                30176.91202362799,
                39960.04938306754,
                57029.236976621745,
                67494.48574119231,
                92785.40650677118
            ],
            "Temperature": [
                686.6666666666666,
                685.0,
                680.0,
                671.6666666666666,
                665.0,
                660.0,
                656.6666666666666,
                646.6666666666666,
                635.0,
                628.3333333333333,
                623.3333333333333,
                618.3333333333333,
                615.0,
                611.6666666666666,
                606.6666666666666
            ]
        }
    },
    "Bainite": {
        "1": {
            "Time": [
                2.410537106356636,
                2.410537106356636,
                2.7480484808533436,
                3.1920158608113023,
                4.148453045435308,
                6.146358476368797,
                9.814539307055009,
                12.996342206084499,
                18.898301102501435,
                29.61724892214378,
                49.097220963682204,
                76.94472676564565,
                137.47109187935277,
                211.44783949800794,
                472.92987356790684,
                755.1770453120365,
                1925.5413332459455,
                3017.6912023627956,
                8771.814337162277,
                15381.258460038913,
                25979.700872256486,
                37777.72252003052,
                48186.660501522434
            ],
            "Temperature": [
                415.0,
                426.66666666666663,
                443.3333333333333,
                458.3333333333333,
                478.3333333333333,
                498.3333333333333,
                520.0,
                528.3333333333333,
                535.0,
                535.0,
                535.0,
                531.6666666666666,
                531.6666666666666,
                533.3333333333333,
                536.6666666666666,
                540.0,
                543.3333333333333,
                543.3333333333333,
                541.6666666666666,
                541.6666666666666,
                545.0,
                546.6666666666666,
                546.6666666666666
            ]
        },
        "99": {
            "Time": [
                99.99999999999997,
                79.880178080157,
                81.38963590755249,
                99.99999999999997,
                132.41927918860443,
                185.47811900706142,
                269.7082983302794,
                490.9722096368219,
                798.8017808015701,
                1854.7811900706145,
                3921.8947538197526,
                10188.965255670915,
                26470.62695401447,
                42268.443944722494,
                59204.90977039857,
                98145.39307055004
            ],
            "Temperature": [
                403.3333333333333,
                430.0,
                436.66666666666663,
                450.0,
                460.0,
                465.0,
                473.3333333333333,
                483.3333333333333,
                486.66666666666663,
                493.3333333333333,
                495.0,
                495.0,
                495.0,
                495.0,
                495.0,
                498.3333333333333
            ]
        }
    },
    "C": 0.2,
    "Si": 0.28,
    "Mn": 0.75,
    "P": 0.0175,
    "S": 0.0275,
    "Cr": 0.4,
    "Mo": 0.45,
    "Ni": 1.6,
    "Ms:": 410,
    "Mf:": "",
    "Ac1:": 720,
    "Ac3:": 830,
    "Austenitization Temp:": 925.0,
    "Austenitization Time:": 600.0,
    "Status": 1
}