{
    "Ferrite": {
        "1": {
            "Time": [
                2.8107285020807273,
                2.8621534453892723,
                2.91451925680099,
                3.369450302212159,
                5.020967399614463,
                6.129168695925734,
                8.649836012976682,
                11.560912813835744,
                17.54262130041591,
                28.10728502080727,
                43.43054463316707,
                79.00194712408961,
                143.70779141993745,
                202.80871538024616,
                426.5021844233417,
                804.4736266284178,
                1602.2283408774758,
                2862.153445389268,
                5910.899064227982,
                9470.610000772236,
                14633.706173946326,
                28107.285020807278
            ],
            "Temperature": [
                590.2597402597403,
                617.5324675324675,
                638.961038961039,
                664.2857142857142,
                703.2467532467533,
                712.987012987013,
                726.6233766233767,
                738.3116883116883,
                753.8961038961039,
                761.6883116883117,
                769.4805194805194,
                775.3246753246754,
                779.2207792207793,
                785.0649350649351,
                787.012987012987,
                785.0649350649351,
                787.012987012987,
                792.8571428571429,
                792.8571428571429,
                792.8571428571429,
                788.961038961039,
                792.8571428571429
            ]
        }
    },
    "Pearlite": {
        "1": {
            "Time": [
                29678.431503900352,
                8808.09296531705,
                5910.899064227982,
                4422.514763163044,
                2475.7157946593406,
                1517.4079748634933,
                947.0610000772234,
                683.3538873292302,
                484.2162612301506,
                271.0633904364834,
                210.29775945461336,
                157.34407502856092,
                119.87818459583774,
                111.49209970080912,
                109.48889651276862,
                126.57915866672022,
                143.70779141993745,
                181.90411331788223,
                226.11569515367435
            ],
            "Temperature": [
                716.8831168831168,
                709.0909090909091,
                705.1948051948052,
                701.2987012987013,
                693.5064935064935,
                687.6623376623377,
                685.7142857142858,
                681.8181818181818,
                675.974025974026,
                674.025974025974,
                670.1298701298701,
                660.3896103896104,
                648.7012987012987,
                642.8571428571429,
                638.961038961039,
                627.2727272727273,
                617.5324675324675,
                607.7922077922078,
                596.1038961038961
            ]
        },
        "99": {
            "Time": [
                28621.534453892687,
                11149.209970080907,
                7618.855973704593,
                5206.374846632577,
                3191.0749729235504,
                1920.7222481239285,
                1198.7818459583766,
                834.180133250633,
                570.0402367896361,
                530.1630411562768,
                549.7401800103733,
                635.549829136229,
                896.9245378672703,
                1573.4407502856084,
                2521.0113627991195,
                4188.391254457476,
                6710.759170575139,
                10752.168531898906,
                20280.87153802459,
                29145.192568009876
            ],
            "Temperature": [
                689.6103896103896,
                689.6103896103896,
                687.6623376623377,
                683.7662337662338,
                679.8701298701299,
                675.974025974026,
                672.077922077922,
                666.2337662337662,
                656.4935064935065,
                652.5974025974026,
                640.909090909091,
                635.0649350649351,
                625.3246753246754,
                613.6363636363636,
                607.7922077922078,
                603.8961038961039,
                598.0519480519481,
                596.1038961038961,
                580.5194805194806,
                578.5714285714286
            ]
        }
    },
    "Bainite": {
        "1": {
            "Time": [
                169.17900122028348,
                88.0809296531706,
                68.335388732923,
                41.13137503418569,
                24.757157946593406,
                14.901443705277462,
                9.470610000772236,
                4.930754569028748,
                3.4310975906798817,
                2.2205302450155338,
                1.5174079748634939,
                1.1772430676769294,
                1.018295948281905,
                0.8808092965317061,
                0.6471778159406796,
                0.6129168695925735
            ],
            "Temperature": [
                600.0,
                596.1038961038961,
                594.1558441558441,
                592.2077922077922,
                586.3636363636364,
                584.4155844155844,
                580.5194805194806,
                574.6753246753246,
                572.7272727272727,
                564.9350649350649,
                551.2987012987013,
                533.7662337662338,
                516.2337662337662,
                488.961038961039,
                438.31168831168833,
                403.24675324675326
            ]
        },
        "99": {
            "Time": [
                48.42162612301503,
                42.65021844233418,
                41.13137503418569,
                41.13137503418569,
                48.42162612301503,
                91.33346228248621,
                163.15426277379726,
                271.0633904364834,
                612.9168695925732,
                1490.1443705277468,
                4842.162612301503,
                16613.93247274788,
                26619.31346126129
            ],
            "Temperature": [
                403.24675324675326,
                411.038961038961,
                426.6233766233766,
                444.15584415584414,
                457.7922077922078,
                467.53246753246754,
                471.42857142857144,
                473.3766233766234,
                473.3766233766234,
                471.42857142857144,
                467.53246753246754,
                473.3766233766234,
                479.2207792207792
            ]
        }
    },
    "C": 0.21,
    "Si": 0.26,
    "Mn": 0.81,
    "P": 0.026,
    "S": 0.018,
    "Cr": 0.59,
    "Mo": 0.17,
    "Ni": 0.53,
    "Ms:": 400,
    "Mf:": "",
    "Ac1:": 725,
    "Ac3:": 865,
    "Austenitization Temp:": 900.0,
    "Status": 1
}