{
    "Ferrite": {
        "1": {
            "Time": [
                54.14362779575486,
                41.035725759801736,
                29.972676180072003,
                23.140139411863306,
                17.86513986216839,
                14.311931019292345,
                11.255488950685107,
                10.262093211115305,
                9.708651421671265,
                9.88973354390657,
                10.84708395633082,
                11.679270855560686,
                12.345047829206571,
                13.540078673891951,
                14.311931019292345
            ],
            "Temperature": [
                755.7788944723618,
                747.7386934673367,
                735.678391959799,
                723.6180904522613,
                715.5778894472362,
                703.5175879396985,
                693.4673366834171,
                681.4070351758794,
                665.3266331658292,
                659.2964824120603,
                649.2462311557789,
                641.2060301507538,
                635.175879396985,
                625.1256281407035,
                615.0753768844221
            ]
        }
    },
    "Pearlite": {
        "1": {
            "Time": [
                2482.353134482888,
                1535.3091091590147,
                1121.3965858553468,
                819.0730422076734,
                525.6616089736956,
                301.9505288182033,
                216.50778414883496,
                144.18115732215503,
                117.6592303556895,
                79.8153968549517,
                60.49248766825959,
                56.1821966953106,
                54.14362779575486,
                56.1821966953106,
                65.13346361552964,
                71.43854230931977,
                76.91929817414344,
                85.93882393331938,
                94.25791242751951
            ],
            "Temperature": [
                711.5577889447236,
                711.5577889447236,
                713.5678391959799,
                713.5678391959799,
                711.5577889447236,
                703.5175879396985,
                695.4773869346734,
                685.427135678392,
                681.4070351758794,
                667.3366834170854,
                643.21608040201,
                627.1356783919598,
                611.0552763819096,
                598.9949748743719,
                580.9045226130654,
                570.854271356784,
                562.8140703517588,
                552.7638190954774,
                546.7336683417086
            ]
        },
        "99": {
            "Time": [
                2722.6509935231934,
                1479.6004757264354,
                1100.8636895207212,
                706.5081482042692,
                421.11244273285115,
                325.11613492115805,
                224.659547398658,
                176.68147296146924,
                155.24271734347943,
                144.18115732215503,
                144.18115732215503,
                141.54118427957238,
                141.54118427957238,
                149.60974116821095,
                164.09233028693603,
                183.3337304951837,
                208.65180732273868,
                237.46626756274415
            ],
            "Temperature": [
                665.3266331658292,
                665.3266331658292,
                661.3065326633166,
                653.2663316582915,
                659.2964824120603,
                657.286432160804,
                647.2361809045226,
                635.175879396985,
                627.1356783919598,
                619.0954773869347,
                619.0954773869347,
                609.0452261306533,
                596.9849246231156,
                588.9447236180905,
                582.9145728643216,
                576.8844221105528,
                562.8140703517588,
                554.7738693467337
            ]
        }
    },
    "Bainite": {
        "1": {
            "Time": [
                1.7090107058596518,
                1.7090107058596518,
                1.8744471250339856,
                1.9094086092480917,
                2.018254469665254,
                2.0558981944942336,
                2.1730946954558252,
                2.3398142436426705,
                3.998767592108227,
                5.276080296864741,
                6.346995907714116,
                8.851777677535127,
                11.897108231817192,
                15.409940543777063,
                23.140139411863306,
                36.05639837801624,
                41.80110871417004,
                56.1821966953106,
                71.43854230931977,
                92.53203955702537
            ],
            "Temperature": [
                428.14070351758795,
                450.25125628140705,
                462.31155778894475,
                474.37185929648246,
                486.4321608040201,
                500.5025125628141,
                508.5427135678392,
                514.572864321608,
                528.643216080402,
                534.6733668341709,
                534.6733668341709,
                536.6834170854272,
                538.6934673366834,
                540.7035175879397,
                540.7035175879397,
                540.7035175879397,
                540.7035175879397,
                544.7236180904523,
                544.7236180904523,
                544.7236180904523
            ]
        },
        "99": {
            "Time": [
                46.70268979667022,
                45.008084449331825,
                45.008084449331825,
                45.84755834697725,
                50.28571420802845,
                62.77009833155804,
                81.30408367887931,
                90.83776761093522,
                109.27561880267424,
                133.9077702483233
            ],
            "Temperature": [
                428.14070351758795,
                444.2211055276382,
                456.2814070351759,
                468.3417085427136,
                488.4422110552764,
                508.5427135678392,
                514.572864321608,
                520.6030150753769,
                526.6331658291458,
                530.6532663316583
            ]
        }
    },
    "C": 0.22,
    "Si": 0.3,
    "Mn": 0.76,
    "P": 0.013,
    "S": 0.016,
    "Cr": 0.76,
    "Ni": 0.07,
    "V": 0.1,
    "Al": 0.05,
    "Ms:": 420,
    "Mf:": "",
    "Ac1:": 726,
    "Ac3:": 853,
    "Austenitization Temp:": 920.0,
    "Austenitization Time:": 900.0,
    "Status": 1
}