{
    "Ferrite": {
        "1": {
            "Time": [
                1471.6466530777107,
                868.1773642113099,
                595.5218228043582,
                371.75704614748787,
                250.24354989666688,
                162.21667599037062,
                113.3888261224026,
                82.30308194366923,
                69.46183439927414,
                58.62412833354796,
                58.62412833354796,
                74.90113587481052,
                134.3507543179148,
                195.86231653822614,
                264.8009317217005,
                358.004207649589,
                552.2751791899291,
                746.66216861435,
                990.6203163493248
            ],
            "Temperature": [
                721.0526315789474,
                710.9311740890688,
                700.8097165991903,
                686.6396761133603,
                676.5182186234817,
                660.3238866396762,
                648.1781376518219,
                634.0080971659919,
                625.910931174089,
                607.6923076923076,
                599.5951417004048,
                587.4493927125507,
                573.2793522267207,
                567.2064777327935,
                561.1336032388664,
                555.0607287449393,
                548.9878542510121,
                542.914979757085,
                540.8906882591093
            ]
        }
    },
    "Pearlite": {
        "1": {
            "Time": [
                112325.27480385304,
                84663.14680918849,
                67525.52041805956,
                48098.135346709685,
                38362.04703972026,
                33620.409691809946,
                33620.409691809946,
                33620.409691809946,
                37645.77434289812,
                48098.135346709685,
                61452.597647704606,
                74198.58691522841,
                84663.14680918849,
                118859.55676475342
            ],
            "Temperature": [
                662.3481781376518,
                658.2995951417004,
                656.2753036437247,
                650.2024291497976,
                644.1295546558704,
                638.0566801619433,
                631.9838056680162,
                621.8623481781376,
                613.7651821862348,
                601.6194331983805,
                593.5222672064777,
                589.4736842105262,
                585.4251012145749,
                581.3765182186235
            ]
        },
        "99": {
            "Time": [
                100314.62557398801,
                83082.36827503802,
                84663.14680918849,
                91292.80730326242,
                102223.27611032987
            ],
            "Temperature": [
                646.1538461538462,
                634.0080971659919,
                627.9352226720648,
                617.8137651821862,
                607.6923076923076
            ]
        }
    },
    "Bainite": {
        "1": {
            "Time": [
                5.771053706620194,
                6.462020765115605,
                7.373388570675353,
                9.599854832522524,
                13.995081869650717,
                19.647854947586076,
                31.474121375335084,
                46.75735457482791,
                73.50262764263653,
                144.87126910881832,
                236.48645742190843,
                378.8303346281893,
                562.7831216852314,
                901.5286568006322
            ],
            "Temperature": [
                372.8744939271255,
                403.2388663967611,
                423.4817813765182,
                447.7732793522267,
                465.9919028340081,
                476.11336032388664,
                496.3562753036437,
                506.47773279352225,
                518.6234817813765,
                532.7935222672065,
                534.8178137651821,
                538.8663967611336,
                540.8906882591093,
                540.8906882591093
            ]
        },
        "99": {
            "Time": [
                3996.106994217949,
                4824.946438112178,
                6049.492785946926,
                6902.679918189042,
                8987.011132645872,
                12616.967359761094,
                22208.598153883904,
                34260.09321376037,
                66264.72516998318,
                87915.50686505232,
                104168.24185842744
            ],
            "Temperature": [
                401.21457489878543,
                431.57894736842104,
                455.87044534412956,
                463.9676113360324,
                478.13765182186233,
                488.2591093117409,
                496.3562753036437,
                502.42914979757086,
                500.40485829959516,
                498.3805668016194,
                498.3805668016194
            ]
        }
    },
    "C": 0.23,
    "Si": 0.21,
    "Mn": 1.54,
    "P": 0.012,
    "S": 0.011,
    "Cr": 0.23,
    "Mo": 0.51,
    "Ni": 1.07,
    "Al": 0.042,
    "Ms:": 370,
    "Mf:": "",
    "Ac1:": 715,
    "Ac3:": 795,
    "Austenitization Temp:": 860.0,
    "Austenitization Time:": 600.0,
    "Status": 1
}