{
    "Ferrite": {
        "1": {
            "Time": [
                1.345423659028102,
                1.560589176761748,
                1.712210070185467,
                2.099653600438444,
                2.48102346914399,
                2.9865362138097193,
                3.4005066161408446,
                4.491061407077095,
                6.042380271229561,
                9.086345820125413,
                12.224984640507829,
                16.447783566594392,
                25.196619745510894,
                37.88990269215949,
                55.93079683905688,
                75.25061733556132,
                158.00022962382684,
                204.8374666323455,
                414.4285481839419,
                854.1686429342734,
                1517.7773017322697,
                2747.4270796395294,
                6098.666701068878,
                12338.863726127604,
                24055.14913187474,
                46034.90468901619,
                61936.44990970603,
                94881.42705934665
            ],
            "Temperature": [
                606.9767441860465,
                636.8770764119602,
                660.7973421926911,
                686.7109634551496,
                704.6511627906976,
                728.5714285714286,
                746.5116279069767,
                764.4518272425249,
                784.3853820598007,
                800.3322259136213,
                810.2990033222592,
                818.2724252491694,
                824.2524916943521,
                824.2524916943521,
                824.2524916943521,
                824.2524916943521,
                824.2524916943521,
                824.2524916943521,
                824.2524916943521,
                824.2524916943521,
                826.2458471760797,
                826.2458471760797,
                828.2392026578073,
                828.2392026578073,
                830.2325581395348,
                830.2325581395348,
                832.2259136212624,
                834.21926910299
            ]
        }
    },
    "Pearlite": {
        "1": {
            "Time": [
                6098.666701068878,
                2240.4516211039477,
                1192.6419114362727,
                600.5144883981757,
                406.81407769162894,
                270.52958425353245,
                176.59559477043018,
                149.45024946065232,
                138.7656196056246,
                149.45024946065232,
                170.16587969866387,
                190.19304469724244,
                228.94520050591217,
                280.751540313783,
                350.7247731191815,
                422.18554117991795,
                709.5887335728877
            ],
            "Temperature": [
                742.5249169435216,
                736.5448504983389,
                736.5448504983389,
                732.5581395348837,
                726.578073089701,
                720.5980066445183,
                706.6445182724252,
                700.6644518272425,
                692.6910299003323,
                660.7973421926911,
                646.843853820598,
                632.890365448505,
                620.9302325581396,
                608.9700996677741,
                597.0099667774086,
                589.0365448504983,
                567.109634551495
            ]
        },
        "99": {
            "Time": [
                100309.54994397706,
                61936.44990970603,
                39687.86329674884,
                27389.486655796638,
                15414.145817536422,
                9170.9876241071,
                6098.666701068878,
                4131.496436933465,
                2851.2385683693437,
                1728.1597767017117,
                1149.2187010036985,
                709.5887335728877,
                611.7545120425398,
                623.2049188399607,
                736.4005326426457,
                1149.2187010036985,
                1604.6086443948611,
                2412.9611832536084,
                4055.586710525911,
                5986.613325785645,
                10836.756846885351,
                18213.88895869764,
                30050.54473501904,
                46896.55486926542,
                98466.52027941225
            ],
            "Temperature": [
                724.5847176079734,
                728.5714285714286,
                728.5714285714286,
                728.5714285714286,
                724.5847176079734,
                720.5980066445183,
                714.6179401993355,
                708.6378737541528,
                702.6578073089701,
                696.6777408637874,
                688.7043189368771,
                676.7441860465117,
                662.7906976744187,
                650.8305647840532,
                640.8637873754153,
                622.9235880398671,
                612.9568106312292,
                600.9966777408638,
                585.0498338870432,
                575.0830564784053,
                563.1229235880398,
                555.1495016611295,
                543.1893687707641,
                539.2026578073089,
                529.235880398671
            ]
        }
    },
    "Bainite": {
        "1": {
            "Time": [
                2.48102346914399,
                1.8101648222725664,
                1.345423659028102,
                1.1176920134285628,
                0.9635907391680708,
                0.8307361074919359,
                0.72960407057218,
                0.6527773857255111,
                0.6061084455974045,
                0.5733096629695036
            ],
            "Temperature": [
                575.0830564784053,
                561.1295681063123,
                547.1760797342192,
                533.2225913621262,
                517.2757475083056,
                493.3554817275748,
                469.43521594684387,
                453.48837209302326,
                419.6013289036545,
                403.6544850498339
            ]
        },
        "99": {
            "Time": [
                141.36294052880908,
                173.35092943223313,
                204.8374666323455,
                296.8132070498795,
                446.33858217713464,
                778.5296690540468,
                1128.1036211513276,
                1634.6426226774793,
                3246.4550642658455,
                4208.826990208891,
                5986.613325785645,
                9002.48520081813
            ],
            "Temperature": [
                407.64119601328906,
                429.56810631229234,
                447.50830564784053,
                465.4485049833887,
                477.4086378737542,
                487.37541528239205,
                491.3621262458472,
                497.34219269102994,
                497.34219269102994,
                501.32890365448503,
                501.32890365448503,
                501.32890365448503
            ]
        }
    },
    "C": 0.24,
    "Si": 0.25,
    "Mn": 0.7,
    "Cr": 1.1,
    "Mo": 0.25,
    "Ms:": 400,
    "Mf:": 330,
    "Ac1:": 735,
    "Ac3:": 830,
    "Austenitization Temp:": 850.0,
    "Status": 1
}