{
    "Ferrite": {
        "1": {
            "Time": [
                1.2049573077773077,
                1.4251026703029983,
                1.5643430022865399,
                1.815972684825851,
                2.1881695573048865,
                2.736824591832825,
                3.6199656827278566,
                4.6996420103369445,
                6.951927961775608,
                9.195233309991076,
                13.602014668813952,
                22.086635025323876,
                32.67157270199673,
                54.04972918444515,
                103.79927783199152,
                284.080416185082,
                682.3514160651681,
                2563.9342424954552,
                4570.029761458137,
                8299.049215649162,
                17171.87876914551,
                30042.273359919534,
                38282.11745620112,
                91952.33309991079
            ],
            "Temperature": [
                581.063122923588,
                638.8704318936877,
                656.8106312292359,
                686.7109634551496,
                714.6179401993355,
                736.5448504983389,
                756.4784053156146,
                772.4252491694352,
                786.3787375415283,
                794.3521594684386,
                802.3255813953489,
                808.3056478405316,
                810.2990033222592,
                816.2790697674419,
                816.2790697674419,
                810.2990033222592,
                808.3056478405316,
                812.2923588039868,
                822.2591362126245,
                822.2591362126245,
                822.2591362126245,
                822.2591362126245,
                822.2591362126245,
                818.2724252491694
            ]
        }
    },
    "Pearlite": {
        "1": {
            "Time": [
                16237.767391887237,
                5404.972918444521,
                3147.572255259679,
                1832.9807108324383,
                885.8667904100822,
                496.99987019280695,
                342.3047734786335,
                244.7169028802865,
                165.43350905523408,
                137.2940833566931,
                137.2940833566931,
                153.54469561408155,
                178.24286152558125,
                210.80778238617776,
                258.79475223426266,
                323.68416779565194,
                390.02560339718707,
                633.3145024843983
            ],
            "Temperature": [
                742.5249169435216,
                740.531561461794,
                738.5382059800664,
                734.5514950166113,
                728.5714285714286,
                726.578073089701,
                718.6046511627907,
                712.624584717608,
                702.6578073089701,
                688.7043189368771,
                678.7375415282393,
                660.7973421926911,
                644.8504983388705,
                632.890365448505,
                618.936877076412,
                610.9634551495017,
                599.0033222591362,
                577.0764119601329
            ]
        },
        "99": {
            "Time": [
                73518.5209212245,
                31183.66279190926,
                19565.816480842583,
                12507.36983656652,
                8776.46930091519,
                5823.474608944955,
                4086.354429261437,
                2711.429898065308,
                1832.9807108324383,
                1465.5205169303767,
                954.458577073746,
                645.2330419138176,
                621.6161185226983,
                621.6161185226983,
                721.6051019723361,
                885.8667904100822,
                1286.2095826700797,
                1974.9065886699234,
                2711.429898065308,
                4163.256783773577,
                5016.5466857614265,
                8145.751819393673
            ],
            "Temperature": [
                730.5647840531561,
                724.5847176079734,
                718.6046511627907,
                714.6179401993355,
                710.6312292358804,
                710.6312292358804,
                708.6378737541528,
                702.6578073089701,
                700.6644518272425,
                694.6843853820599,
                688.7043189368771,
                676.7441860465117,
                672.7574750830565,
                664.7840531561462,
                642.8571428571429,
                632.890365448505,
                614.9501661129568,
                606.9767441860465,
                600.9966777408638,
                595.0166112956811,
                593.0232558139535,
                581.063122923588
            ]
        }
    },
    "Bainite": {
        "1": {
            "Time": [
                0.4656034550061407,
                0.5610322856360122,
                0.639245995627774,
                0.756036059924874,
                0.9109911753496392,
                1.0977054740581866,
                1.654335090552342,
                2.06913808111479,
                3.1183662791909224,
                4.878194467418633,
                6.951927961775608,
                10.283613577250437,
                15.211997130533991,
                21.278216464157975,
                35.2013001610251,
                59.33068359712798,
                125.07369836566527,
                235.75973551220946
            ],
            "Temperature": [
                405.6478405315615,
                435.5481727574751,
                461.46179401993356,
                479.40199335548175,
                503.3222591362126,
                529.235880398671,
                561.1295681063123,
                569.1029900332226,
                583.0564784053156,
                589.0365448504983,
                595.0166112956811,
                600.9966777408638,
                606.9767441860465,
                608.9700996677741,
                614.9501661129568,
                616.9435215946844,
                616.9435215946844,
                614.9501661129568
            ]
        },
        "99": {
            "Time": [
                129.82559566132375,
                162.3776739188723,
                192.04402944883495,
                254.0143779225533,
                355.3098828552555,
                545.5594781168519,
                777.4782690734357,
                1171.7255794625853,
                1638.9846975681505,
                2612.1857056211948,
                3653.86953546157,
                9815.283182118697
            ],
            "Temperature": [
                407.64119601328906,
                437.54152823920265,
                455.48172757475083,
                475.4152823920266,
                487.37541528239205,
                495.34883720930236,
                501.32890365448503,
                507.30897009966776,
                511.2956810631229,
                513.2890365448504,
                515.282392026578,
                519.2691029900332
            ]
        }
    },
    "C": 0.25,
    "Si": 0.25,
    "Mn": 0.7,
    "Cr": 1.05,
    "Mo": 0.25,
    "Ms:": 400,
    "Mf:": 340,
    "Ac1:": 735,
    "Ac3:": 820,
    "Austenitization Temp:": 875.0,
    "Status": 1
}