{
    "Ferrite": {
        "1": {
            "Time": [
                1.1603872839718878,
                1.2973441017673832,
                1.3464986488036543,
                1.4237444112026658,
                1.6520949103856157,
                3.108834317921021,
                4.186041208435085,
                6.071708341248697,
                8.175547077421246,
                13.257952137446063,
                21.903395248410725,
                36.86564218118899,
                56.53993648537564,
                106.39418702511668,
                245.64592036157435,
                588.6429562033691,
                1107.6805646840075,
                2330.393930544461,
                4147.303462134147,
                10906.491382822947,
                22945.62361425623,
                48274.15385632834,
                96051.3260025179
            ],
            "Temperature": [
                544.0,
                590.0,
                626.0,
                648.0,
                678.0,
                742.0,
                762.0,
                782.0,
                796.0,
                804.0,
                804.0,
                802.0,
                798.0,
                798.0,
                796.0,
                800.0,
                802.0,
                806.0,
                810.0,
                808.0,
                810.0,
                816.0,
                820.0
            ]
        }
    },
    "Pearlite": {
        "1": {
            "Time": [
                11111.18633236218,
                4994.816244343417,
                3196.764417770309,
                2084.3810674170104,
                1384.5829429565224,
                658.1186107653507,
                413.4470706762109,
                330.7618998509901,
                215.6661398130657,
                166.23665187922143,
                148.68753533308706,
                143.25962906988286,
                160.1681071159501,
                172.53512528563493,
                192.8988969707099,
                236.6785040500847,
                290.3941658509926,
                421.20671805488143,
                526.5016430471144,
                1238.4165761592203
            ],
            "Temperature": [
                742.0,
                740.0,
                740.0,
                740.0,
                740.0,
                732.0,
                724.0,
                718.0,
                712.0,
                704.0,
                700.0,
                686.0,
                664.0,
                652.0,
                642.0,
                624.0,
                610.0,
                598.0,
                590.0,
                556.0
            ]
        },
        "99": {
            "Time": [
                87523.87034906117,
                38619.818534699094,
                25653.822537106444,
                17360.78319637906,
                9399.00973879268,
                5904.700125774965,
                3922.2900290264547,
                2374.1311739232633,
                1410.5690392814813,
                1028.283945317513,
                792.6069451556249,
                622.4121500849499,
                645.9944728207744,
                853.8062979397713,
                1359.0755734314605,
                1864.3390618475423,
                2374.1311739232633,
                4070.9000928167898,
                7244.80862555147,
                17360.78319637906,
                26625.809864788018,
                45655.02236793899,
                65001.0829396858,
                87523.87034906117,
                96051.3260025179
            ],
            "Temperature": [
                730.0,
                720.0,
                718.0,
                718.0,
                716.0,
                712.0,
                708.0,
                702.0,
                696.0,
                692.0,
                684.0,
                672.0,
                648.0,
                636.0,
                618.0,
                608.0,
                600.0,
                592.0,
                582.0,
                566.0,
                554.0,
                540.0,
                532.0,
                528.0,
                526.0
            ]
        }
    },
    "Bainite": {
        "1": {
            "Time": [
                0.5120197056898922,
                0.5831956372774852,
                0.6166523300631058,
                0.6642657451654531,
                0.7566054201984158,
                0.8779553085824484,
                1.4237444112026658,
                1.7468720800631719,
                2.5813320649216727,
                3.540993815437557,
                5.0414701548324246,
                7.877095004170819,
                11.639889460002781,
                19.95880750127167,
                32.36638625727591,
                48.72505694120083,
                102.5102187232112,
                151.47812916146097,
                269.57921631822813
            ],
            "Temperature": [
                408.0,
                432.0,
                446.0,
                460.0,
                486.0,
                508.0,
                548.0,
                560.0,
                572.0,
                578.0,
                588.0,
                596.0,
                604.0,
                604.0,
                606.0,
                608.0,
                612.0,
                612.0,
                612.0
            ]
        },
        "99": {
            "Time": [
                128.13612953784252,
                192.8988969707099,
                254.9530994902511,
                362.98805051804203,
                546.4500512932972,
                749.6037717773496,
                1087.2744072754872,
                1636.8063763466726,
                2704.1594836490563,
                3922.2900290264547,
                5584.338507942353,
                7950.670740946755,
                11532.173586598597,
                20145.23206087106
            ],
            "Temperature": [
                398.0,
                448.0,
                466.0,
                482.0,
                492.0,
                498.0,
                504.0,
                508.0,
                510.0,
                506.0,
                506.0,
                510.0,
                510.0,
                510.0
            ]
        }
    },
    "C": 0.25,
    "Si": 0.25,
    "Mn": 0.7,
    "Cr": 1.05,
    "Mo": 0.25,
    "Ms:": 400,
    "Mf:": 320,
    "Ac1:": 735,
    "Ac3:": 820,
    "Austenitization Temp:": 875.0,
    "Status": 1
}