{
    "Ferrite": {
        "1": {
            "Time": [
                10.109899431191296,
                9.22974863291705,
                8.124752245776515,
                7.553783911600736,
                7.022940473393439,
                6.649435996665045,
                6.896164220619982,
                7.553783911600736,
                9.22974863291705,
                13.779723598335568,
                38.218926206331176,
                55.018193843159345,
                93.31183045396673,
                200.54654753157064,
                352.7510819044429,
                576.8673370625643,
                861.2447395674875,
                1514.8852842710508,
                2522.892433054543,
                4686.904192314183,
                7126.037464183486,
                12085.88565379048
            ],
            "Temperature": [
                530.3921568627451,
                545.0980392156863,
                561.437908496732,
                576.1437908496732,
                600.6535947712418,
                626.7973856209151,
                639.8692810457517,
                651.3071895424837,
                664.3790849673203,
                680.718954248366,
                713.3986928104575,
                719.9346405228758,
                729.7385620915032,
                733.0065359477125,
                742.8104575163399,
                749.3464052287582,
                754.2483660130719,
                755.8823529411765,
                757.5163398692811,
                762.4183006535948,
                765.686274509804,
                768.9542483660131
            ]
        }
    },
    "Pearlite": {
        "1": {
            "Time": [
                3197.0309117805227,
                1784.770086923554,
                1111.4401362609249,
                758.1355040383844,
                463.5955307185394,
                288.69750989604023,
                193.37147282195036,
                136.79680347652237,
                116.11101398450268,
                100.36499758406853,
                93.31183045396673,
                91.62739011886731,
                100.36499758406853,
                114.0150088546786,
                131.90254178484815,
                173.35008168291282,
                219.6707090793234,
                316.2277660168377,
                408.0933272553254,
                598.2720777958299,
                731.011233147434,
                926.3436992442802,
                1173.8706742369689,
                1487.5389781975293
            ],
            "Temperature": [
                736.2745098039215,
                734.6405228758169,
                729.7385620915032,
                723.2026143790849,
                713.3986928104575,
                701.9607843137255,
                693.7908496732026,
                683.9869281045752,
                672.5490196078431,
                657.843137254902,
                643.1372549019608,
                631.6993464052288,
                608.8235294117646,
                595.7516339869281,
                590.8496732026144,
                579.4117647058823,
                576.1437908496732,
                571.2418300653595,
                567.9738562091503,
                559.8039215686274,
                558.1699346405229,
                554.9019607843137,
                548.3660130718954,
                538.562091503268
            ]
        },
        "99": {
            "Time": [
                15315.337873771969,
                7526.31305079589,
                5228.226937331201,
                2866.0151449032187,
                1752.551892203046,
                1052.3298721084957,
                800.7206202598343,
                576.8673370625643,
                455.22682755073083,
                333.9905486546954,
                278.3686050732866,
                240.61855475131654,
                215.70527188863784,
                207.98785436083782,
                232.00979968616255,
                359.2359130214154,
                463.5955307185394,
                643.4937065372034,
                786.2662246773056,
                996.3632980336307,
                1434.318399566729,
                1885.0221410423105,
                2141.3921314767185,
                2713.590460250369
            ],
            "Temperature": [
                723.2026143790849,
                721.5686274509803,
                719.9346405228758,
                716.6666666666666,
                711.7647058823529,
                703.5947712418301,
                698.6928104575163,
                690.5228758169935,
                682.3529411764706,
                672.5490196078431,
                666.0130718954249,
                659.4771241830065,
                646.4052287581699,
                631.6993464052288,
                621.8954248366013,
                599.0196078431372,
                590.8496732026144,
                582.6797385620915,
                577.7777777777778,
                572.875816993464,
                566.3398692810458,
                559.8039215686274,
                558.1699346405229,
                548.3660130718954
            ]
        }
    },
    "Bainite": {
        "1": {
            "Time": [
                11.696016564477086,
                10.67778108291599,
                9.748191465542444,
                8.274114356578988,
                7.022940473393439,
                6.1821457606830315,
                5.059573672426131,
                4.37343609347208,
                3.579294790701401,
                3.327759245696544,
                3.579294790701401,
                4.619095719403756,
                5.747694424835351,
                7.834068087519317,
                11.277561130125275,
                16.234654029409324,
                24.23782641729023,
                36.18631036857807,
                48.43135081615979,
                82.14042810814624,
                109.93582516082043,
                189.88078244652618,
                316.2277660168377,
                679.639295465157,
                1542.7343136122158
            ],
            "Temperature": [
                368.62745098039215,
                388.2352941176471,
                399.6732026143791,
                412.7450980392157,
                429.08496732026146,
                437.2549019607843,
                447.05882352941177,
                455.2287581699346,
                474.83660130718954,
                487.90849673202615,
                499.34640522875816,
                509.1503267973856,
                515.686274509804,
                518.9542483660131,
                518.9542483660131,
                522.2222222222222,
                523.8562091503268,
                523.8562091503268,
                523.8562091503268,
                523.8562091503268,
                527.124183006536,
                530.3921568627451,
                532.0261437908497,
                532.0261437908497,
                533.6601307189542
            ]
        },
        "99": {
            "Time": [
                2220.8487767704414,
                204.23331295497596,
                120.41932889668036,
                86.75432583333172,
                55.018193843159345,
                38.218926206331176,
                28.555923019901073,
                22.127722116569522,
                20.201319938442772,
                19.83665108604738,
                21.336045265014103,
                25.59928574670765,
                38.921527260258564,
                53.04977476004904,
                73.63573185961815,
                98.55323535263142,
                118.24555121241087
            ],