{
    "Ferrite": {
        "1": {
            "Time": [
                105998.47095266977,
                42250.53607992627,
                21000.856980027154,
                10829.801736899326,
                4646.33500163462,
                2145.6452659607367,
                1086.3057139258412,
                602.9661650451097,
                387.74713883680533,
                288.88104156588196,
                231.65776970478646,
                189.21869718404812,
                192.73180798752819,
                219.21932098857448,
                273.3700918352419,
                457.5649290233137,
                972.7830140479874,
                1485.1522312429906,
                2987.900826618257,
                5383.011400575574,
                9698.050042552071,
                16533.907337203796,
                33263.71153125115,
                48949.35843383209,
                70718.6488939686,
                102169.41470537845
            ],
            "Temperature": [
                791.2429378531074,
                783.3333333333334,
                783.3333333333334,
                783.3333333333334,
                775.4237288135594,
                771.4689265536723,
                761.5819209039548,
                747.7401129943503,
                731.9209039548023,
                724.0112994350283,
                712.1468926553672,
                696.3276836158192,
                680.5084745762712,
                666.6666666666666,
                648.8700564971751,
                633.0508474576271,
                617.2316384180791,
                605.3672316384182,
                593.5028248587571,
                587.5706214689266,
                581.638418079096,
                579.6610169491526,
                573.728813559322,
                571.7514124293785,
                573.728813559322,
                575.7062146892656
            ]
        }
    },
    "Pearlite": {
        "1": {
            "Time": [
                100307.0730486761,
                48949.35843383209,
                29244.57221600358,
                21390.767378084227,
                14806.056902111839,
                10248.314944192874,
                8218.267873637935,
                6590.344579636525,
                5383.011400575574,
                4084.9343996802518,
                4084.9343996802518,
                5284.889997035149,
                7777.002710753037,
                11444.281942857933,
                18463.39600358076,
                28188.15026069956,
                37835.20910005974,
                52687.11204912288,
                77531.94739297271,
                100307.0730486761
            ],
            "Temperature": [
                714.1242937853108,
                714.1242937853108,
                712.1468926553672,
                710.1694915254237,
                706.2146892655367,
                698.3050847457628,
                696.3276836158192,
                690.3954802259886,
                684.4632768361582,
                668.6440677966102,
                654.8022598870057,
                644.9152542372881,
                637.0056497175142,
                627.1186440677966,
                621.1864406779662,
                615.2542372881355,
                615.2542372881355,
                615.2542372881355,
                615.2542372881355,
                615.2542372881355
            ]
        },
        "99": {
            "Time": [
                100307.0730486761,
                78971.43686232554,
                65701.69360278724,
                50783.85897641089,
                40724.29067587234,
                35151.08609352304,
                29787.538762778146,
                26188.41339056983,
                29787.538762778146,
                36468.461613326224,
                47181.12682607931,
                62173.95892983422,
                77531.94739297271,
                86579.83974690271,
                98478.67811131525
            ],
            "Temperature": [
                690.3954802259886,
                690.3954802259886,
                686.4406779661017,
                686.4406779661017,
                686.4406779661017,
                680.5084745762712,
                676.5536723163842,
                664.6892655367232,
                658.7570621468926,
                648.8700564971751,
                642.9378531073446,
                638.9830508474577,
                637.0056497175142,
                637.0056497175142,
                637.0056497175142
            ]
        }
    },
    "Bainite": {
        "1": {
            "Time": [
                7.159128973599361,
                7.427435370387234,
                7.565336137225711,
                8.143022207126492,
                8.927551349706082,
                9.6092556334949,
                12.205378869485992,
                16.08390421347527,
                20.808575162852186,
                31.76854589956163,
                62.74847793031506,
                85.78712310047815,
                203.6673619287826,
                591.9753121564678,
                1458.0809117608937,
                2440.5255323329893,
                5188.557148100378,
                15646.148818443608,
                36468.461613326224,
                54661.69432626703,
                70718.6488939686,
                98478.67811131525
            ],
            "Temperature": [
                360.1694915254237,
                381.92090395480227,
                397.7401129943503,
                413.5593220338983,
                431.35593220338984,
                441.2429378531073,
                459.03954802259886,
                466.9491525423729,
                474.8587570621469,
                482.7683615819209,
                488.7005649717514,
                492.6553672316384,
                494.6327683615819,
                496.6101694915254,
                498.58757062146896,
                498.58757062146896,
                500.56497175141243,
                508.47457627118644,
                510.45197740112997,
                510.45197740112997,
                512.4293785310734,
                512.4293785310734
            ]
        },
        "99": {
            "Time": [
                2226.0587285785837,
                2675.654868177016,
                3275.766340673738,
                4820.468112960751,
                7635.243690655998,
                11873.1852442562,
                27169.89016802792,
                35803.71536402847,
                65701.69360278724,
                74731.20711000853,
                102169.41470537845
            ],
            "Temperature": [
                348.30508474576277,
                368.07909604519773,
                375.98870056497174,
                385.8757062146892,
                391.80790960451975,
                395.7627118644068,
                401.6949152542373,
                403.6723163841808,
                403.6723163841808,
                407.6271186440678,
                409.6045197740113
            ]
        }
    },
    "C": 0.3,
    "Si": 0.27,
    "Mn": 0.93,
    "P": 0.017,
    "S": 0.01,
    "Cr": 1.09,
    "Mo": 1.04,
    "Ni": 0.54,
    "V": 0.36,
    "Ms:": 360,
    "Mf:": "",
    "Ac1:": 780,
    "Ac3:": 885,
    "Austenitization Temp:": 935.0,
    "Austenitization Time:": 1800.0,
    "Status": 1
}