{
    "Ferrite": {
        "1": {
            "Time": [
                2448.0094888230497,
                1289.7477380918808,
                936.1611492498348,
                630.1650276473312,
                448.8638162711308,
                313.7540632309996,
                296.5054921330333,
                338.3229931166999,
                424.1876117033615,
                679.5109396054146,
                1314.287307451479,
                2402.3017517831086,
                4149.6186372028815,
                7034.014742524606,
                10449.59817872877,
                20211.262915423216,
                39091.94800120605,
                53856.915075532095,
                86274.00225166412
            ],
            "Temperature": [
                580.5369127516778,
                592.6174496644295,
                598.6577181208054,
                608.7248322147651,
                622.8187919463087,
                630.8724832214765,
                640.9395973154362,
                663.0872483221476,
                683.2214765100671,
                699.3288590604027,
                709.3959731543624,
                713.4228187919463,
                719.4630872483222,
                719.4630872483222,
                727.51677852349,
                731.5436241610738,
                733.5570469798657,
                733.5570469798657,
                737.5838926174497
            ]
        }
    },
    "Pearlite": {
        "1": {
            "Time": [
                80008.806106545,
                36253.100659826,
                22631.153215374427,
                10449.59817872877,
                6281.885857038324,
                3436.7884228683033,
                2313.4306238304002,
                1647.8466003863382,
                1444.1689661889538,
                1314.287307451479,
                1528.1803985289994,
                1916.0246471344842,
                3069.3015834511407,
                3848.2743850412585,
                6049.492785946926,
                8987.011132645872,
                15819.088149974586,
                26814.921800915716,
                45453.94932832334,
                56989.92560466132,
                86274.00225166412
            ],
            "Temperature": [
                713.4228187919463,
                705.3691275167785,
                705.3691275167785,
                703.3557046979865,
                699.3288590604027,
                695.3020134228188,
                685.234899328859,
                677.1812080536913,
                669.1275167785235,
                651.006711409396,
                630.8724832214765,
                614.7651006711409,
                592.6174496644295,
                582.5503355704698,
                576.510067114094,
                568.4563758389262,
                560.4026845637584,
                554.3624161073825,
                546.3087248322147,
                546.3087248322147,
                546.3087248322147
            ]
        },
        "99": {
            "Time": [
                83082.36827503802,
                61452.597647704606,
                39835.73652747758,
                24867.628985999072,
                18393.558468026236,
                15233.874320767673,
                14949.43672984642,
                19463.56428376337,
                31772.133940604785,
                50896.141215805226,
                68810.30436681335,
                87915.50686505232
            ],
            "Temperature": [
                677.1812080536913,
                671.1409395973154,
                665.1006711409395,
                657.0469798657718,
                651.006711409396,
                638.9261744966443,
                628.8590604026846,
                614.7651006711409,
                600.6711409395973,
                586.5771812080536,
                576.510067114094,
                572.48322147651
            ]
        }
    },
    "Bainite": {
        "1": {
            "Time": [
                33.938744377572704,
                33.305060884694676,
                32.07296823640042,
                33.305060884694676,
                35.91305804428079,
                45.88432982662027,
                70.78345990226407,
                153.29884448794442,
                313.7540632309996,
                541.9634345748225,
                1711.1491194075866,
                3776.421757650675,
                8819.211153315107,
                17382.376022408753,
                31772.133940604785,
                62621.834264885554,
                93029.80292704637
            ],
            "Temperature": [
                340.9395973154362,
                359.0604026845637,
                385.234899328859,
                409.39597315436237,
                435.57046979865765,
                459.731543624161,
                467.7852348993288,
                469.79865771812075,
                469.79865771812075,
                469.79865771812075,
                467.7852348993288,
                469.79865771812075,
                469.79865771812075,
                469.79865771812075,
                469.79865771812075,
                469.79865771812075,
                477.85234899328856
            ]
        },
        "99": {
            "Time": [
                2955.7553590661933,
                3996.106994217949,
                4916.748969938727,
                7167.848427634214,
                11267.867884443822,
                18393.558468026236,
                33620.409691809946,
                47200.07635936638,
                66264.72516998318,
                89588.24380017651
            ],
            "Temperature": [
                328.8590604026845,
                336.9127516778523,
                342.95302013422815,
                351.0067114093959,
                359.0604026845637,
                363.0872483221476,
                363.0872483221476,
                363.0872483221476,
                363.0872483221476,
                363.0872483221476
            ]
        }
    },
    "C": 0.3,
    "Si": 0.25,
    "Mn": 0.65,
    "P": 0.0125,
    "S": 0.0175,
    "Cr": 2.0,
    "Mo": 0.4,
    "Ni": 2.0,
    "Cu": 0.2,
    "Ms:": 330,
    "Mf:": 200,
    "Ac1:": 720,
    "Ac3:": 790,
    "Austenitization Temp:": 850.0,
    "Status": 1
}