{
    "Ferrite": {},
    "Pearlite": {
        "1": {
            "Time": [
                130.54101096572413,
                85.11644157007198,
                57.60108796293078,
                41.21677659024665,
                33.59270320241791,
                31.770119071799588,
                38.26242961803705,
                56.53993648537564,
                88.34138406991943,
                151.47812916146097,
                290.3941658509926,
                645.9944728207744,
                1215.6019449413868,
                2654.342319892263,
                6360.618192466829,
                14961.19738313133,
                30896.25119255328,
                50103.19378731845,
                63803.60564119235,
                94281.82806223074
            ],
            "Temperature": [
                784.7682119205298,
                776.8211920529801,
                768.8741721854304,
                756.9536423841059,
                737.0860927152318,
                723.1788079470199,
                699.3377483443709,
                683.4437086092715,
                669.5364238410596,
                655.6291390728477,
                645.6953642384105,
                631.7880794701987,
                621.8543046357615,
                611.9205298013245,
                601.9867549668875,
                592.0529801324503,
                584.1059602649007,
                580.1324503311258,
                578.1456953642385,
                580.1324503311258
            ]
        },
        "99": {
            "Time": [
                20523.321321240404,
                7244.80862555147,
                3256.7618549126414,
                1548.0008608021653,
                936.9926939856301,
                735.7942557051126,
                1087.2744072754872,
                1667.5262464544373,
                3023.3228205863684,
                6980.333583805357,
                10314.755790861765,
                16418.867692938747,
                32066.866783605696,
                65001.0829396858,
                92544.92855749872
            ],
            "Temperature": [
                778.8079470198676,
                766.8874172185431,
                764.9006622516556,
                758.9403973509934,
                750.9933774834437,
                741.0596026490066,
                707.2847682119206,
                685.4304635761589,
                667.5496688741722,
                643.7086092715232,
                629.8013245033112,
                617.8807947019868,
                605.9602649006622,
                603.9735099337748,
                605.9602649006622
            ]
        }
    },
    "Bainite": {
        "1": {
            "Time": [
                3.2871815277554957,
                6.9157373751200515,
                9.846242437172569,
                14.549675166338996,
                34.22317696758635,
                66.83957001513109,
                132.99102763144253,
                312.8162946387789,
                708.9337509558432,
                1437.0428472351618,
                2654.342319892263,
                6851.738941616481,
                13632.939330723795,
                30896.25119255328,
                72672.95387074995,
                97854.03419153523
            ],
            "Temperature": [
                381.4569536423842,
                417.21854304635764,
                435.0993377483444,
                452.98013245033115,
                482.7814569536424,
                502.6490066225166,
                512.5827814569536,
                516.5562913907286,
                516.5562913907286,
                514.5695364238411,
                524.5033112582781,
                526.4900662251655,
                530.4635761589404,
                534.4370860927152,
                528.476821192053,
                528.476821192053
            ]
        },
        "99": {
            "Time": [
                166.23665187922143,
                175.77329487881047,
                200.20756541994723,
                228.03844735924378,
                391.01535193882603,
                610.9458115821773,
                919.7310203463894,
                1606.6524406111207,
                3137.8722786583553,
                8564.563801712524,
                14415.03205192844,
                32668.70338235721,
                45655.02236793899,
                71334.14213809873,
                92544.92855749872
            ],
            "Temperature": [
                373.5099337748345,
                391.3907284768212,
                407.28476821192055,
                417.21854304635764,
                427.1523178807947,
                433.112582781457,
                433.112582781457,
                435.0993377483444,
                435.0993377483444,
                435.0993377483444,
                431.12582781456956,
                429.13907284768214,
                429.13907284768214,
                429.13907284768214,
                429.13907284768214
            ]
        }
    },
    "C": 0.31,
    "Si": 0.2,
    "Mn": 0.55,
    "P": 0.0125,
    "S": 0.0175,
    "Cr": 2.5,
    "Mo": 0.2,
    "V": 0.15,
    "Ms:": 380,
    "Mf:": "",
    "Ac1:": 785,
    "Ac3:": 840,
    "Austenitization Temp:": 870.0,
    "Status": 1
}