{
    "Ferrite": {},
    "Pearlite": {
        "1": {
            "Time": [
                97007.96358455585,
                24725.201618846757,
                9073.683805727587,
                4220.16873110345,
                2579.939362620406,
                818.3305411242908,
                600.2941569316072,
                482.3666887743359,
                424.58860815617487,
                509.4763286323548,
                803.5505313594005,
                1136.0801479556162,
                1727.6947695816793,
                2826.0987638384095,
                3923.444794505203,
                7425.27257873176,
                11291.989055594606,
                22571.582324514948,
                38292.47667285129,
                69875.86173067828,
                95255.88593744523
            ],
            "Temperature": [
                774.4094488188977,
                756.6929133858267,
                742.9133858267717,
                735.0393700787401,
                729.1338582677165,
                707.4803149606299,
                699.6062992125984,
                689.7637795275591,
                679.9212598425197,
                668.1102362204724,
                648.4251968503937,
                628.740157480315,
                616.9291338582677,
                603.1496062992126,
                597.2440944881889,
                581.496062992126,
                569.6850393700787,
                561.8110236220473,
                548.0314960629921,
                540.1574803149606,
                532.2834645669291
            ]
        },
        "99": {
            "Time": [
                97007.96358455585,
                35600.097494568035,
                15964.900894646227,
                10887.779426273595,
                7700.936381160927,
                5649.095176335116,
                4622.827112512946,
                4622.827112512946,
                7159.476476567667,
                10691.13335460527,
                12828.604596993131,
                16862.149240551997,
                26114.790342328106,
                37600.86961347277,
                63789.52090518848,
                93535.4528684504
            ],
            "Temperature": [
                744.8818897637796,
                740.9448818897638,
                731.1023622047244,
                727.1653543307086,
                715.3543307086615,
                705.511811023622,
                693.7007874015748,
                691.732283464567,
                683.8582677165355,
                664.1732283464567,
                658.267716535433,
                652.3622047244095,
                644.488188976378,
                638.5826771653543,
                628.740157480315,
                620.8661417322835
            ]
        }
    },
    "Bainite": {
        "1": {
            "Time": [
                29.66849487594198,
                40.4445640288632,
                48.53061904803196,
                57.181551741592045,
                77.95080068446325,
                91.84609283936013,
                134.67519062725106,
                241.3157966558408,
                323.0240281187848,
                509.4763286323548,
                1095.412863102327,
                1606.2189647182006,
                4457.347742637167,
                10691.13335460527,
                16862.149240551997,
                29668.49487594199,
                56148.78582288248,
                95255.88593744523
            ],
            "Temperature": [
                323.62204724409446,
                353.14960629921256,
                368.89763779527556,
                380.70866141732284,
                394.48818897637796,
                398.4251968503937,
                406.2992125984252,
                412.20472440944883,
                416.14173228346453,
                420.0787401574803,
                420.0787401574803,
                420.0787401574803,
                420.0787401574803,
                422.0472440944882,
                422.0472440944882,
                422.0472440944882,
                420.0787401574803,
                425.98425196850394
            ]
        },
        "99": {
            "Time": [
                21370.530512184727,
                26114.790342328106,
                39714.08774667282,
                53161.06435953303,
                85388.30975888664,
                95255.88593744523
            ],
            "Temperature": [
                325.59055118110234,
                337.4015748031496,
                341.33858267716533,
                343.3070866141732,
                343.3070866141732,
                343.3070866141732
            ]
        }
    },
    "C": 0.3,
    "Si": 0.29,
    "Mn": 0.63,
    "P": 0.01,
    "S": 0.016,
    "Cr": 2.99,
    "Mo": 0.43,
    "Ni": 0.17,
    "Cu": 0.13,
    "Ms:": 320,
    "Mf:": 190,
    "Ac1:": 800,
    "Ac3:": 833,
    "Austenitization Temp:": 870.0,
    "Status": 1
}