{
    "Ferrite": {},
    "Pearlite": {
        "1": {
            "Time": [
                90112.95555144562,
                44832.787758956125,
                31622.776601683756,
                19613.413817991634,
                14352.081556747686,
                10123.231044170612,
                7272.808086810288,
                4944.802340771357,
                3823.374228940033,
                2746.817383680017,
                1902.1962411528186,
                1470.79854473531,
                1366.5901869663157,
                1293.3084873939295,
                1246.650400394278,
                1317.2883502754992,
                1444.0241885954515,
                2163.248359195508,
                3424.320991174657,
                5036.486330526266,
                7827.390868337499,
                12390.39370705678,
                20724.752924638324,
                32209.109912130756,
                73624.31660269307,
                91783.78377150233
            ],
            "Temperature": [
                765.3465346534654,
                767.3267326732673,
                767.3267326732673,
                765.3465346534654,
                761.3861386138614,
                751.4851485148515,
                741.5841584158416,
                737.6237623762377,
                731.6831683168317,
                725.7425742574258,
                723.7623762376238,
                715.8415841584158,
                711.8811881188119,
                707.9207920792079,
                701.980198019802,
                694.059405940594,
                688.1188118811881,
                666.3366336633663,
                654.4554455445544,
                640.5940594059406,
                628.7128712871288,
                620.7920792079208,
                610.8910891089108,
                600.990099009901,
                575.2475247524753,
                569.3069306930693
            ]
        },
        "99": {
            "Time": [
                83728.31290589801,
                52893.73746757299,
                34665.19256306447,
                14889.233487785465,
                10895.170790621563,
                9234.758272715579,
                8901.600206323117,
                9066.6491134128,
                10895.170790621563,
                15446.489275945096,
                21109.020667587,
                28322.24397411219,
                38704.90068788759,
                56927.111605869824,
                68407.91959679856,
                95218.95354084075
            ],
            "Temperature": [
                741.5841584158416,
                743.5643564356435,
                743.5643564356435,
                729.7029702970297,
                723.7623762376238,
                719.8019801980198,
                707.9207920792079,
                694.059405940594,
                688.1188118811881,
                678.2178217821782,
                672.2772277227723,
                670.2970297029703,
                664.3564356435644,
                652.4752475247525,
                646.5346534653465,
                642.5742574257426
            ]
        }
    },
    "Bainite": {
        "1": {
            "Time": [
                62.40404853543022,
                76.37983632839308,
                98.78269058927006,
                125.43081822477353,
                153.5218562158723,
                225.79972270736855,
                326.0602613675859,
                488.4608796535158,
                705.3493254022893,
                963.9234664780795,
                1269.7651529487498,
                1833.571594693598,
                3181.7025386058044,
                5833.8793975521085,
                12854.126015136842,
                27300.475589964146,
                42428.685259992955,
                57982.62492218874,
                95218.95354084075
            ],
            "Temperature": [
                355.4455445544554,
                371.2871287128713,
                385.1485148514852,
                391.08910891089107,
                393.0693069306931,
                397.029702970297,
                399.009900990099,
                404.950495049505,
                406.9306930693069,
                414.8514851485149,
                418.81188118811883,
                422.7722772277228,
                426.73267326732673,
                430.6930693069307,
                432.6732673267327,
                440.5940594059406,
                442.5742574257426,
                448.51485148514854,
                454.45544554455444
            ]
        },
        "99": {
            "Time": [
                946.3762433893486,
                912.2342691203635,
                946.3762433893486,
                999.9999999999998,
                1076.2542851272228,
                2085.205857248752,
                3424.320991174657,
                5833.8793975521085,
                7972.522336639675,
                11943.391253134343,
                20724.752924638324,
                31047.11687867458,
                49146.13414182181,
                64739.62996609884,
                93485.59163176565
            ],
            "Temperature": [
                345.54455445544556,
                361.38613861386136,
                369.30693069306926,
                377.2277227722773,
                385.1485148514852,
                393.0693069306931,
                393.0693069306931,
                397.029702970297,
                397.029702970297,
                399.009900990099,
                404.950495049505,
                404.950495049505,
                404.950495049505,
                404.950495049505,
                404.950495049505
            ]
        }
    },
    "C": 0.33,
    "Si": 0.36,
    "Mn": 0.51,
    "P": 0.013,
    "S": 0.008,
    "Cr": 3.0,
    "Mo": 0.58,
    "Ni": 0.19,
    "Ms:": 350,
    "Mf:": "",
    "Ac1:": 765,
    "Ac3:": 800,
    "Austenitization Temp:": 920.0,
    "Austenitization Time:": 1800.0,
    "Status": 1
}