{
    "Ferrite": {
        "1": {
            "Time": [
                703039.725662679,
                268032.78532846906,
                162456.93488458105,
                81799.69377519462,
                44358.807836820786,
                26886.24806652938,
                14852.928161964344,
                9695.655615935917,
                6691.189901715625,
                6691.189901715625,
                6691.189901715625,
                7341.280397070104,
                8358.871540130116,
                10637.64854316312,
                14580.029048934339,
                21522.162494553973,
                26886.24806652938,
                36173.39425120723,
                54396.438969459545,
                69225.87540419669,
                94881.42705934665,
                142679.77510008565,
                199218.12993989457,
                434094.10945776565,
                757172.1488337391
            ],
            "Temperature": [
                696.2962962962963,
                696.2962962962963,
                696.2962962962963,
                696.2962962962963,
                692.3076923076923,
                688.3190883190883,
                682.3361823361823,
                674.3589743589744,
                660.3988603988604,
                648.4330484330484,
                634.4729344729344,
                618.5185185185185,
                604.5584045584046,
                590.5982905982905,
                580.6267806267806,
                568.6609686609686,
                562.6780626780627,
                554.7008547008547,
                542.7350427350427,
                536.7521367521367,
                530.7692307692307,
                522.7920227920229,
                518.8034188034187,
                506.8376068376068,
                500.85470085470087
            ]
        }
    },
    "Pearlite": {
        "1": {
            "Time": [
                785781.8864961843,
                458928.4341792638,
                328683.9696542052,
                214557.4624407555,
                140058.2594199758,
                94881.42705934665,
                78821.42738856161,
                93138.13058573788,
                104099.74470134563,
                142679.77510008565,
                226832.19636960365,
                299578.10349864245,
                434094.10945776565,
                552435.8819129805,
                629010.2436234447,
                785781.8864961843
            ],
            "Temperature": [
                664.3874643874644,
                662.3931623931624,
                658.4045584045584,
                652.4216524216524,
                644.4444444444445,
                636.4672364672365,
                614.5299145299145,
                600.5698005698006,
                590.5982905982905,
                576.6381766381767,
                562.6780626780627,
                548.7179487179487,
                538.7464387464388,
                532.7635327635328,
                530.7692307692307,
                530.7692307692307
            ]
        }
    },
    "Bainite": {
        "1": {
            "Time": [
                117.4352989585169,
                131.25649574052986,
                131.25649574052986,
                109.03951035451966,
                101.24396091973442,
                99.38376292824375,
                115.27761068488319,
                124.15371850064102,
                144.00887634664252,
                242.04305032445617,
                446.33858217713464,
                764.2254151159934,
                1462.5161520687186,
                3070.777304390463,
                5558.613053440593,
                12805.087496773325,
                31186.004092322015,
                65479.8057757319,
                153665.78582144185,
                273049.64154553175,
                532322.0997954938,
                1057209.5409277002
            ],
            "Temperature": [
                285.47008547008545,
                317.3789173789174,
                331.3390313390313,
                381.1965811965812,
                397.1509971509971,
                419.08831908831905,
                435.04273504273505,
                441.025641025641,
                443.019943019943,
                454.98575498575497,
                458.97435897435895,
                460.96866096866097,
                460.96866096866097,
                464.95726495726495,
                466.9515669515669,
                470.9401709401709,
                474.9287749287749,
                474.9287749287749,
                474.9287749287749,
                472.9344729344729,
                470.9401709401709,
                472.9344729344729
            ]
        },
        "99": {
            "Time": [
                8205.290468144925,
                10062.00580996324,
                14049.18096835458,
                20738.55646662255,
                34856.3477047388,
                64276.71768948271,
                102187.07619006872,
                156541.99796841282,
                253528.53427076509,
                367367.4478245013,
                485183.5192173283,
                629010.2436234447,
                894700.854963131
            ],
            "Temperature": [
                279.48717948717945,
                301.4245014245014,
                311.3960113960114,
                311.3960113960114,
                317.3789173789174,
                317.3789173789174,
                321.36752136752136,
                325.35612535612535,
                325.35612535612535,
                325.35612535612535,
                321.36752136752136,
                321.36752136752136,
                321.36752136752136
            ]
        }
    },
    "C": 0.35,
    "Si": 0.25,
    "Mn": 0.4,
    "Cr": 1.35,
    "Mo": 0.25,
    "Ni": 3.55,
    "Ms:": 270,
    "Mf:": 160,
    "Ac1:": 670,
    "Ac3:": 770,
    "Austenitization Temp:": 850.0,
    "Status": 1
}