{
    "Ferrite": {
        "1": {
            "Time": [
                10.343014586288934,
                9.6092556334949,
                9.434098350782033,
                9.434098350782033,
                10.730645118691035,
                13.381290610332867,
                20.808575162852186,
                58.29694621570224,
                87.37988149829452,
                185.76962328058147,
                501.6484415460951,
                1066.5045592574747,
                1957.0917449731971,
                3937.3714825712323,
                9521.27421746674,
                23887.046229741347,
                50783.85897641089,
                94921.26455376031,
                198124.15020028382
            ],
            "Temperature": [
                561.9672131147541,
                609.1803278688525,
                626.8852459016393,
                642.6229508196722,
                666.2295081967213,
                681.9672131147541,
                689.8360655737705,
                705.5737704918033,
                719.344262295082,
                733.1147540983607,
                737.0491803278688,
                740.983606557377,
                746.8852459016393,
                750.8196721311475,
                758.688524590164,
                764.5901639344262,
                764.5901639344262,
                762.6229508196722,
                762.6229508196722
            ]
        }
    },
    "Pearlite": {
        "1": {
            "Time": [
                201802.6032435468,
                2531.990375928319,
                711.5363154966941,
                366.92775122280176,
                207.44873248125145,
                123.93930446232868,
                78.24838201750431,
                54.16121713503082,
                38.89378057971861,
                31.1894696019023,
                42.640952520767875,
                53.173967759675904,
                72.6972488959187,
                92.33779382985347,
                115.14674466328763,
                148.97127334769516,
                223.2894354981751
            ],
            "Temperature": [
                689.8360655737705,
                689.8360655737705,
                676.0655737704918,
                670.1639344262295,
                664.2622950819672,
                656.3934426229508,
                650.4918032786885,
                640.655737704918,
                630.8196721311475,
                617.0491803278688,
                577.7049180327868,
                563.9344262295082,
                550.1639344262295,
                540.327868852459,
                526.5573770491803,
                514.7540983606557,
                499.016393442623
            ]
        },
        "99": {
            "Time": [
                8370.851556341819,
                2309.4858883218512,
                1431.5030476452482,
                698.5664484926871,
                441.03599389555626,
                366.92775122280176,
                328.58253362435545,
                305.2720786533039,
                334.683129738215,
                549.9791241491857,
                937.642498871475,
                1752.568896616734,
                2531.990375928319,
                3461.632492667196,
                4909.966872108231
            ],
            "Temperature": [
                666.2295081967213,
                664.2622950819672,
                656.3934426229508,
                648.5245901639344,
                640.655737704918,
                634.7540983606557,
                628.8524590163935,
                615.0819672131147,
                597.3770491803278,
                579.672131147541,
                571.8032786885246,
                561.9672131147541,
                556.0655737704918,
                550.1639344262295,
                540.327868852459
            ]
        }
    },
    "Bainite": {
        "1": {
            "Time": [
                6.066749438166377,
                4.603793607339725,
                4.122681271018821,
                4.047533135048142,
                3.9737547975092666,
                4.356601161526686,
                4.955337463080907,
                5.636359277012213
            ],
            "Temperature": [
                530.4918032786885,
                506.88524590163934,
                479.344262295082,
                445.9016393442623,
                416.39344262295083,
                388.8524590163934,
                361.3114754098361,
                335.7377049180328
            ]
        },
        "99": {
            "Time": [
                417.35535672519757,
                402.27893985195084,
                425.1041449497327,
                673.3316484082268,
                937.642498871475,
                1569.4193924620822,
                2675.654868177016,
                5284.889997035149,
                8218.267873637935,
                14271.207444669226,
                25711.051615318,
                35151.08609352304,
                64504.08469737063,
                109971.03073071165
            ],
            "Temperature": [
                341.6393442622951,
                363.27868852459017,
                377.04918032786884,
                398.6885245901639,
                408.5245901639344,
                420.327868852459,
                426.2295081967213,
                430.1639344262295,
                430.1639344262295,
                430.1639344262295,
                430.1639344262295,
                430.1639344262295,
                430.1639344262295,
                432.1311475409836
            ]
        }
    },
    "C": 0.34,
    "Si": 0.25,
    "Mn": 0.75,
    "P": 0.0125,
    "S": 0.01,
    "Cr": 0.95,
    "Ni": 1.4,
    "Ms:": 320,
    "Mf:": "",
    "Ac1:": 705,
    "Ac3:": 775,
    "Austenitization Temp:": 850.0,
    "Status": 1
}