{
    "Ferrite": {
        "1": {
            "Time": [
                409.12859858946337,
                205.4321747028771,
                128.97695792796358,
                84.04817774137392,
                56.84823443592555,
                32.51841581088033,
                21.588964188594478,
                13.554249376408261,
                11.251565118447472,
                8.832662663477777,
                6.43613784447895,
                5.147428188299771,
                4.518419225337045,
                3.8931083958987203,
                3.1721061278090494,
                2.836809604776269,
                2.6332080566402842,
                2.3548738930783584
            ],
            "Temperature": [
                782.0,
                782.0,
                772.0,
                760.0,
                748.0,
                734.0,
                720.0,
                698.0,
                684.0,
                664.0,
                630.0,
                608.0,
                584.0,
                562.0,
                528.0,
                512.0,
                500.0,
                482.0
            ]
        }
    },
    "Pearlite": {
        "1": {
            "Time": [
                2105.960081018986,
                785.0163573240316,
                401.58139581211503,
                234.0303796778472,
                113.21614309294347,
                75.16415538257966,
                37.0453031992162,
                31.91854799677743,
                24.140670378578932,
                21.588964188594478,
                23.258238487055507,
                29.62771191970869,
                38.450824816527714,
                56.84823443592555,
                84.04817774137392,
                128.97695792796358,
                303.7244710332272,
                551.1120312905784,
                1097.5675711646402,
                3417.3756638963673,
                8998.661130738365,
                18258.097654881934,
                38450.82481652768,
                63567.40773357154,
                88876.52424109887
            ],
            "Temperature": [
                736.0,
                714.0,
                708.0,
                702.0,
                698.0,
                690.0,
                670.0,
                666.0,
                646.0,
                622.0,
                600.0,
                574.0,
                562.0,
                548.0,
                530.0,
                516.0,
                496.0,
                488.0,
                478.0,
                470.0,
                456.0,
                454.0,
                448.0,
                448.0,
                454.0
            ]
        },
        "99": {
            "Time": [
                14332.905312701847,
                6557.096728336145,
                3547.0330011369583,
                1781.040742882948,
                845.7143888601995,
                561.4694689023853,
                449.04628224783045,
                416.8176412786115,
                466.08337473641467,
                715.2328275251815,
                1250.3599096551645,
                2490.155197497898,
                5443.134383763512,
                13304.213889054912,
                21994.700839204823,
                39909.6727895747,
                51794.74679231205,
                87237.01736500635
            ],
            "Temperature": [
                716.0,
                712.0,
                708.0,
                698.0,
                682.0,
                670.0,
                652.0,
                640.0,
                618.0,
                604.0,
                594.0,
                586.0,
                572.0,
                560.0,
                556.0,
                550.0,
                544.0,
                536.0
            ]
        }
    },
    "Bainite": {
        "1": {
            "Time": [
                53.7598713828246,
                28.5447081148923,
                17.2661999332244,
                9.876638640998172,
                3.8212921537700963,
                2.8901237710978416,
                2.0671113967000494,
                1.6532131114713484,
                1.5062517834023708,
                1.451192640905744,
                1.4244224635882166,
                1.5633999036728727,
                1.8486145255018347
            ],
            "Temperature": [
                542.0,
                532.0,
                524.0,
                514.0,
                498.0,
                486.0,
                466.0,
                440.0,
                422.0,
                402.0,
                382.0,
                364.0,
                334.0
            ]
        },
        "99": {
            "Time": [
                1883.3568438129194,
                2444.2192588043476,
                3354.335272218247,
                4867.786662173687,
                8509.795771254385,
                12349.352998855184,
                20799.806712591762,
                36361.92781026326,
                59005.09145977023,
                82497.73946189972,
                93982.24653346914
            ],
            "Temperature": [
                336.0,
                356.0,
                370.0,
                384.0,
                392.0,
                398.0,
                400.0,
                404.0,
                408.0,
                416.0,
                420.0
            ]
        }
    },
    "C": 0.38,
    "Si": 0.26,
    "Mn": 0.74,
    "P": 0.023,
    "S": 0.01,
    "Cr": 0.9,
    "Mo": 0.04,
    "Ni": 0.26,
    "Cu": 0.17,
    "Ms:": 320,
    "Mf:": "",
    "Ac1:": 755,
    "Ac3:": 805,
    "Austenitization Temp:": 850.0,
    "Austenitization Time:": 1800.0,
    "Status": 1
}