{
    "Ferrite": {
        "1": {
            "Time": [
                382.82117456201104,
                306.0764809582874,
                188.4966532475459,
                127.4274985703134,
                81.4575181939367,
                63.9245995627774,
                46.56034550061407,
                30.323643102356744,
                20.499387768957977,
                15.789943165317538,
                11.937766417144367,
                9.025381886321306,
                7.774782690734357,
                6.69747237839933,
                5.988636255531958,
                5.158822760860684,
                4.20224898902104,
                3.688090924694503,
                3.359818286283783,
                2.9487342046223093,
                2.5401437792255335
            ],
            "Temperature": [
                787.6254180602007,
                781.6053511705686,
                777.5919732441472,
                773.5785953177258,
                761.5384615384615,
                755.5183946488294,
                747.4916387959867,
                735.4515050167224,
                725.4180602006688,
                713.3779264214047,
                697.3244147157191,
                677.2575250836121,
                661.2040133779265,
                643.14381270903,
                625.0836120401339,
                594.9832775919733,
                570.9030100334448,
                550.8361204013378,
                538.7959866220735,
                512.7090301003345,
                490.6354515050167
            ]
        }
    },
    "Pearlite": {
        "1": {
            "Time": [
                2292.576765367386,
                1286.2095826700797,
                919.5233309991075,
                535.482077040579,
                254.0143779225533,
                162.3776739188723,
                99.99999999999997,
                62.74380470122013,
                40.108725905706066,
                26.613452277974247,
                22.502290168826605,
                22.086635025323876,
                22.086635025323876,
                22.086635025323876,
                24.700887097166675,
                30.323643102356744,
                40.108725905706066,
                55.066907578287655,
                81.4575181939367,
                109.77054740581865,
                142.51026703029984,
                195.65816480842577,
                329.77567920336094,
                535.482077040579,
                972.4208251195046,
                1521.1997130533975,
                2470.0887097166683,
                3722.6328244080855
            ],
            "Temperature": [
                735.4515050167224,
                725.4180602006688,
                723.4113712374582,
                717.3913043478261,
                715.3846153846154,
                709.3645484949833,
                701.3377926421405,
                695.3177257525083,
                685.2842809364548,
                665.2173913043478,
                655.1839464882943,
                639.1304347826087,
                629.0969899665552,
                623.0769230769231,
                601.0033444816054,
                580.9364548494983,
                562.876254180602,
                540.8026755852843,
                522.7424749163879,
                514.7157190635452,
                508.69565217391306,
                502.67558528428094,
                492.6421404682274,
                486.6220735785953,
                478.5953177257525,
                472.5752508361204,
                464.5484949832776,
                458.52842809364546
            ]
        },
        "99": {
            "Time": [
                14519.221135659374,
                8455.231562516932,
                4743.657889100632,
                2814.444653112492,
                1733.2707047636725,
                1009.3657939619375,
                525.5908225102389,
                436.1904103306,
                397.3656145833149,
                436.1904103306,
                695.1927961775605,
                1193.7766417144362,
                2012.0729601238304,
                3147.572255259679,
                5506.690757828763,
                11394.103547946374,
                24019.657012210515,
                36199.65682727854,
                64523.30419138179,
                90253.81886321308
            ],
            "Temperature": [
                711.371237458194,
                711.371237458194,
                707.3578595317726,
                701.3377926421405,
                695.3177257525083,
                685.2842809364548,
                665.2173913043478,
                653.1772575250836,
                637.123745819398,
                621.0702341137123,
                596.989966555184,
                580.9364548494983,
                572.9096989966555,
                566.8896321070234,
                558.8628762541806,
                548.8294314381271,
                538.7959866220735,
                534.7826086956522,
                524.7491638795987,
                522.7424749163879
            ]
        }
    },
    "Bainite": {
        "1": {
            "Time": [
                1.8849665324754596,
                1.5070846685644297,
                1.3987786272617473,
                1.3729408335669313,
                1.451922113565937,
                1.6237767391887221,
                1.8849665324754596,
                2.6862708388625602,
                3.553098828552557,
                4.788086011515862,
                7.082758421520123,
                11.500818374157404,
                17.99122474418159,
                27.624571270698947,
                40.108725905706066,
                56.10322856360124
            ],
            "Temperature": [
                332.1070234113712,
                356.18729096989966,
                374.24749163879596,
                392.3076923076923,
                414.38127090301003,
                430.4347826086956,
                446.4882943143813,
                460.53511705685617,
                468.561872909699,
                480.60200668896323,
                494.6488294314381,
                508.69565217391306,
                518.7290969899666,
                526.7558528428094,
                532.7759197324415,
                538.7959866220735
            ]
        },
        "99": {
            "Time": [
                1832.9807108324383,
                2167.865773136551,
                2814.444653112492,
                4241.6063872289715,
                5715.905239067279,
                7283.6350667929155,
                10774.290078442955,
                16237.767391887237,
                20309.176209047346,
                36199.65682727854,
                54555.94781168522,
                73518.5209212245,
                95445.85770737457
            ],
            "Temperature": [
                334.11371237458195,
                354.180602006689,
                370.23411371237455,
                384.28093645484955,
                390.3010033444816,
                394.314381270903,
                398.32775919732444,
                402.3411371237458,
                402.3411371237458,
                404.3478260869565,
                404.3478260869565,
                410.3678929765886,
                418.39464882943145
            ]
        }
    },
    "C": 0.38,
    "Si": 0.26,
    "Mn": 0.74,
    "P": 0.023,
    "S": 0.01,
    "Cr": 0.9,
    "Mo": 0.04,
    "Ni": 0.26,
    "Cu": 0.17,
    "Ms:": 320,
    "Mf:": "",
    "Ac1:": 755,
    "Ac3:": 805,
    "Austenitization Temp:": 850.0,
    "Austenitization Time:": 1800.0,
    "Status": 1
}