{
    "Ferrite": {
        "1": {
            "Time": [
                169.632161773558,
                154.3563818892252,
                151.4704336774398,
                176.1577032603789,
                197.27950393776192,
                304.51350448734127,
                470.0360278907435,
                859.8569967363344,
                1514.7043367743968,
                2521.3860416772404,
                5466.44418403069,
                8762.397501349735,
                16646.060755636303,
                29323.318310456198,
                54664.44184030686,
                99999.99999999994,
                148638.44304731782,
                197279.50393776206
            ],
            "Temperature": [
                659.5317725752509,
                669.5652173913044,
                683.6120401337793,
                699.6655518394649,
                705.685618729097,
                715.7190635451504,
                725.752508361204,
                737.7926421404683,
                749.8327759197324,
                759.866220735786,
                767.8929765886288,
                773.9130434782609,
                777.9264214046823,
                781.9397993311037,
                779.9331103678929,
                773.9130434782609,
                773.9130434782609,
                771.9063545150502
            ]
        }
    },
    "Pearlite": {
        "1": {
            "Time": [
                197279.50393776206,
                52639.46605735419,
                24742.445535888408,
                13272.441495835597,
                7973.322752256319,
                5263.946605735423,
                2668.268370847128,
                1486.3844304731788,
                892.934642191483,
                526.3946605735422,
                427.7081649153847,
                322.2528161450806,
                261.8380674341415,
                212.7496491040134,
                179.51401509215938,
                176.1577032603789,
                201.03824693326652,
                322.2528161450806,
                635.7387571164828,
                1058.2545975673695,
                2048.686048133601,
                3410.255242645636,
                6007.427310761215,
                11412.4016839679,
                33464.9487265777,
                64785.14122711526,
                148638.44304731782,
                293233.18310456176,
                461247.9258533451,
                589510.8507400256
            ],
            "Temperature": [
                741.8060200668897,
                741.8060200668897,
                739.7993311036789,
                739.7993311036789,
                735.7859531772575,
                731.7725752508361,
                725.752508361204,
                719.7324414715719,
                711.7056856187291,
                701.6722408026756,
                697.6588628762541,
                693.6454849498327,
                685.6187290969899,
                677.5919732441472,
                667.5585284280936,
                663.5451505016722,
                651.5050167224081,
                635.4515050167224,
                623.4113712374582,
                613.3779264214047,
                599.3311036789298,
                589.2976588628762,
                579.2642140468228,
                573.2441471571906,
                553.1772575250836,
                541.1371237458194,
                527.0903010033445,
                521.0702341137123,
                519.0635451505017,
                517.056856187291
            ]
        },
        "99": {
            "Time": [
                204868.60481336014,
                109896.43557160803,
                62385.25681114844,
                38191.54372010947,
                14585.94011725037,
                7677.960997166021,
                4358.572378647121,
                3045.13504487341,
                2474.24455358884,
                2209.338675153079,
                2168.0314294095083,
                2569.4257109482423,
                3966.072562751206,
                7677.960997166021,
                14863.844304731792,
                26183.80674341412,
                44416.15741346405,
                92728.4744151619,
                169632.16177355766,
                193591.03686796644,
                298820.1201712297,
                546644.4184030683
            ],
            "Temperature": [
                715.7190635451504,
                713.7123745819398,
                715.7190635451504,
                713.7123745819398,
                709.6989966555184,
                703.6789297658863,
                695.6521739130435,
                691.6387959866221,
                685.6187290969899,
                679.5986622073578,
                671.571906354515,
                661.5384615384615,
                643.4782608695652,
                633.4448160535117,
                619.3979933110368,
                607.3578595317726,
                595.3177257525083,
                575.2508361204013,
                563.2107023411371,
                559.1973244147157,
                555.1839464882943,
                537.123745819398
            ]
        }
    },
    "Bainite": {
        "1": {
            "Time": [
                48.8117738152716,
                49.741778753768344,
                49.741778753768344,
                54.66444184030692,
                62.38525681114846,
                75.34408799720548,
                96.2956252459903,
                140.45622233911962,
                197.27950393776192,
                310.3153641797168,
                478.9915685941838,
                909.9476200466966,
                1572.9731573007975,
                3162.2776601683777,
                6478.514122711531,
                16334.835079813713,
                34752.304314023015,
                76779.60997166016,
                148638.44304731782,
                316227.7660168379,
                600742.7310761207
            ],
            "Temperature": [
                320.40133779264215,
                348.494983277592,
                364.5484949832776,
                388.628762541806,
                416.72240802675583,
                434.7826086956522,
                448.8294314381271,
                462.876254180602,
                470.90301003344484,
                478.9297658862876,
                484.94983277591973,
                490.96989966555185,
                492.97658862876256,
                492.97658862876256,
                492.97658862876256,
                488.96321070234114,
                488.96321070234114,
                488.96321070234114,
                494.98327759197326,
                503.01003344481603,
                496.98996655518397
            ]
        },
        "99": {
            "Time": [
                1664.6060755636302,
                1458.5940117250354,
                1378.3016063222724,
                1404.5622233911963,
                1664.6060755636302,
                2294.329227843166,
                4041.637673000104,
                7534.408799720545,
                12780.78052382315,
                32225.28161450805,
                56767.31596130644,
                111990.27932724744,
                197279.50393776206,
                367767.8581637512,
                612188.6110964037
            ],