{
    "Ferrite": {
        "1": {
            "Time": [
                1.8689812233247602,
                1.7000146928176112,
                1.7000146928176112,
                1.9411801586583903,
                2.346228848142263,
                3.0016928804358836,
                3.9886235145543867,
                6.7807185788602755,
                11.098581862287737,
                25.550970903525062,
                67.16770257778808,
                125.53517493174807,
                294.5342488814526,
                652.8521141127843,
                1341.4423603404682,
                3207.545602050019,
                6466.951270432786,
                14334.36968637798,
                24834.860702109043,
                54014.49101852815
            ],
            "Temperature": [
                518.1818181818181,
                556.5656565656566,
                578.7878787878788,
                601.0101010101009,
                627.2727272727273,
                643.4343434343434,
                661.6161616161617,
                693.939393939394,
                718.1818181818181,
                744.4444444444445,
                764.6464646464647,
                772.7272727272727,
                780.8080808080808,
                788.8888888888889,
                794.9494949494949,
                796.969696969697,
                798.989898989899,
                798.989898989899,
                796.969696969697,
                796.969696969697
            ]
        }
    },
    "Pearlite": {
        "1": {
            "Time": [
                36280.292676231045,
                3804.0561047825013,
                1959.6615429098588,
                1009.5206950107311,
                571.7440399740282,
                300.16928804358815,
                179.94676061158063,
                73.84358233027129,
                42.62158829015322,
                28.090513016247815,
                14.470842848333065,
                7.890769215159879,
                5.300048397538254,
                3.9886235145543867,
                4.221962808766408,
                5.007125506364687,
                6.528521141127845
            ],
            "Temperature": [
                728.2828282828283,
                728.2828282828283,
                728.2828282828283,
                726.2626262626262,
                720.2020202020202,
                712.1212121212121,
                706.060606060606,
                689.8989898989898,
                677.7777777777778,
                669.6969696969697,
                647.4747474747475,
                627.2727272727273,
                615.1515151515151,
                566.6666666666666,
                546.4646464646464,
                512.1212121212121,
                497.979797979798
            ]
        },
        "99": {
            "Time": [
                39137.45601980379,
                10585.012080885966,
                5151.5053640932,
                3395.1908947692164,
                2113.9897666697366,
                1267.3035704539195,
                774.2636826811264,
                438.50576628007667,
                294.5342488814526,
                217.4946405636216,
                127.9369181234223,
                85.93228865232858,
                62.26423880691485,
                41.8214587341523,
                20.743041106148524,
                14.470842848333065,
                12.201683428846676,
                8.675042376416158,
                8.675042376416158,
                9.358223554226083,
                10.485185824519881,
                11.97262280637705,
                13.932624155766167,
                18.16599788375327
            ],
            "Temperature": [
                708.0808080808081,
                710.10101010101,
                706.060606060606,
                706.060606060606,
                704.040404040404,
                695.959595959596,
                687.8787878787879,
                673.7373737373737,
                667.6767676767677,
                663.6363636363636,
                655.5555555555555,
                649.4949494949494,
                647.4747474747475,
                639.3939393939394,
                619.1919191919192,
                603.030303030303,
                590.9090909090909,
                556.5656565656566,
                548.4848484848485,
                534.3434343434343,
                516.1616161616162,
                504.04040404040404,
                495.95959595959596,
                485.85858585858585
            ]
        }
    },
    "Bainite": {
        "1": {
            "Time": [
                2.016168146229815,
                2.3021833978938897,
                3.0591213696462067,
                4.7303918673899,
                6.285703763467088,
                7.454662455613763
            ],
            "Temperature": [
                469.6969696969697,
                443.4343434343434,
                419.19191919191917,
                376.7676767676768,
                352.52525252525254,
                334.3434343434343
            ]
        },
        "99": {
            "Time": [
                16.52368837453427,
                14.470842848333065,
                17.824969958606733,
                24.138820729042024,
                32.689124724582335,
                44.26806459412768,
                56.63519755461282,
                64.66951270432789,
                98.1227129534593
            ],
            "Temperature": [
                459.5959595959596,
                435.35353535353534,
                421.2121212121212,
                405.050505050505,
                390.9090909090909,
                374.7474747474747,
                362.6262626262626,
                358.58585858585855,
                340.4040404040404
            ]
        }
    },
    "C": 0.38,
    "Si": 0.38,
    "Mn": 0.82,
    "P": 0.021,
    "S": 0.028,
    "Cr": 0.21,
    "Ms:": 320,
    "Mf:": "",
    "Ac1:": 770,
    "Ac3:": 820,
    "Austenitization Temp:": 840.0,
    "Austenitization Time:": 600.0,
    "Status": 1
}