{
    "Ferrite": {
        "1": {
            "Time": [
                8.560041777043992,
                8.882864853218388,
                9.21786248895979,
                10.493015672806713,
                15.47784919643989,
                19.32740883528935,
                26.47461065838539,
                40.524441836035116,
                69.31640217842339,
                116.39019577937796,
                162.40931419958267,
                248.5984361332522,
                373.54873228642094,
                638.9490635101397,
                1014.9177971422084,
                1976.1501319228887,
                2757.4933226280878,
                4804.763610960939,
                7919.792923480084,
                12349.229775385733,
                18215.880173604924,
                27371.527561356655
            ],
            "Temperature": [
                593.3774834437086,
                621.1920529801324,
                639.0728476821192,
                650.9933774834437,
                662.9139072847682,
                664.9006622516556,
                666.8874172185431,
                668.8741721854304,
                670.8609271523179,
                674.8344370860927,
                678.8079470198676,
                686.7549668874173,
                690.7284768211921,
                694.7019867549669,
                694.7019867549669,
                698.6754966887418,
                700.6622516556291,
                702.6490066225166,
                704.635761589404,
                704.635761589404,
                704.635761589404,
                704.635761589404
            ]
        }
    },
    "Pearlite": {
        "1": {
            "Time": [
                25893.05416040579,
                2167.7683028527226,
                449.50354275841033,
                195.4324986269803,
                108.08416153995316,
                84.96898886537198,
                58.679816352315605,
                49.675412152497884,
                41.28151498317389,
                31.2735259581534,
                27.98629048636054,
                25.51246439200796,
                21.59758265243635,
                19.68848135276346,
                19.68848135276346,
                19.68848135276346,
                24.134408311223375,
                33.67682884448744,
                47.87009713011635,
                73.27431522473847,
                91.49867203772284,
                110.10337790976735,
                150.81918570542433
            ],
            "Temperature": [
                684.7682119205298,
                670.8609271523179,
                668.8741721854304,
                668.8741721854304,
                658.9403973509934,
                656.9536423841059,
                645.0331125827814,
                643.0463576158941,
                637.0860927152318,
                627.1523178807947,
                621.1920529801324,
                613.2450331125827,
                601.3245033112582,
                585.4304635761589,
                569.5364238410596,
                555.6291390728477,
                539.7350993377484,
                523.841059602649,
                513.9072847682119,
                500.0,
                492.05298013245033,
                486.0927152317881,
                480.1324503311258
            ]
        },
        "99": {
            "Time": [
                25893.05416040579,
                2969.400725400217,
                1416.2026474743877,
                908.2373483759288,
                593.3512984816874,
                359.97314008160936,
                191.84840785780585,
                168.5342229062067,
                165.44342707208605,
                202.80280382343415,
                282.9883055541026,
                441.25997267856104,
                812.7703379600448,
                960.0969997328282,
                1053.1931810563667
            ],
            "Temperature": [
                662.9139072847682,
                654.9668874172186,
                650.9933774834437,
                645.0331125827814,
                643.0463576158941,
                635.0993377483444,
                621.1920529801324,
                613.2450331125827,
                597.3509933774835,
                585.4304635761589,
                575.4966887417219,
                563.5761589403974,
                553.6423841059602,
                549.6688741721855,
                535.7615894039735
            ]
        }
    },
    "Bainite": {
        "1": {
            "Time": [
                2.767720219580642,
                2.343014194267241,
                2.058281749107436,
                1.742438892429175,
                1.5592869529168565,
                1.395386553927924,
                1.3697961730931139,
                1.4214550114314635,
                1.475062048801821,
                1.6483210340281746,
                1.8419308078779966,
                2.257863844440678,
                2.8720986768997654,
                3.9341897763630946,
                5.592273773533749,
                7.660275213875517,
                11.510475044076685,
                14.91534971314,
                18.62500778812857,
                22.412087797550015,
                30.13697643055668
            ],
            "Temperature": [
                571.523178807947,
                563.5761589403974,
                551.6556291390729,
                539.7350993377484,
                521.8543046357615,
                498.0132450331126,
                482.11920529801324,
                466.2251655629139,
                454.3046357615894,
                436.42384105960264,
                422.5165562913907,
                404.635761589404,
                392.7152317880795,
                380.794701986755,
                368.8741721854305,
                358.9403973509934,
                350.99337748344374,
                341.05960264900665,
                335.0993377483444,
                329.13907284768214,
                315.2317880794702
            ]
        },
        "99": {
            "Time": [
                3081.385117712283,
                2088.986778702132,
                1469.6116035346333,
                978.0334258552947,
                615.7282326622674,
                433.1675837156493,
                340.5291864522618,
                257.9737772793552,
                214.38268734098787,
                214.38268734098787,
                248.5984361332522,
                310.42837735271974,
                402.25514510637726,
                530.9827175224034,
                650.8858393534736,
                891.5809318668876,
                1155.3164700361503,
                1553.5252914331109,
                2334.3566122784196,
                2657.279878919258,
                2861.4860951082933,
                3318.182904991335,
                4299.723360729334
            ],
            "Temperature": [
                456.2913907284768,
                452.317880794702,
                450.33112582781456,
                444.3708609271523,
                436.42384105960264,
                428.47682119205297,
                422.5165562913907,
                412.5827814569537,
                404.635761589404,
                396.68874172185434,
                386.75496688741725,
                374.83443708609275,
                364.90066225165566,
                356.953642384106,
                350.99337748344374,
                343.04635761589407,
                341.05960264900665,
                335.0993377483444,
                329.13907284768214,
                329.13907284768214,
                329.13907284768214,
                327.1523178807947,
                325.1655629139073
            ]
        }
    },
    "C": 0.43,
    "Si": 0.28,
    "Mn": 1.67,
    "P": 0.021,
    "S": 0.008,