{
    "Ferrite": {
        "1": {
            "Time": [
                92367.08571873863,
                18283.90539628577,
                8695.816063076674,
                4135.725675884498,
                1293.3740346053848,
                489.39009184774943,
                276.29899825260117,
                178.25202930244748,
                108.60806318600825,
                88.0699168290408,
                61.31774950152639,
                46.9595728574681,
                40.319695294113934,
                36.65539729510475,
                35.28468193081385,
                32.07797145218501
            ],
            "Temperature": [
                775.3086419753087,
                771.1934156378601,
                769.1358024691358,
                765.0205761316872,
                762.9629629629629,
                762.9629629629629,
                748.559670781893,
                740.3292181069959,
                725.9259259259259,
                715.6378600823045,
                697.1193415637861,
                676.5432098765432,
                651.8518518518518,
                631.2757201646091,
                606.5843621399176,
                575.7201646090535
            ]
        }
    },
    "Pearlite": {
        "1": {
            "Time": [
                90623.61437394202,
                34290.38914916057,
                13478.922380963724,
                8212.639482196964,
                4057.6619462589842,
                2472.3129760223514,
                1343.6181508619723,
                971.8208376200503,
                603.5172046452998,
                436.5158322401658,
                303.9195382313197,
                260.9466489954637,
                232.75367759585552,
                237.23153218251926,
                281.61460378629425,
                309.7665242480513,
                404.4795338205428,
                528.1516254115149,
                702.9048690855005,
                953.4772710835239,
                1318.2567385564064
            ],
            "Temperature": [
                734.156378600823,
                725.9259259259259,
                719.7530864197531,
                715.6378600823045,
                711.522633744856,
                709.4650205761317,
                707.4074074074074,
                703.2921810699588,
                699.1769547325102,
                686.8312757201646,
                676.5432098765432,
                664.1975308641976,
                645.679012345679,
                612.7572016460906,
                590.1234567901234,
                581.8930041152264,
                567.4897119341564,
                553.0864197530864,
                538.6831275720165,
                528.3950617283951,
                509.87654320987656
            ]
        },
        "99": {
            "Time": [
                87234.77699237234,
                34290.38914916057,
                20498.59702752039,
                10322.695185890121,
                4463.29068438532,
                2568.355711740201,
                1422.6676240001416,
                773.1715445370797,
                744.2590734268282,
                818.6597684062438,
                1089.5354849827395,
                1656.9535918826414,
                2991.314450408696,
                5610.03430880026,
                10322.695185890121,
                25278.926123106492,
                39937.356069156915,
                64309.60795934383,
                90623.61437394202
            ],
            "Temperature": [
                709.4650205761317,
                709.4650205761317,
                705.3497942386831,
                699.1769547325102,
                697.1193415637861,
                684.7736625514403,
                672.4279835390946,
                643.6213991769547,
                620.9876543209876,
                598.3539094650206,
                579.835390946502,
                557.201646090535,
                542.798353909465,
                532.5102880658436,
                520.164609053498,
                513.9917695473251,
                509.87654320987656,
                509.87654320987656,
                513.9917695473251
            ]
        }
    },
    "Bainite": {
        "1": {
            "Time": [
                256.0211606409904,
                124.10609291392083,
                78.55474330263094,
                42.69183552461511,
                25.039213869550224,
                16.78137669520276,
                12.137742814717967,
                9.474400171604934,
                8.613356323495978,
                7.53774392426243,
                7.255872708247625,
                7.395465531108581,
                7.830565081877961,
                8.947962141223856,
                10.421519235985139
            ],
            "Temperature": [
                586.0082304526749,
                583.9506172839506,
                581.8930041152264,
                571.604938271605,
                563.3744855967078,
                553.0864197530864,
                532.5102880658436,
                513.9917695473251,
                503.7037037037037,
                483.12757201646093,
                454.320987654321,
                429.6296296296296,
                404.9382716049383,
                384.36213991769546,
                343.2098765432099
            ]
        },
        "99": {
            "Time": [
                559.2245219030253,
                580.94889639969,
                702.9048690855005,
                850.4625071947515,
                1245.0087789587017,
                1857.6569522288414,
                3107.5190029859323,
                4135.725675884498,
                7325.33661424216,
                9749.122271145518,
                15698.641395274322
            ],
            "Temperature": [
                330.8641975308642,
                357.61316872427983,
                384.36213991769546,
                404.9382716049383,
                429.6296296296296,
                439.91769547325106,
                448.14814814814815,
                454.320987654321,
                460.4938271604938,
                460.4938271604938,
                462.5514403292181
            ]
        }
    },
    "C": 0.43,
    "Si": 0.2,
    "Mn": 0.75,
    "P": 0.0125,
    "S": 0.075,
    "Cr": 1.05,
    "Mo": 0.23,
    "Cu": 0.15,
    "Al": 0.025,
    "Ms:": 330,
    "Mf:": 140,
    "Ac1:": 750,
    "Ac3:": 805,
    "Austenitization Temp:": 850.0,
    "Status": 1
}