{
    "Ferrite": {},
    "Pearlite": {
        "1": {
            "Time": [
                394173.4164231062,
                201642.5636005984,
                119720.11239846807,
                68482.48559569064,
                43803.56262962904,
                31329.74595526593,
                21588.96418859446,
                17590.695822349822,
                18258.097654881934,
                24594.363045690156,
                36361.92781026326,
                51794.74679231205,
                68482.48559569064,
                90546.84352777059,
                121970.09701981979,
                167386.21018377843,
                234030.37967784694,
                309432.5795144352,
                365883.07304487145,
                386902.09216603485
            ],
            "Temperature": [
                696.6887417218543,
                682.7814569536424,
                674.8344370860927,
                662.9139072847682,
                650.9933774834437,
                643.0463576158941,
                627.1523178807947,
                617.2185430463576,
                589.4039735099338,
                581.4569536423842,
                571.523178807947,
                561.5894039735099,
                555.6291390728477,
                545.6953642384105,
                539.7350993377484,
                535.7615894039735,
                531.7880794701987,
                529.8013245033112,
                525.8278145695365,
                525.8278145695365
            ]
        },
        "99": {
            "Time": [
                401581.3958121143,
                372759.3720314936,
                309432.5795144352,
                217233.71220568495,
                158292.71075922126,
                146931.83517738568,
                149693.22892245484,
                164298.43368821123,
                194271.77289680773,
                229713.21696280298,
                287224.1972082083,
                359133.62127203227,
                401581.3958121143
            ],
            "Temperature": [
                623.1788079470199,
                619.205298013245,
                619.205298013245,
                615.2317880794702,
                609.2715231788079,
                601.3245033112582,
                593.3774834437086,
                589.4039735099338,
                583.4437086092715,
                581.4569536423842,
                577.4834437086092,
                571.523178807947,
                565.5629139072848
            ]
        }
    },
    "Bainite": {
        "1": {
            "Time": [
                2067.1113967000488,
                2067.1113967000488,
                1954.8125623113042,
                1991.5507353276025,
                2145.538876098149,
                2268.79443500282,
                2536.95444272832,
                3113.5902277708096,
                3821.2921537700904,
                4867.786662173687,
                12121.54425712275,
                17590.695822349822,
                33129.557364453874,
                48980.9218085583,
                82497.73946189972,
                136386.34454515955,
                234030.37967784694,
                333358.1299752043,
                401581.3958121143
            ],
            "Temperature": [
                253.64238410596033,
                263.57615894039736,
                283.44370860927154,
                305.29801324503313,
                323.1788079470199,
                341.05960264900665,
                352.98013245033115,
                364.90066225165566,
                370.8609271523179,
                374.83443708609275,
                378.8079470198676,
                384.76821192052984,
                390.7284768211921,
                396.68874172185434,
                398.67549668874176,
                402.6490066225166,
                402.6490066225166,
                404.635761589404,
                406.62251655629143
            ]
        },
        "99": {
            "Time": [
                32518.415810880306,
                37741.52174446881,
                45465.49677172842,
                69769.52531136849,
                103151.86606033615,
                155372.68221466374,
                256864.1554017531,
                315247.9645095269,
                409128.5985894629
            ],
            "Temperature": [
                251.65562913907286,
                279.4701986754967,
                297.35099337748346,
                307.28476821192055,
                309.27152317880797,
                311.2582781456954,
                313.2450331125828,
                317.21854304635764,
                315.2317880794702
            ]
        }
    },
    "C": 0.45,
    "Si": 0.25,
    "Mn": 0.4,
    "Cr": 1.35,
    "Mo": 0.25,
    "Ni": 4.0,
    "Ms:": 230,
    "Mf:": 90,
    "Ac1:": 665,
    "Ac3:": 780,
    "Austenitization Temp:": 840.0,
    "Status": 1
}