{
    "Ferrite": {
        "1": {
            "Time": [
                18410.27352562159,
                7718.807333737919,
                4514.591649005116,
                2689.793102021521,
                1694.0088022878713,
                1009.2902183438429,
                764.7757992149974,
                659.594625741874,
                723.4986931682569,
                808.4078500594026,
                1086.7873591186365,
                1602.5783712413847,
                1964.1411331843449,
                2592.1171083140566
            ],
            "Temperature": [
                794.900849858357,
                786.9688385269121,
                781.0198300283287,
                779.0368271954674,
                773.0878186968839,
                759.2067988668555,
                747.3087818696883,
                729.4617563739376,
                711.614730878187,
                705.6657223796034,
                687.8186968838527,
                671.9546742209632,
                666.0056657223796,
                660.056657223796
            ]
        }
    },
    "Pearlite": {
        "1": {
            "Time": [
                20193.93172234543,
                6908.081135489437,
                4192.663038382157,
                1662.9666285477497,
                1148.790839561918,
                1028.130381323781,
                1434.2554407501823,
                1757.8423353415853,
                2452.213239918542,
                3236.2358208556043,
                4951.982673554641,
                7438.509872943361,
                10570.520810009835,
                16784.159516254833,
                30333.8622916434,
                47282.321880432,
                90328.18693504985,
                157321.1631136462,
                203815.37757266662,
                279114.97163753863
            ],
            "Temperature": [
                773.0878186968839,
                767.1388101983002,
                765.1558073654392,
                753.257790368272,
                743.342776203966,
                725.4957507082153,
                697.7337110481586,
                685.8356940509915,
                666.0056657223796,
                654.1076487252125,
                636.2606232294618,
                624.3626062322946,
                614.4475920679887,
                602.5495750708216,
                586.685552407932,
                580.7365439093485,
                568.8385269121814,
                560.9065155807366,
                556.9405099150142,
                554.9575070821529
            ]
        },
        "99": {
            "Time": [
                19104.008293728188,
                11173.5910194851,
                8009.6669458060205,
                5741.642455935724,
                4684.710207339389,
                4350.650703075629,
                4772.15849745051,
                8624.679630538958,
                13443.552769048189,
                22985.067481815226,
                48164.92891863258,
                106687.23256342976,
                268979.31020215247,
                375229.6849840639
            ],
            "Temperature": [
                755.2407932011331,
                753.257790368272,
                749.2917847025496,
                741.3597733711049,
                733.42776203966,
                723.5127478753541,
                705.6657223796034,
                681.8696883852691,
                666.0056657223796,
                652.1246458923513,
                634.2776203966006,
                620.3966005665723,
                602.5495750708216,
                602.5495750708216
            ]
        }
    },
    "Bainite": {
        "1": {
            "Time": [
                111.73591019485085,
                92.8691532778186,
                71.68391013988565,
                71.68391013988565,
                89.49674265472474,
                213.46037550697002,
                371.77580656610616,
                647.5077635350912,
                1192.0795036644543,
                3893.69066353757,
                9286.915327781857,
                21346.03755069701,
                45565.331911576606,
                108678.7359118636,
                211495.53580063398
            ],
            "Temperature": [
                315.01416430594907,
                330.8781869688386,
                356.65722379603403,
                378.4702549575071,
                396.3172804532578,
                433.9943342776204,
                453.8243626062323,
                471.67138810198304,
                481.586402266289,
                483.5694050991502,
                483.5694050991502,
                487.53541076487255,
                491.50141643059493,
                493.4844192634561,
                487.53541076487255
            ]
        },
        "99": {
            "Time": [
                5138.582972943205,
                9460.271806598616,
                15301.6743762679,
                26161.98442223106,
                37177.580656610604,
                60133.49774031785,
                87048.0478745237,
                130757.27566516213,
                185813.08986444506
            ],
            "Temperature": [
                305.0991501416431,
                330.8781869688386,
                340.7932011331445,
                340.7932011331445,
                342.7762039660057,
                342.7762039660057,
                342.7762039660057,
                340.7932011331445,
                348.7252124645893
            ]
        }
    },
    "C": 0.45,
    "Si": 0.3,
    "Mn": 0.7,
    "Cr": 1.5,
    "Mo": 0.75,
    "V": 0.3,
    "Ms:": 310,
    "Mf:": 90,
    "Ac1:": 780,
    "Ac3:": 840,
    "Austenitization Temp:": 950.0,
    "Status": 1
}