{
    "Ferrite": {
        "1": {
            "Time": [
                3080.065075311422,
                972.4940319779283,
                479.7587234081014,
                295.84433465770684,
                192.8988969707099,
                128.13612953784252,
                74.72843172409253,
                58.68215531815251,
                47.827423441632384,
                38.26242961803705,
                46.081461544623345,
                53.47234200322043,
                70.67401392551169,
                108.39101184988787,
                145.94835099833486
            ],
            "Temperature": [
                740.0,
                738.0,
                732.0,
                728.0,
                724.0,
                720.0,
                708.0,
                702.0,
                696.0,
                680.0,
                652.0,
                650.0,
                640.0,
                630.0,
                622.0
            ]
        }
    },
    "Pearlite": {
        "1": {
            "Time": [
                4225.140783331918,
                2330.393930544461,
                1215.6019449413868,
                695.8734751186981,
                437.16564938729795,
                324.6684649670565,
                169.3566106151335,
                128.13612953784252,
                104.43414854741211,
                104.43414854741211,
                121.18405798684829,
                140.6204399080506,
                182.43309830264405,
                211.69304744598168,
                295.84433465770684,
                369.80067412687333,
                445.3704512250876,
                516.802208258413,
                622.4121500849499,
                735.7942557051126,
                919.7310203463894
            ],
            "Temperature": [
                728.0,
                724.0,
                724.0,
                720.0,
                712.0,
                706.0,
                690.0,
                676.0,
                668.0,
                654.0,
                632.0,
                620.0,
                612.0,
                606.0,
                598.0,
                586.0,
                578.0,
                572.0,
                562.0,
                554.0,
                546.0
            ]
        },
        "99": {
            "Time": [
                32668.70338235721,
                14415.03205192844,
                8889.06310275602,
                6479.995394010845,
                4636.796489549898,
                3317.8853345132857,
                2464.0836717223506,
                1285.3384419621223,
                1087.2744072754872,
                1009.3404658363238,
                838.0771190883619,
                792.6069451556249,
                1009.3404658363238,
                1437.0428472351618,
                2008.2897862925213,
                2967.6258955516137,
                4385.225437115153,
                5481.461474392486,
                7244.80862555147,
                9938.210928273147,
                13135.262665269947,
                17360.78319637906,
                21700.70059587072,
                25653.822537106444,
                30327.067453784442,
                40835.35534869794
            ],
            "Temperature": [
                716.0,
                714.0,
                710.0,
                706.0,
                702.0,
                698.0,
                694.0,
                684.0,
                684.0,
                682.0,
                676.0,
                658.0,
                646.0,
                634.0,
                624.0,
                620.0,
                614.0,
                610.0,
                608.0,
                600.0,
                590.0,
                584.0,
                576.0,
                572.0,
                566.0,
                560.0
            ]
        }
    },
    "Bainite": {
        "1": {
            "Time": [
                822.6377097876533,
                405.83037478634736,
                192.8988969707099,
                116.76017870285993,
                66.83957001513109,
                44.39923678263949,
                32.36638625727591,
                25.416421322066064,
                19.23020213432177,
                15.673095430117638,
                14.28163492878923,
                14.28163492878923,
                15.673095430117638,
                19.23020213432177,
                21.903395248410725,
                28.41624063420538,
                33.59270320241791,
                41.99034030640179,
                51.520309780631784,
                53.47234200322043
            ],
            "Temperature": [
                550.0,
                548.0,
                542.0,
                534.0,
                522.0,
                514.0,
                508.0,
                500.0,
                486.0,
                466.0,
                440.0,
                420.0,
                396.0,
                372.0,
                362.0,
                340.0,
                326.0,
                314.0,
                296.0,
                284.0
            ]
        },
        "99": {
            "Time": [
                2008.2897862925213,
                1829.993423247514,
                1519.4829376380408,
                1261.6593963905466,
                1047.5829593551787,
                1028.283945317513,
                1334.03811139977,
                1730.706475357391,
                2287.4624330652046,
                3574.068347197285,
                6015.520576813269,
                10314.755790861765,
                15819.489442532093,
                35191.14343352912,
                53971.798586889796,
                87523.87034906117,
                131760.32481888874,
                234488.27433464336
            ],
            "Temperature": [
                292.0,
                300.0,
                316.0,
                332.0,
                352.0,
                366.0,
                398.0,
                404.0,
                414.0,
                422.0,
                426.0,
                432.0,
                440.0,
                442.0,
                442.0,
                442.0,
                442.0,
                442.0
            ]
        }
    },
    "C": 0.5,
    "Si": 0.25,
    "Mn": 0.65,
    "P": 0.0125,
    "S": 0.0175,
    "Cr": 1.05,
    "Mo": 0.23,
    "Cu": 0.2,
    "Ms:": 280,
    "Mf:": "",
    "Ac1:": 740,
    "Ac3:": 775,
    "Austenitization Temp:": 860.0,
    "Status": 1
}