{
    "Ferrite": {},
    "Pearlite": {
        "1": {
            "Time": [
                20752.631321450568,
                6380.842850117598,
                2906.796537132125,
                1481.6025176256624,
                844.9466108283336,
                614.6358476368795,
                370.770942603857,
                370.770942603857,
                447.1018882837534,
                638.0842850117602,
                1018.8965255670913,
                1567.1910803783078,
                2114.47839498008,
                3313.791680265422,
                4818.6660501522465,
                8138.9635907552465
            ],
            "Temperature": [
                706.0,
                692.0,
                686.0,
                674.0,
                658.0,
                642.0,
                610.0,
                608.0,
                586.0,
                570.0,
                550.0,
                534.0,
                524.0,
                506.0,
                494.0,
                480.0
            ]
        },
        "99": {
            "Time": [
                188983.0110250145,
                75517.70453120355,
                39960.04938306754,
                18898.30110250143,
                11188.722115874218,
                7006.940913385966,
                3921.8947538197526,
                2456.0878824173255,
                2195.1460202347,
                2799.977049231395,
                4226.844394472252,
                6876.98970166385,
                11615.573317032942,
                17866.21353508152,
                34402.1326303976,
                74117.14795000649,
                116155.73317032935,
                153812.58460038903,
                185478.1190070612
            ],
            "Temperature": [
                676.0,
                672.0,
                672.0,
                668.0,
                666.0,
                656.0,
                642.0,
                628.0,
                610.0,
                592.0,
                572.0,
                556.0,
                544.0,
                536.0,
                526.0,
                512.0,
                504.0,
                502.0,
                500.0
            ]
        }
    },
    "Bainite": {
        "1": {
            "Time": [
                1689.0491073765322,
                1299.63422060845,
                877.1814337162268,
                559.7156879584094,
                350.522134092104,
                227.8891125864465,
                134.92154348336786,
                103.81501298126913,
                86.09131660626784,
                89.3757115105424,
                142.71563188004228,
                188.9830110250142,
                285.28868871294645,
                384.9159021949679,
                519.3344763543814,
                687.6989701663855,
                999.9999999999998
            ],
            "Temperature": [
                526.0,
                526.0,
                520.0,
                508.0,
                496.0,
                482.0,
                462.0,
                446.0,
                420.0,
                390.0,
                358.0,
                344.0,
                318.0,
                300.0,
                280.0,
                262.0,
                234.0
            ]
        },
        "99": {
            "Time": [
                188983.0110250145,
                111887.22115874209,
                60323.676861572254,
                38491.59021949677,
                21951.460202346985,
                10777.556920301067,
                7988.017808015695,
                9278.540650677107,
                11400.150089399916,
                15968.055466971946,
                26970.829833027947,
                37777.72252003052,
                50024.987854895575,
                71393.47751502872
            ],
            "Temperature": [
                362.0,
                356.0,
                348.0,
                344.0,
                338.0,
                324.0,
                310.0,
                294.0,
                284.0,
                272.0,
                254.0,
                246.0,
                240.0,
                232.0
            ]
        }
    },
    "C": 0.5,
    "Si": 0.3,
    "Mn": 0.5,
    "Cr": 1.0,
    "Ni": 3.3,
    "Ms:": 220,
    "Mf:": "",
    "Ac1:": 700,
    "Ac3:": 760,
    "Austenitization Temp:": 840.0,
    "Status": 1
}