{
    "Ferrite": {
        "1": {
            "Time": [
                5469.430677049932,
                827.9544236570204,
                425.22360331726054,
                191.84840785780585,
                93.20804012424449,
                36.94231573318789,
                20.812678436848277,
                10.111676132712923,
                6.983151222639764,
                5.803174031897323,
                4.47842599437957,
                3.9341897763630946,
                3.9341897763630946,
                4.647319942981799,
                5.29020703624731,
                6.605956222676861
            ],
            "Temperature": [
                764.4736842105264,
                758.5526315789474,
                756.578947368421,
                748.6842105263158,
                736.8421052631579,
                719.078947368421,
                707.2368421052631,
                687.5,
                675.6578947368421,
                667.7631578947369,
                648.0263157894738,
                620.3947368421052,
                598.6842105263158,
                582.8947368421052,
                573.0263157894738,
                563.1578947368421
            ]
        }
    },
    "Pearlite": {
        "1": {
            "Time": [
                4985.964662261973,
                235.17038852001264,
                102.24599421287617,
                33.67682884448744,
                17.948133558103862,
                10.888736591707582,
                7.660275213875517,
                5.097949140032438,
                5.004456437524527,
                5.097949140032438,
                5.803174031897323,
                6.4848077602378895,
                7.519791303183732,
                9.744195320116871,
                12.626592761475687,
                15.47784919643989,
                21.59758265243635
            ],
            "Temperature": [
                728.9473684210526,
                711.1842105263158,
                699.3421052631579,
                687.5,
                679.6052631578948,
                669.7368421052631,
                657.8947368421052,
                630.2631578947369,
                622.3684210526316,
                606.578947368421,
                588.8157894736842,
                576.9736842105264,
                561.1842105263158,
                555.2631578947369,
                551.3157894736842,
                543.421052631579,
                539.4736842105262
            ]
        },
        "99": {
            "Time": [
                5999.7761631714975,
                908.2373483759288,
                417.4253097775906,
                226.62377326675315,
                145.3380808726853,
                81.88102672498114,
                60.89279606872359,
                53.4928602255319,
                53.4928602255319,
                62.03038856029574,
                76.03769424338512,
                98.53014725091877,
                132.49103574031218,
                188.330046722812,
                253.2427246635836,
                449.50354275841033,
                615.7282326622674,
                1033.8783793478442,
                1704.163479306011,
                2608.547286581457,
                4545.234244880118,
                6342.358749758459
            ],
            "Temperature": [
                715.1315789473684,
                699.3421052631579,
                689.4736842105264,
                679.6052631578948,
                675.6578947368421,
                661.8421052631579,
                650.0,
                640.1315789473684,
                618.421052631579,
                600.6578947368421,
                588.8157894736842,
                578.9473684210526,
                571.0526315789474,
                563.1578947368421,
                553.2894736842105,
                531.578947368421,
                525.6578947368421,
                517.7631578947369,
                511.8421052631579,
                505.92105263157896,
                505.92105263157896,
                505.92105263157896
            ]
        }
    },
    "Bainite": {
        "1": {
            "Time": [
                7.113609682609687,
                5.489715514537769,
                4.912678323605502,
                5.193188462883908,
                5.592273773533749,
                6.729367967312312,
                8.09767101421322,
                11.944567196748476,
                21.59758265243635,
                31.85777451646942,
                45.28439323948905,
                56.547261243437646
            ],
            "Temperature": [
                559.2105263157895,
                551.3157894736842,
                539.4736842105262,
                509.8684210526316,
                501.9736842105263,
                484.2105263157895,
                464.47368421052636,
                430.92105263157896,
                377.63157894736844,
                346.0526315789474,
                318.42105263157896,
                304.60526315789474
            ]
        },
        "99": {
            "Time": [
                9708.189917287738,
                5675.698179251017,
                3138.951214194296,
                1642.2303861221933,
                1033.8783793478442,
                650.8858393534736,
                530.9827175224034,
                551.0075583737313,
                650.8858393534736,
                797.8647174199257,
                1134.1288010209014,
                1801.4698982173277,
                2861.4860951082933,
                3507.6485869509897
            ],
            "Temperature": [
                460.5263157894737,
                466.44736842105266,
                466.44736842105266,
                466.44736842105266,
                464.47368421052636,
                462.5,
                444.7368421052632,
                423.0263157894737,
                403.2894736842105,
                381.5789473684211,
                359.8684210526316,
                334.2105263157895,
                312.5,
                302.63157894736844
            ]
        }
    },
    "C": 0.54,
    "Si": 0.9,
    "Mn": 0.95,
    "P": 0.0175,
    "S": 0.0175,
    "Ms:": 300,
    "Mf:": "",
    "Ac1:": 740,
    "Ac3:": 805,
    "Austenitization Temp:": 850.0,
    "Status": 1
}