{
    "Ferrite": {
        "1": {
            "Time": [
                15.446489275945092,
                21.109020667587,
                35.307936790391466,
                44.83278775895622,
                56.92711160586989,
                77.79603209291813,
                100.61426859134156,
                153.5218562158723,
                213.69149333415606,
                429.51538378730527,
                565.7956113271273,
                817.0225485575226,
                1317.2883502754992,
                1582.9532363302626,
                2415.3425010859482,
                4191.219688147408,
                5521.044868641891,
                8270.908027344913,
                10696.83555021978,
                14352.081556747686,
                19613.413817991634,
                27300.475589964146,
                39422.54711206791,
                52893.73746757299,
                77796.03209291799,
                93485.59163176565
            ],
            "Temperature": [
                651.9736842105264,
                683.5526315789474,
                705.2631578947369,
                709.2105263157895,
                717.1052631578948,
                723.0263157894736,
                728.9473684210526,
                730.921052631579,
                732.8947368421052,
                740.7894736842105,
                740.7894736842105,
                740.7894736842105,
                742.7631578947369,
                742.7631578947369,
                744.7368421052631,
                744.7368421052631,
                746.7105263157895,
                746.7105263157895,
                746.7105263157895,
                746.7105263157895,
                746.7105263157895,
                746.7105263157895,
                746.7105263157895,
                748.6842105263158,
                748.6842105263158,
                744.7368421052631
            ]
        }
    },
    "Pearlite": {
        "1": {
            "Time": [
                2328.2053163786,
                912.2342691203635,
                565.7956113271273,
                421.69650342858216,
                314.297137418192,
                217.653651441876,
                132.53800388686417,
                76.37983632839308,
                50.98551477472456,
                35.96259845164042,
                27.30047558996415,
                21.109020667587,
                18.561668889111676,
                15.732890160536178,
                15.16530202126291,
                14.618190494522777,
                14.618190494522777,
                14.889233487785482,
                17.56632247431446,
                22.718673948329638,
                32.80631471420133,
                47.37311198598165,
                69.67630416856473,
                127.75649214671144,
                326.0602613675859,
                555.4958913183834,
                1201.6755754343396,
                2163.248359195508,
                4679.6434635620635,
                8424.262963413923,
                18223.773033036676,
                36629.398513760934,
                63561.11240821872,
                98782.69058926994
            ],
            "Temperature": [
                734.8684210526316,
                726.9736842105264,
                723.0263157894736,
                719.078947368421,
                719.078947368421,
                717.1052631578948,
                711.1842105263158,
                697.3684210526316,
                691.4473684210526,
                685.5263157894736,
                679.6052631578948,
                671.7105263157895,
                663.8157894736842,
                650.0,
                648.0263157894738,
                636.1842105263158,
                632.2368421052631,
                612.5,
                598.6842105263158,
                586.8421052631579,
                575.0,
                569.078947368421,
                557.2368421052631,
                547.3684210526316,
                539.4736842105262,
                535.5263157894738,
                535.5263157894738,
                533.5526315789474,
                533.5526315789474,
                537.5,
                533.5526315789474,
                531.578947368421,
                531.578947368421,
                527.6315789473684
            ]
        },
        "99": {
            "Time": [
                104379.93480847527,
                16024.60134348884,
                7010.430382067976,
                2552.201112356378,
                1554.1372208032158,
                597.8548334019764,
                326.0602613675859,
                238.59403095188674,
                174.59076848893503,
                102.47980677365983,
                63.5611124082188,
                52.8937374675731,
                47.37311198598165,
                52.8937374675731,
                69.67630416856473,
                118.70474655681343,
                198.5511196444582,
                302.9583862042812,
                597.8548334019764,
                1800.1933328915425,
                3424.320991174657,
                5420.539995213581,
                9405.984425858953,
                24451.070189297963,
                37308.56204075844,
                67162.62464554391,
                93485.59163176565
            ],
            "Temperature": [
                721.0526315789474,
                715.1315789473684,
                705.2631578947369,
                693.421052631579,
                689.4736842105264,
                683.5526315789474,
                679.6052631578948,
                675.6578947368421,
                673.6842105263158,
                665.7894736842105,
                651.9736842105264,
                640.1315789473684,
                626.3157894736842,
                618.421052631579,
                606.578947368421,
                598.6842105263158,
                592.7631578947369,
                586.8421052631579,
                578.9473684210526,
                571.0526315789474,
                569.078947368421,
                569.078947368421,
                569.078947368421,
                561.1842105263158,
                557.2368421052631,
                553.2894736842105,
                549.3421052631579
            ]
        }
    },
    "Bainite": {
        "1": {
            "Time": [
                11.72597425059942,
                7.684901367307654,
                5.036486330526272,
                4.114922897541702,
                3.300783360146735,
                3.6854401404028314,
                4.679643463562064,
                7.010430382067985,
                10.310930803913802,
                14.352081556747688,
                22.30510414334497,
                35.96259845164042,
                44.0166535368374,
                60.152726786538224
            ],
            "Temperature": [
                531.578947368421,
                519.7368421052631,
                505.92105263157896,
                494.07894736842104,
                448.6842105263158,
                434.8684210526316,
                417.10526315789474,
                395.39473684210526,
                373.6842105263158,
                351.97368421052636,
                324.3421052631579,
                302.63157894736844,
                292.7631578947369,
                278.9473684210526
            ]
        },