{
    "Ferrite": {},
    "Pearlite": {
        "1": {
            "Time": [
                31050.13495124858,
                14677.992676220689,
                8178.966185841674,
                5675.031205835864,
                3866.3537521924072,
                2115.421068546507,
                1467.7992676220686,
                1157.4228805920573,
                879.922543569107,
                817.8966185841666,
                788.5430290935881,
                832.9806647658265,
                1056.3541037491873,
                1579.1111439617412,
                2404.0991835099708,
                3528.735020846752,
                5471.359332670893,
                8639.884494839676,
                12005.080577484076,
                17946.02440297315,
                37963.39811869916
            ],
            "Temperature": [
                700.6493506493507,
                690.9090909090909,
                679.2207792207793,
                673.3766233766233,
                665.5844155844156,
                650.0,
                636.3636363636364,
                626.6233766233767,
                614.9350649350649,
                605.1948051948052,
                595.4545454545455,
                585.7142857142858,
                568.1818181818182,
                552.5974025974026,
                538.961038961039,
                531.1688311688312,
                523.3766233766235,
                515.5844155844156,
                511.68831168831167,
                509.7402597402597,
                507.7922077922078
            ]
        },
        "99": {
            "Time": [
                94665.2260308189,
                35287.3502084675,
                21154.210685465074,
                10563.541037491874,
                6332.6764795741765,
                4641.588833612775,
                3464.8348557303684,
                2886.1404414300873,
                2782.5594022071236,
                2586.4162052759693,
                2586.4162052759693,
                2939.3680434473804,
                5085.682063672452,
                8799.225435691073,
                16681.00537200058,
                24484.367468222248,
                41595.62163071846,
                78854.30290935877,
                103722.50954070572
            ],
            "Temperature": [
                667.5324675324675,
                657.7922077922078,
                653.8961038961039,
                650.0,
                646.1038961038961,
                640.2597402597403,
                634.4155844155844,
                624.6753246753246,
                622.7272727272727,
                611.038961038961,
                595.4545454545455,
                587.6623376623377,
                572.077922077922,
                560.3896103896104,
                548.7012987012987,
                542.8571428571429,
                535.0649350649351,
                527.2727272727273,
                525.3246753246754
            ]
        }
    },
    "Bainite": {
        "1": {
            "Time": [
                5372.281118324031,
                1794.6024402973162,
                999.9999999999998,
                644.9466771037623,
                322.0597918721082,
                186.14066873551207,
                120.05080577484071,
                80.30857221391513,
                66.89548786914142,
                55.722647955071714,
                56.75031205835861,
                64.49466771037622,
                78.85430290935886,
                101.84424850756459,
                131.53690504363757,
                173.0195738845894,
                244.8436746822226
            ],
            "Temperature": [
                517.5324675324675,
                513.6363636363636,
                509.7402597402597,
                505.84415584415586,
                500.0,
                496.1038961038961,
                486.3636363636364,
                474.6753246753247,
                462.987012987013,
                439.61038961038963,
                424.02597402597405,
                410.38961038961037,
                392.85714285714283,
                371.42857142857144,
                348.05194805194805,
                322.72727272727275,
                297.4025974025974
            ]
        },
        "99": {
            "Time": [
                36600.925186639965,
                18276.993690192183,
                13396.277245180163,
                7464.760408417117,
                4159.56216307185,
                2682.695795279725,
                1827.6993690192162,
                1415.1212442907906,
                1389.495494373138,
                1415.1212442907906,
                1579.1111439617412,
                1930.6977288832493,
                2360.5645078046846,
                2833.8767124544274,
                3402.091827967104
            ],
            "Temperature": [
                453.24675324675326,
                443.5064935064935,
                443.5064935064935,
                443.5064935064935,
                441.5584415584416,
                433.76623376623377,
                420.12987012987014,
                402.5974025974026,
                392.85714285714283,
                375.32467532467535,
                359.7402597402597,
                340.2597402597403,
                320.7792207792208,
                309.0909090909091,
                299.35064935064935
            ]
        }
    },
    "C": 0.52,
    "Si": 0.3,
    "Mn": 0.49,
    "Cr": 0.7,
    "Ni": 2.66,
    "Ms:": 300,
    "Mf:": "",
    "Ac1:": 705,
    "Ac3:": 755,
    "Austenitization Temp:": 860.0,
    "Austenitization Time:": 900.0,
    "Status": 1
}