{
    "Ferrite": {},
    "Pearlite": {
        "1": {
            "Time": [
                9635.427050834205,
                3534.981105030104,
                1449.7406703726333,
                878.1089165095372,
                503.05202692838077,
                322.1547329083803,
                198.7865959125474,
                118.18997619088918,
                71.58774948942683,
                46.704081845031126,
                34.69944916417912,
                31.04098428019673,
                32.21547329083801,
                36.01236248389734,
                43.36074887335482,
                62.86184113951678,
                113.88108937271444,
                144.97406703726315,
                373.74952136428175
            ],
            "Temperature": [
                728.7128712871287,
                730.6930693069307,
                716.8316831683169,
                712.8712871287129,
                708.9108910891089,
                704.950495049505,
                699.009900990099,
                685.1485148514852,
                669.3069306930693,
                657.4257425742574,
                645.5445544554456,
                621.7821782178218,
                603.9603960396039,
                592.0792079207921,
                572.2772277227723,
                556.4356435643565,
                536.6336633663366,
                526.7326732673267,
                497.029702970297
            ]
        },
        "99": {
            "Time": [
                94581.55537233918,
                17455.628235338616,
                5836.184760920002,
                3281.9278725114705,
                1811.6091942004155,
                911.3336771446089,
                551.995432128157,
                366.87331930182194,
                191.53937435990076,
                129.68902516716165,
                101.87427149936816,
                101.87427149936816,
                124.96091412919864,
                218.12712609873654,
                282.886943462597,
                605.700684580942,
                1532.7942796726488
            ],
            "Temperature": [
                724.7524752475248,
                706.9306930693069,
                695.049504950495,
                691.0891089108911,
                687.1287128712871,
                677.2277227722773,
                673.2673267326733,
                669.3069306930693,
                659.4059405940594,
                649.5049504950496,
                629.7029702970297,
                607.9207920792079,
                584.1584158415842,
                556.4356435643565,
                548.5148514851485,
                530.6930693069307,
                500.990099009901
            ]
        }
    },
    "Bainite": {
        "1": {
            "Time": [
                31.62277660168379,
                28.818901281935005,
                33.43440111255776,
                38.07546021222374,
                43.36074887335482,
                48.47121108242696,
                54.18398816541038,
                56.23413251903492,
                64.04004271197286
            ],
            "Temperature": [
                489.1089108910891,
                469.3069306930693,
                437.6237623762376,
                415.84158415841586,
                388.1188118811881,
                358.41584158415844,
                330.6930693069307,
                318.81188118811883,
                289.1089108910891
            ]
        },
        "99": {
            "Time": [
                3221.547329083804,
                1449.7406703726333,
                981.6021113890395,
                572.881128377561,
                417.7993326387516,
                340.61052563594876,
                322.1547329083803,
                334.34401112557765,
                458.44825349569015,
                628.6184113951673,
                878.1089165095372,
                1296.8902516716169,
                2222.1542065559574
            ],
            "Temperature": [
                445.54455445544556,
                441.5841584158416,
                439.6039603960396,
                427.7227722772277,
                411.8811881188119,
                392.0792079207921,
                372.2772277227723,
                354.45544554455444,
                324.7524752475248,
                304.950495049505,
                289.1089108910891,
                277.2277227722773,
                261.38613861386136
            ]
        }
    },
    "C": 0.58,
    "Si": 0.25,
    "Mn": 0.95,
    "Cr": 1.1,
    "V": 0.12,
    "Ms:": 270,
    "Mf:": 190,
    "Ac1:": 745,
    "Ac3:": 780,
    "Austenitization Temp:": 840.0,
    "Status": 1
}