{
    "Ferrite": {},
    "Pearlite": {
        "1": {
            "Time": [
                1302.4291219623344,
                506.8950296608011,
                261.8380674341415,
                163.3483507981372,
                98.1303343752533,
                55.70595696868663,
                41.1864251633421,
                37.47748955561453,
                37.47748955561453,
                40.416376730001076,
                47.003602789074364,
                66.0194848408189,
                101.9052881421936,
                172.8641432371763,
                316.227766016838,
                526.3946605735422,
                1327.2441495835594,
                2618.380674341414,
                5364.2399562259,
                9449.521904263102,
                13024.291219623357,
                17951.401509215913,
                25694.25710948243
            ],
            "Temperature": [
                781.6326530612245,
                761.2244897959183,
                748.9795918367347,
                736.734693877551,
                724.4897959183673,
                704.0816326530612,
                685.7142857142857,
                665.3061224489795,
                642.8571428571429,
                622.4489795918367,
                602.0408163265306,
                583.6734693877551,
                573.469387755102,
                571.4285714285714,
                567.3469387755102,
                565.3061224489795,
                555.1020408163265,
                553.0612244897959,
                551.0204081632653,
                553.0612244897959,
                553.0612244897959,
                553.0612244897959,
                551.0204081632653
            ]
        },
        "99": {
            "Time": [
                54664.44184030686,
                23825.892629932347,
                11629.840819992036,
                5784.88969009588,
                3045.13504487341,
                1664.6060755636302,
                1162.9840819992055,
                753.440879972055,
                497.41778753768364,
                427.7081649153847,
                334.6494872657769,
                316.227766016838,
                316.227766016838,
                419.71145238172704,
                828.0046712286472,
                1572.9731573007975,
                3677.678581637517,
                8280.04671228646,
                16963.216177355775,
                32225.28161450805,
                76779.60997166016
            ],
            "Temperature": [
                775.5102040816327,
                771.4285714285714,
                767.3469387755102,
                761.2244897959183,
                753.0612244897959,
                744.8979591836735,
                738.7755102040817,
                732.6530612244898,
                722.4489795918367,
                714.2857142857142,
                700.0,
                691.8367346938776,
                685.7142857142857,
                675.5102040816327,
                659.1836734693877,
                644.8979591836735,
                628.5714285714286,
                614.2857142857142,
                600.0,
                593.8775510204082,
                581.6326530612245
            ]
        }
    },
    "Bainite": {
        "1": {
            "Time": [
                2048.686048133601,
                876.2397501349741,
                497.41778753768364,
                247.4244553588842,
                148.638443047318,
                96.2956252459903,
                67.27734625702836,
                49.741778753768344,
                50.68950296608009,
                57.84889690095888,
                69.86542336182586,
                94.49521904263115,
                135.25319749835336,
                208.7719420479465,
                252.1386041677242,
                354.14435847257124
            ],
            "Temperature": [
                524.4897959183673,
                512.2448979591836,
                506.1224489795918,
                497.9591836734694,
                489.7959183673469,
                473.46938775510205,
                455.1020408163265,
                436.734693877551,
                395.9183673469388,
                381.63265306122446,
                365.3061224489796,
                340.81632653061223,
                320.4081632653061,
                297.9591836734694,
                291.83673469387753,
                279.59183673469386
            ]
        },
        "99": {
            "Time": [
                111990.27932724744,
                51655.2840554297,
                30451.350448734134,
                16963.216177355775,
                10384.687751343512,
                6121.886110964046,
                3541.443584725713,
                2668.268370847128,
                1972.7950393776196,
                1404.5622233911963,
                1278.0780523823146,
                1278.0780523823146,
                1431.3231808832002,
                1728.6414323717606,
                2209.338675153079,
                2770.9133868033528,
                3410.255242645636,
                4700.360278907431
            ],
            "Temperature": [
                455.1020408163265,
                455.1020408163265,
                453.0612244897959,
                451.0204081632653,
                444.89795918367344,
                436.734693877551,
                422.44897959183675,
                414.2857142857143,
                404.0816326530612,
                381.63265306122446,
                365.3061224489796,
                351.0204081632653,
                334.6938775510204,
                318.3673469387755,
                300.0,
                285.71428571428567,
                277.55102040816325,
                267.34693877551024
            ]
        }
    },
    "C": 0.6,
    "Si": 0.6,
    "Mn": 0.3,
    "Cr": 1.1,
    "W": 2.0,
    "V": 0.15,
    "Ms:": 280,
    "Mf:": "",
    "Ac1:": 780,
    "Ac3:": 835,
    "Austenitization Temp:": 880.0,
    "Status": 1
}