{
    "Ferrite": {},
    "Pearlite": {
        "1": {
            "Time": [
                259680.00011458824,
                9174.171298046796,
                2338.7508439166636,
                1473.8361270694716,
                831.3542020571665,
                704.0339186251671,
                666.0846290809162,
                786.5420126255741,
                1000.0000000000007,
                1586.84591927256,
                3142.868449495718,
                4547.304227398078,
                8211.80263154886,
                13030.865495744949,
                23531.941171779898,
                41717.74792648236,
                68690.77174391704,
                121775.94188127572,
                172968.85655605802,
                250262.4673176433
            ],
            "Temperature": [
                780.05698005698,
                776.0683760683761,
                772.079772079772,
                764.1025641025641,
                752.1367521367522,
                742.1652421652421,
                728.2051282051282,
                718.2336182336182,
                710.2564102564103,
                694.3019943019943,
                680.3418803418804,
                670.3703703703703,
                660.3988603988604,
                652.4216524216524,
                648.4330484330484,
                640.4558404558404,
                632.4786324786324,
                622.5071225071225,
                618.5185185185185,
                614.5299145299145
            ]
        },
        "99": {
            "Time": [
                259680.00011458824,
                88960.63228064448,
                57106.36173185507,
                24417.462800877103,
                14557.996287012993,
                7769.164759280654,
                7626.98585902345,
                9006.280202112788,
                10833.264786329299,
                14291.578986547915,
                21063.445423241228,
                34047.5261019873,
                76740.87345361193,
                121775.94188127572,
                189703.2915036205,
                245682.56156440653
            ],
            "Temperature": [
                766.096866096866,
                760.1139601139602,
                760.1139601139602,
                760.1139601139602,
                756.1253561253561,
                742.1652421652421,
                734.1880341880342,
                712.2507122507122,
                696.2962962962963,
                682.3361823361823,
                672.3646723646724,
                666.3817663817664,
                658.4045584045584,
                654.4159544159544,
                650.4273504273505,
                648.4330484330484
            ]
        }
    },
    "Bainite": {
        "1": {
            "Time": [
                245682.56156440653,
                81113.0830789687,
                48360.63320425682,
                23101.29700083159,
                8841.461582065504,
                5080.218046913024,
                2813.1822009553603,
                1368.874509537082,
                981.6995900251235,
                744.1453186791596,
                514.3158950802974,
                375.72172722700935,
                368.8458655822861,
                443.66873309786155,
                607.3268194162733,
                963.7340850554939,
                1873.8174228603839,
                2518.0799715119697,
                3511.1917342151282,
                6579.3322465756755,
                10249.323173276372
            ],
            "Temperature": [
                369.2307692307692,
                367.2364672364672,
                367.2364672364672,
                367.2364672364672,
                367.2364672364672,
                365.24216524216524,
                363.2478632478632,
                357.2649572649572,
                353.27635327635323,
                345.29914529914527,
                333.3333333333333,
                319.37321937321934,
                305.41310541310537,
                281.4814814814814,
                265.5270655270655,
                247.57834757834758,
                227.6353276353276,
                217.66381766381767,
                205.69800569800566,
                181.76638176638176,
                167.80626780626778
            ]
        },
        "99": {
            "Time": [
                200511.3852839889,
                169803.4555681961,
                149209.60870095354,
                141166.81631044712,
                163645.377891277,
                193239.65643987467,
                208056.7538217173
            ],
            "Temperature": [
                271.5099715099715,
                271.5099715099715,
                259.54415954415947,
                241.59544159544157,
                237.60683760683753,
                229.62962962962956,
                229.62962962962956
            ]
        }
    },
    "C": 0.81,
    "Si": 0.2,
    "Mn": 0.25,
    "P": 0.0125,
    "S": 0.0075,
    "Cr": 4.1,
    "Mo": 4.25,
    "W": 0.125,
    "V": 1.0,
    "Cu": 0.15,
    "Ms:": 170,
    "Mf:": "",
    "Ac1:": 808,
    "Ac3:": 828,
    "Austenitization Temp:": 1060.0,
    "Status": 1
}