{
    "Ferrite": {
        "1": {
            "Time": [
                346.68583879935153,
                106.8449483875321,
                53.117743398177545,
                32.328433760570114,
                17.947072211041284,
                8.922349543349096,
                5.531099887831947,
                3.304983754512945,
                1.6131239218763112,
                0.84745181853703,
                0.5759481486222962,
                0.37041630553205,
                0.2564163340832878,
                0.22133389326114533,
                0.20563594985040803,
                0.2426520839915131,
                0.31390997173890395,
                0.4370942364269224,
                0.5975274035067945,
                0.8320085619873142,
                1.4714029736256424
            ],
            "Temperature": [
                744.632768361582,
                738.7005649717514,
                730.7909604519774,
                728.8135593220339,
                714.9717514124294,
                703.1073446327683,
                693.2203389830509,
                685.3107344632768,
                671.4689265536723,
                659.6045197740114,
                645.7627118644068,
                625.9887005649717,
                596.3276836158192,
                570.6214689265537,
                548.8700564971751,
                517.2316384180791,
                489.54802259887003,
                465.819209039548,
                446.045197740113,
                436.15819209039546,
                428.24858757062145
            ]
        },
        "99": {
            "Time": [
                448.4945691362324,
                169.21330375053682,
                104.89789498237411,
                67.46421671882392,
                31.160916575514307,
                16.983685883836117,
                9.781722441578037,
                5.844847212340267,
                2.9596885092766727,
                2.2461445394317967,
                1.554867158979487,
                1.0763385167922095,
                0.8168467304904963,
                0.6086183578664466,
                0.4213089052755044,
                0.4136313224695797,
                0.4452073241257075,
                0.5866385614676434,
                0.8955228615678449,
                1.5837276942358707,
                2.3303016387119424,
                3.127574530139616,
                5.045165292019279,
                7.701609059057863,
                11.125662429062535,
                28.950851511272283,
                38.855890717459985
            ],
            "Temperature": [
                722.8813559322034,
                716.9491525423729,
                712.9943502824859,
                707.0621468926554,
                697.1751412429378,
                685.3107344632768,
                677.4011299435028,
                663.5593220338983,
                645.7627118644068,
                635.8757062146892,
                625.9887005649717,
                612.1468926553672,
                604.2372881355932,
                592.3728813559322,
                564.6892655367232,
                550.8474576271186,
                533.0508474576271,
                513.276836158192,
                493.50282485875704,
                477.683615819209,
                463.84180790960454,
                453.954802259887,
                438.135593220339,
                426.271186440678,
                416.38418079096044,
                392.6553672316384,
                380.7909604519774
            ]
        }
    },
    "Pearlite": {},
    "Bainite": {
        "1": {
            "Time": [
                4.0460267895402895,
                9.087960979720686,
                18.619501572258898,
                30.03556339962441,
                45.850265310112306,
                76.73332643996628,
                95.68209392407144,
                140.78691752260664,
                203.37928175445484,
                299.25287994735237,
                416.6854220481416,
                764.5160045636886
            ],
            "Temperature": [
                390.6779661016949,
                364.9717514124294,
                351.12994350282486,
                335.31073446327684,
                323.44632768361583,
                307.6271186440678,
                297.7401129943503,
                275.98870056497174,
                256.2146892655368,
                232.48587570621464,
                212.71186440677968,
                179.09604519774007
            ]
        },
        "99": {
            "Time": [
                44.19441730072885,
                151.53438199002966,
                304.80743696684925,
                624.4923987355064,
                935.9356853942668,
                1566.3477187847911,
                2304.728691151684,
                4001.6253141272114
            ],
            "Temperature": [
                370.9039548022599,
                335.31073446327684,
                317.5141242937853,
                289.8305084745763,
                274.01129943502826,
                248.30508474576277,
                230.50847457627117,
                210.7344632768362
            ]
        }
    },
    "C": 1.03,
    "Si": 0.17,
    "Mn": 0.22,
    "Cr": 0.07,
    "Mo": 0.01,
    "Ni": 0.1,
    "Cu": 0.14,
    "Ms:": 170,
    "Mf:": "",
    "Ac1:": 717,
    "Ac3:": 736,
    "Austenitization Temp:": 790.0,
    "Status": 1
}