{
    "Ferrite": {
        "1": {
            "Time": [
                0.3104098428019672,
                0.3343440111255776,
                0.4847121108242696,
                0.5836184760920002,
                1.0378367193526972,
                2.725736507367311,
                4.500137735939872,
                13.45960324155364,
                34.699449164179114,
                86.19535664753032,
                168.19243248808692,
                541.8398816541041,
                1138.8108937271443,
                2675.588710721939,
                4336.074887335484
            ],
            "Temperature": [
                558.4158415841584,
                592.0792079207921,
                625.7425742574258,
                649.5049504950496,
                683.1683168316831,
                714.8514851485148,
                726.7326732673267,
                736.6336633663366,
                746.5346534653465,
                756.4356435643565,
                764.3564356435644,
                772.2772277227723,
                778.2178217821782,
                776.2376237623762,
                776.2376237623762
            ]
        }
    },
    "Pearlite": {
        "1": {
            "Time": [
                3951.6110714498427,
                605.7006845809419,
                299.0931396179264,
                153.27942796726467,
                77.10752692535523,
                16.509804684996457,
                10.187427149936813,
                6.286184113951677,
                3.878909771123469,
                1.9512934226359635,
                1.3711872749038116,
                0.8460954407714703,
                0.6286184113951677,
                0.541839881654104,
                0.551995432128157,
                0.7568891123391596,
                1.0972929291203195,
                1.6819243248808697,
                3.343440111255776
            ],
            "Temperature": [
                730.6930693069307,
                720.7920792079208,
                718.8118811881188,
                714.8514851485148,
                708.9108910891089,
                689.1089108910891,
                681.1881188118812,
                669.3069306930693,
                655.4455445544554,
                635.6435643564356,
                625.7425742574258,
                605.940594059406,
                592.0792079207921,
                564.3564356435644,
                536.6336633663366,
                516.8316831683169,
                502.970297029703,
                493.0693069306931,
                487.1287128712871
            ]
        },
        "99": {
            "Time": [
                4025.674991527902,
                1057.2885971935018,
                410.11270705512976,
                226.38034095214468,
                101.87427149936815,
                50.30520269283808,
                24.383540982688274,
                11.818997619088924,
                7.158774948942684,
                4.500137735939872,
                3.6012362483897338,
                3.162277660168379,
                3.162277660168379,
                4.41734470314007
            ],
            "Temperature": [
                693.0693069306931,
                691.0891089108911,
                689.1089108910891,
                683.1683168316831,
                675.2475247524752,
                661.3861386138614,
                649.5049504950496,
                637.6237623762377,
                629.7029702970297,
                613.8613861386139,
                592.0792079207921,
                570.2970297029703,
                546.5346534653465,
                502.970297029703
            ]
        }
    },
    "Bainite": {
        "1": {
            "Time": [
                0.3281927872511474,
                0.7027068604841101
            ],
            "Temperature": [
                506.9306930693069,
                423.76237623762376
            ]
        },
        "99": {
            "Time": [
                4.937969317714345,
                9.999999999999996
            ],
            "Temperature": [
                487.1287128712871,
                423.76237623762376
            ]
        }
    },
    "C": 0.3,
    "Si": 0.25,
    "Mn": 0.65,
    "P": 0.0125,
    "S": 0.0175,
    "Cr": 0.2,
    "Mo": 0.05,
    "Ni": 0.2,
    "Cu": 0.15,
	"Ms:": 410,
    "Mf:": "",
    "Ac1:": 725,
    "Ac3:": 825,
    "Austenitization Temp:": 850.0,
    "Status": 1
}