{
    "Ferrite": {
        "1": {
            "Time": [
                4002.4825845990727,
                1292.6497461171136,
                648.6046132158857,
                284.60526400607176,
                137.43684008206057,
                66.36871274221735,
                28.02769316686752,
                12.536309833650757,
                7.618396305828937,
                3.609144963596361,
                1.9929703239512098,
                1.1005184752103525,
                0.7083527495840286,
                0.521360474396851,
                0.40642931470939836,
                0.36930712556344286,
                0.3292083801634925,
                0.31683412143248757
            ],
            "Temperature": [
                785.6410256410256,
                781.5384615384615,
                781.5384615384615,
                775.3846153846154,
                769.2307692307693,
                761.025641025641,
                752.8205128205128,
                744.6153846153846,
                736.4102564102565,
                717.948717948718,
                699.4871794871794,
                678.974358974359,
                660.5128205128206,
                635.8974358974359,
                609.2307692307693,
                590.7692307692307,
                568.2051282051282,
                535.3846153846155
            ]
        }
    },
    "Pearlite": {
        "1": {
            "Time": [
                4239.23852800468,
                741.6795527118,
                319.27119205807765,
                148.38193545804654,
                99.23667694229452,
                38.81667244746386,
                12.536309833650757,
                6.791203672171297,
                4.288244449029869,
                2.556547758610831,
                1.6773574577617125,
                0.7360181416716649,
                0.5522001316248873,
                0.5314440764581632,
                0.607706446866777,
                0.810001562999658
            ],
            "Temperature": [
                730.2564102564103,
                720.0,
                717.948717948718,
                709.7435897435897,
                705.6410256410256,
                697.4358974358975,
                678.974358974359,
                660.5128205128206,
                652.3076923076924,
                642.0512820512821,
                629.7435897435897,
                607.1794871794872,
                576.4102564102565,
                555.8974358974359,
                535.3846153846155,
                514.8717948717949
            ]
        },
        "99": {
            "Time": [
                4404.806031058965,
                1369.1129170782017,
                770.6465548744998,
                401.7846534416679,
                226.1566267573098,
                142.80456692492078,
                70.2945729716563,
                38.08016620787396,
                23.141562502283392,
                15.476895855886204,
                9.226951467183849,
                3.971930712150191,
                3.8226340925764037,
                3.3429236359773387,
                3.3429236359773387,
                3.8226340925764037,
                4.4557259250595855
            ],
            "Temperature": [
                701.5384615384615,
                703.5897435897436,
                703.5897435897436,
                695.3846153846154,
                685.1282051282051,
                678.974358974359,
                672.8205128205128,
                666.6666666666667,
                658.4615384615385,
                648.2051282051282,
                631.7948717948718,
                603.0769230769231,
                598.974358974359,
                570.2564102564103,
                541.5384615384615,
                527.1794871794872,
                506.6666666666667
            ]
        }
    },
    "Bainite": {
        "1": {
            "Time": [
                0.30492498536654294,
                0.3229619914127861,
                0.36229990456399686,
                0.4223027991476924,
                0.5114681982624519,
                0.5628802016703799,
                0.7083527495840286
            ],
            "Temperature": [
                531.2820512820513,
                512.8205128205128,
                496.41025641025647,
                475.8974358974359,
                457.43589743589746,
                447.1794871794872,
                426.6666666666667
            ]
        },
        "99": {
            "Time": [
                4.719292242375609,
                6.791203672171297,
                9.051879599878074,
                11.17513843597595,
                14.335273725510568
            ],
            "Temperature": [
                490.2564102564103,
                459.4871794871795,
                432.8205128205129,
                424.61538461538464,
                408.20512820512823
            ]
        }
    },
    "C": 0.31,
    "Si": 0.25,
    "Mn": 0.65,
    "P": 0.0175,
    "S": 0.03,
    "Cr": 0.2,
    "Mo": 0.05,
    "Ni": 0.2,
    "Cu": 0.15,
    "Ms:": 410,
    "Mf:": "",
    "Ac1:": 725,
    "Ac3:": 825,
    "Austenitization Temp:": 850.0,
    "Status": 1
}