{
    "Ferrite": {
        "1": {
            "Time": [
                0.32391673547410077,
                0.4434758593482897,
                0.5744199760140999,
                0.8011093744415403,
                1.2482690028401027,
                1.8064328814172912,
                2.5663139891820848,
                4.305552532338659,
                6.833936625157583,
                11.255488950685107,
                21.491327503734915,
                43.37496779345279,
                96.01597563099858,
                208.65180732273868,
                656.167092464919,
                1252.8910954578052,
                2101.998606379483,
                4402.098044984145
            ],
            "Temperature": [
                553.4653465346535,
                620.7920792079208,
                652.4752475247525,
                678.2178217821782,
                698.019801980198,
                711.8811881188119,
                719.8019801980198,
                727.7227722772277,
                735.6435643564356,
                745.5445544554456,
                753.4653465346535,
                757.4257425742574,
                759.4059405940594,
                765.3465346534654,
                773.2673267326733,
                773.2673267326733,
                775.2475247524752,
                775.2475247524752
            ]
        }
    },
    "Pearlite": {
        "1": {
            "Time": [
                4321.495139684973,
                356.5881725115257,
                193.784671976533,
                105.31055707361882,
                70.13049464622189,
                38.82264066805455,
                23.571740606666495,
                14.57887178477022,
                9.016877712317013,
                5.17947467923121,
                2.7632012714881466,
                1.5296451365080301,
                1.138098301710062,
                0.8160513658022208,
                0.6300252355997489,
                0.5535771687323472,
                0.596047538592714,
                0.7864409726061994,
                1.0
            ],
            "Temperature": [
                721.7821782178218,
                723.7623762376238,
                719.8019801980198,
                711.8811881188119,
                705.940594059406,
                692.0792079207921,
                682.1782178217821,
                674.2574257425742,
                664.3564356435644,
                654.4554455445544,
                640.5940594059406,
                622.7722772277227,
                610.8910891089108,
                597.029702970297,
                579.2079207920792,
                563.3663366336634,
                533.6633663366337,
                509.9009900990099,
                500.0
            ]
        },
        "99": {
            "Time": [
                4013.574235648476,
                898.3613173954558,
                620.7795470239233,
                370.01412101230926,
                164.09233028693603,
                97.8068295694708,
                60.49248766825959,
                40.28435705253974,
                24.915447959527505,
                17.538027162325708,
                12.80985285969109,
                7.6352812667537115,
                4.810419878956857,
                4.149325720214712,
                3.3240637320754023,
                3.2631997550655774,
                3.386062921139501,
                4.073351104323775
            ],
            "Temperature": [
                694.059405940594,
                688.1188118811881,
                686.1386138613861,
                680.1980198019802,
                676.2376237623762,
                672.2772277227723,
                664.3564356435644,
                658.4158415841584,
                650.4950495049504,
                646.5346534653465,
                638.6138613861386,
                618.8118811881188,
                602.970297029703,
                595.049504950495,
                571.2871287128712,
                547.5247524752475,
                531.6831683168317,
                507.9207920792079
            ]
        }
    },
    "Bainite": {
        "1": {
            "Time": [
                0.33611256737280654,
                0.7170306506705562
            ],
            "Temperature": [
                517.8217821782177,
                416.83168316831683
            ]
        },
        "99": {
            "Time": [
                5.084637921211871,
                13.540078673891951
            ],
            "Temperature": [
                484.15841584158414,
                406.9306930693069
            ]
        }
    },
    "C": 0.36,
    "Si": 0.15,
    "Mn": 0.65,
    "P": 0.0125,
    "S": 0.0125,
    "Cu": 0.125,
    "Ms:": 410,
    "Mf:": "",
    "Ac1:": 725,
    "Ac3:": 820,
    "Austenitization Temp:": 850.0,
    "Status": 1
}