{
    "Ferrite": {
        "1": {
            "Time": [
                0.30528262924412225,
                0.38134710245260084,
                0.4505927700448366,
                0.5525238721033892,
                0.7433194953069568,
                1.0571937558435287,
                1.53174046370208,
                2.526832705964145,
                4.168384706961641,
                8.58968931158387,
                11.99236924436657,
                23.81286194765588,
                44.726365355156375,
                84.00702789442975,
                193.47927910035418,
                516.8512125173453,
                1661.9268957012662,
                2363.69252777131,
                3424.692463917123,
                4122.274197861621
            ],
            "Temperature": [
                555.4455445544554,
                599.009900990099,
                622.7722772277227,
                642.5742574257426,
                662.3762376237623,
                686.1386138613861,
                703.9603960396039,
                715.8415841584158,
                725.7425742574258,
                737.6237623762377,
                741.5841584158416,
                747.5247524752475,
                753.4653465346535,
                759.4059405940594,
                761.3861386138614,
                767.3267326732673,
                769.3069306930693,
                771.2871287128713,
                779.2079207920792,
                781.1881188118812
            ]
        }
    },
    "Pearlite": {
        "1": {
            "Time": [
                4358.0425418541945,
                708.3396391691174,
                488.88977035714004,
                216.24378744338117,
                67.25077019244823,
                41.529575116362146,
                29.199702178694647,
                19.41980060850972,
                11.555850970970056,
                6.626070290591013,
                3.7295687318972983,
                2.13851707098187,
                1.3453165244738345,
                0.9459004032823727,
                0.7031062103785002,
                0.5628628385052401,
                0.5226325534457339,
                0.5423748173797409,
                0.846323172062114,
                1.181581732618101,
                1.4759856175259667,
                2.13851707098187,
                3.463000035282496
            ],
            "Temperature": [
                719.8019801980198,
                719.8019801980198,
                719.8019801980198,
                709.90099009901,
                696.0396039603961,
                692.0792079207921,
                688.1188118811881,
                686.1386138613861,
                678.2178217821782,
                664.3564356435644,
                652.4752475247525,
                636.6336633663366,
                620.7920792079208,
                608.9108910891089,
                593.0693069306931,
                577.2277227722773,
                557.4257425742574,
                535.6435643564357,
                507.9207920792079,
                500.0,
                498.019801980198,
                490.0990099009901,
                484.15841584158414
            ]
        },
        "99": {
            "Time": [
                4046.5540551993417,
                721.594269602712,
                567.052394138117,
                331.2293592512185,
                200.78789194618082,
                123.99316494328112,
                72.42748112917796,
                45.56329641285619,
                28.663346393382366,
                19.41980060850972,
                11.772086976264864,
                7.136120219278586,
                4.834816907796219,
                3.7993573650394064,
                3.593813663804627,
                3.2756531299405838,
                3.215484176977706,
                3.527800567570982,
                4.406790284153504
            ],
            "Temperature": [
                694.059405940594,
                696.0396039603961,
                694.059405940594,
                688.1188118811881,
                680.1980198019802,
                674.2574257425742,
                666.3366336633663,
                656.4356435643565,
                650.4950495049504,
                646.5346534653465,
                636.6336633663366,
                626.7326732673267,
                612.8712871287129,
                599.009900990099,
                589.1089108910892,
                567.3267326732673,
                545.5445544554456,
                529.7029702970297,
                505.94059405940595
            ]
        }
    },
    "Bainite": {
        "1": {
            "Time": [
                0.3227428894043811,
                0.38134710245260084,
                0.4590243758914322,
                0.5324121859347677,
                0.6408601764479805,
                0.7296658042794438
            ],
            "Temperature": [
                515.8415841584158,
                480.1980198019802,
                456.43564356435644,
                442.5742574257426,
                426.73267326732673,
                414.8514851485149
            ]
        },
        "99": {
            "Time": [
                5.0174504441823595,
                13.157174689182277
            ],
            "Temperature": [
                484.15841584158414,
                404.950495049505
            ]
        }
    },
    "C": 0.35,
    "Si": 0.25,
    "Mn": 0.65,
    "P": 0.0125,
    "S": 0.0175,
    "Cr": 0.2,
    "Mo": 0.05,
    "Ni": 0.2,
    "Cu": 0.15,
    "Ms:": 410,
    "Mf:": "",
    "Ac1:": 725,
    "Ac3:": 820,
    "Austenitization Temp:": 850.0,
    "Status": 1
}