{
    "Ferrite": {
        "1": {
            "Time": [
                0.2994114554870022,
                0.3289917009623966,
                0.3753773681925605,
                0.4283031095890129,
                0.6126804780573316,
                0.9450397625459284,
                2.1248693994505086,
                4.109111767282324,
                6.964348955376808,
                12.727594125931267,
                22.39987006776613,
                59.67293706496303,
                161.9916522344401,
                431.5434705465302,
                803.6623995788532,
                1496.6586139720084,
                2584.8695182077417,
                4140.199576459224
            ],
            "Temperature": [
                540.7035175879397,
                570.854271356784,
                592.964824120603,
                615.0753768844221,
                647.2361809045226,
                673.3668341708543,
                707.5376884422111,
                725.6281407035176,
                735.678391959799,
                745.7286432160804,
                751.7587939698492,
                761.8090452261307,
                763.8190954773869,
                773.8693467336683,
                775.8793969849246,
                777.8894472361809,
                777.8894472361809,
                775.8793969849246
            ]
        }
    },
    "Pearlite": {
        "1": {
            "Time": [
                4218.951983591461,
                617.3157605385513,
                313.26245489260623,
                156.00051170702318,
                86.98483323526179,
                58.55906152127512,
                31.444522792259043,
                15.65895168528012,
                9.066649113412796,
                5.249657052267639,
                3.7396540137691576,
                2.470578687624379,
                1.3775780142388059,
                1.0782841569075325,
                0.7537900650734416,
                0.6362102396092691,
                0.5471850285662083,
                0.5471850285662083,
                0.6126804780573316,
                0.9450397625459284
            ],
            "Temperature": [
                729.6482412060302,
                727.6381909547739,
                717.5879396984925,
                709.5477386934674,
                705.5276381909548,
                703.5175879396985,
                695.4773869346734,
                687.4371859296482,
                677.3869346733668,
                661.3065326633166,
                647.2361809045226,
                639.1959798994975,
                623.1155778894472,
                611.0552763819096,
                592.964824120603,
                572.8643216080402,
                546.7336683417086,
                544.7236180904523,
                536.6834170854272,
                508.5427135678392
            ]
        },
        "99": {
            "Time": [
                4140.199576459224,
                1362.0913009831143,
                665.6418043980444,
                337.7859420646578,
                174.67303215567154,
                113.24259685809723,
                58.55906152127512,
                32.042641751329285,
                18.90582983690759,
                10.742282345840323,
                6.458732524968399,
                4.688469515490369,
                3.2775421196134644,
                3.2163623924203795,
                3.2163623924203795,
                3.669848347202802,
                4.348083467104511,
                5.055502398697199
            ],
            "Temperature": [
                695.4773869346734,
                695.4773869346734,
                695.4773869346734,
                691.4572864321608,
                681.4070351758794,
                677.3869346733668,
                669.3467336683417,
                663.3165829145729,
                651.2562814070352,
                643.21608040201,
                629.1457286432161,
                603.0150753768844,
                572.8643216080402,
                558.7939698492462,
                544.7236180904523,
                528.643216080402,
                508.5427135678392,
                496.48241206030156
            ]
        }
    },
    "Bainite": {
        "1": {
            "Time": [
                0.316824188095949,
                0.34812471813471213,
                0.3972080150165294,
                0.5074590265107009,
                0.5900209471999381,
                0.6860154218330199
            ],
            "Temperature": [
                518.5929648241206,
                498.4924623115578,
                480.4020100502513,
                446.2311557788945,
                436.1809045226131,
                420.10050251256285
            ]
        },
        "99": {
            "Time": [
                5.055502398697199,
                6.834350025197494,
                8.097425708508258,
                10.541763213098523,
                12.25687354290996,
                15.366656313543416
            ],
            "Temperature": [
                484.42211055276385,
                462.31155778894475,
                446.2311557788945,
                430.15075376884425,
                418.09045226130655,
                404.0201005025126
            ]
        }
    },
    "C": 0.36,
    "Si": 0.25,
    "Mn": 0.65,
    "P": 0.0125,
    "S": 0.03,
    "Cr": 0.2,
    "Mo": 0.05,
    "Ni": 0.2,
    "Cu": 0.15,
    "Ms:": 410,
    "Mf:": "",
    "Ac1:": 725,
    "Ac3:": 820,
    "Austenitization Temp:": 850.0,
    "Status": 1
}