{
    "Ferrite": {
        "1": {
            "Time": [
                2102.7362904973334,
                283.48601926354684,
                122.63306841775622,
                68.4609683857465,
                41.10778255771597,
                21.72827836462846,
                15.653817026830097,
                7.834068087519317,
                5.343774229877332,
                3.780346824066049,
                2.3541571096678133,
                1.635338250270293,
                1.1568875283162823,
                0.7891360774017251,
                0.720435221057965,
                0.6698065144087431
            ],
            "Temperature": [
                758.8235294117648,
                743.1372549019608,
                729.4117647058823,
                723.5294117647059,
                717.6470588235294,
                707.843137254902,
                700.0,
                682.3529411764706,
                670.5882352941177,
                660.7843137254902,
                641.1764705882354,
                623.5294117647059,
                601.9607843137255,
                564.7058823529412,
                545.0980392156863,
                525.4901960784314
            ]
        }
    },
    "Pearlite": {
        "1": {
            "Time": [
                2027.5054268168053,
                189.88078244652618,
                79.20164050192548,
                40.36571580487402,
                20.572692713356656,
                11.277561130125275,
                6.771676499029177,
                4.216965034285821,
                2.8764760309411566,
                1.8577503071106412,
                1.2672085697723467,
                1.037105135545132,
                1.0953602132928375,
                1.221870884966996,
                1.635338250270293,
                1.8577503071106412,
                3.038050136669415
            ],
            "Temperature": [
                700.0,
                690.1960784313726,
                682.3529411764706,
                676.4705882352941,
                670.5882352941177,
                658.8235294117648,
                645.0980392156863,
                635.2941176470588,
                617.6470588235294,
                592.156862745098,
                564.7058823529412,
                543.1372549019608,
                503.921568627451,
                498.03921568627453,
                482.3529411764706,
                480.39215686274514,
                468.62745098039215
            ]
        },
        "99": {
            "Time": [
                1990.905438327157,
                909.6215892655026,
                327.96144013802666,
                215.70527188863784,
                91.62739011886731,
                56.02962573872584,
                30.159933508970184,
                19.12694326368433,
                11.484883185511647,
                9.39942454379856,
                7.417425014326693,
                6.1821457606830315,
                5.643938574415131,
                4.878554255511111,
                4.619095719403756,
                4.878554255511111,
                5.542055696999513,
                6.771676499029177
            ],
            "Temperature": [
                674.5098039215686,
                670.5882352941177,
                666.6666666666667,
                658.8235294117648,
                649.0196078431372,
                643.1372549019608,
                637.2549019607843,
                629.4117647058823,
                611.7647058823529,
                596.0784313725491,
                584.313725490196,
                574.5098039215686,
                566.6666666666667,
                550.9803921568628,
                537.2549019607843,
                521.5686274509803,
                498.03921568627453,
                478.4313725490196
            ]
        }
    },
    "Bainite": {
        "1": {
            "Time": [
                0.7471670675868078,
                1.2672085697723467,
                1.7589486642691354,
                2.578650033770586,
                3.780346824066049,
                5.343774229877332,
                6.896164220619982
            ],
            "Temperature": [
                501.9607843137255,
                454.90196078431376,
                425.4901960784314,
                394.11764705882354,
                370.5882352941177,
                356.8627450980392,
                347.05882352941177
            ]
        },
        "99": {
            "Time": [
                7.978086380056229,
                14.03304438162369,
                34.26179613267478,
                53.04977476004904,
                77.7719135614246,
                109.93582516082043
            ],
            "Temperature": [
                464.7058823529412,
                429.4117647058824,
                380.39215686274514,
                362.7450980392157,
                352.94117647058823,
                335.29411764705884
            ]
        }
    },
    "C": 0.46,
    "Si": 0.15,
    "Mn": 0.65,
    "P": 0.0125,
    "S": 0.0125,
    "Cu": 0.125,
    "Ms:": 340,
    "Mf:": "",
    "Ac1:": 730,
    "Ac3:": 795,
    "Austenitization Temp:": 850.0,
    "Status": 1
}