{
    "Ferrite": {
        "1": {
            "Time": [
                0.599970576547629,
                0.633726317946375,
                0.7200609434360198,
                0.8641886494592297,
                1.2676842468324647,
                3.214634025720588,
                4.802396382085707,
                9.432860745745117,
                16.011698396703746,
                27.67931314628381,
                44.48130252882821,
                84.23935937655844,
                140.40581766741207,
                265.9026480930763,
                561.8285485236123,
                1144.5560991452985,
                2015.017964422386
            ],
            "Temperature": [
                537.2549019607843,
                572.5490196078431,
                584.313725490196,
                600.0,
                621.5686274509803,
                658.8235294117648,
                678.4313725490197,
                705.8823529411765,
                719.6078431372549,
                727.4509803921569,
                737.2549019607843,
                741.1764705882352,
                745.0980392156863,
                750.9803921568628,
                758.8235294117648,
                762.7450980392157,
                762.7450980392157
            ]
        }
    },
    "Pearlite": {
        "1": {
            "Time": [
                1806.0731687052157,
                411.99978453295154,
                256.37448554700535,
                162.4712587410997,
                99.27283577739111,
                59.5607805168794,
                33.83128875974574,
                22.23658780921847,
                15.158827472571502,
                8.151771188402455,
                5.763646093341121,
                3.334105959356436,
                2.4007594826098515,
                1.893815032101706,
                1.2222589693952675,
                0.9819199181324961,
                0.9128099147531648,
                1.0955183372108885
            ],
            "Temperature": [
                703.9215686274509,
                701.9607843137255,
                701.9607843137255,
                700.0,
                694.1176470588235,
                686.2745098039215,
                680.3921568627451,
                674.5098039215686,
                666.6666666666667,
                658.8235294117648,
                650.9803921568628,
                631.3725490196078,
                617.6470588235294,
                605.8823529411765,
                576.4705882352941,
                556.8627450980392,
                535.2941176470588,
                507.843137254902
            ]
        },
        "99": {
            "Time": [
                1806.0731687052157,
                1025.872769991302,
                712.2212003841329,
                459.66408313746024,
                307.6905120883804,
                181.2675758315683,
                97.47797477931663,
                61.77435803776587,
                45.300336318084646,
                33.83128875974574,
                21.43977805709425,
                16.3065216429831,
                11.957888969945419,
                8.00438649795098,
                6.548846601560453,
                5.357986126950332,
                4.30441782868089,
                4.226593601946397,
                4.226593601946397,
                4.802396382085707,
                5.456642673203567,
                6.430442918866516
            ],
            "Temperature": [
                674.5098039215686,
                676.4705882352941,
                676.4705882352941,
                672.5490196078431,
                670.5882352941177,
                666.6666666666667,
                658.8235294117648,
                650.9803921568628,
                647.0588235294117,
                643.1372549019608,
                637.2549019607843,
                627.4509803921569,
                613.7254901960785,
                598.0392156862745,
                586.2745098039215,
                574.5098039215686,
                556.8627450980392,
                543.1372549019608,
                515.686274509804,
                500.0,
                486.2745098039216,
                474.5098039215686
            ]
        }
    },
    "Bainite": {
        "1": {
            "Time": [
                0.774577676251794,
                1.2222589693952675,
                1.9286858298012066,
                2.988379965406389,
                4.001462032395628,
                5.557115781479921
            ],
            "Temperature": [
                484.3137254901961,
                433.33333333333337,
                407.843137254902,
                382.3529411764706,
                366.6666666666667,
                350.98039215686276
            ]
        },
        "99": {
            "Time": [
                7.044668134006179,
                9.606547918577093,
                15.722205578853558,
                21.052145114600876,
                26.687472723810565,
                38.44023675857546,
                59.5607805168794,
                75.50426319029407,
                99.27283577739111
            ],
            "Temperature": [
                468.62745098039215,
                449.0196078431373,
                415.6862745098039,
                400.0,
                386.2745098039216,
                372.54901960784315,
                356.8627450980392,
                349.0196078431373,
                345.0980392156863
            ]
        }
    },
    "C": 0.46,
    "Si": 0.28,
    "Mn": 0.7,
    "P": 0.015,
    "S": 0.015,
    "Ms:": 340,
    "Mf:": "",
    "Ac1:": 730,
    "Ac3:": 795,
    "Austenitization Temp:": 850.0,
    "Status": 1
}