{
    "Ferrite": {
        "1": {
            "Time": [
                1.0573837535271058,
                1.139050059268503,
                1.4238798498211664,
                1.6523182492671038,
                2.065495402488386,
                2.441867712542776,
                3.2276415595800763,
                4.26627125770066,
                6.074657677711173,
                8.977393098776517,
                14.028502328008145,
                21.517649566329933,
                33.62450476582807,
                53.52966275486344,
                91.80012987810844,
                154.5306173390726,
                246.01022049454983,
                578.7889002980316,
                992.5879126623022,
                1702.2281592753204,
                2812.622651986963,
                5100.266761185715,
                9422.190004893497
            ],
            "Temperature": [
                537.7483443708609,
                553.6423841059602,
                569.5364238410596,
                581.4569536423842,
                599.3377483443709,
                611.2582781456954,
                631.1258278145696,
                650.9933774834437,
                664.9006622516556,
                680.794701986755,
                692.7152317880794,
                702.6490066225166,
                712.5827814569536,
                722.5165562913908,
                728.476821192053,
                734.4370860927153,
                742.384105960265,
                746.3576158940398,
                750.3311258278146,
                750.3311258278146,
                752.317880794702,
                758.2781456953643,
                760.2649006622516
            ]
        }
    },
    "Pearlite": {
        "1": {
            "Time": [
                8585.471199730066,
                4823.477516249705,
                2208.530455696263,
                1580.1837555497543,
                1030.2059909042061,
                537.2915570453378,
                296.2979143694314,
                186.11868861278586,
                133.16625432608265,
                104.56494337851574,
                68.1714583691745,
                34.25574689009427,
                14.833510447952994,
                10.225700141238043,
                6.304881061350818,
                4.26627125770066,
                2.8868221727220336,
                1.5919836776083789,
                1.2974350375195798,
                1.273526767417955,
                1.3718867299300346,
                1.5919836776083789,
                2.8336257334053125,
                3.960393030425147,
                6.304881061350818,
                7.881473711999801,
                10.417670037128502
            ],
            "Temperature": [
                712.5827814569536,
                712.5827814569536,
                712.5827814569536,
                714.5695364238411,
                712.5827814569536,
                706.6225165562914,
                700.6622516556291,
                694.7019867549669,
                694.7019867549669,
                692.7152317880794,
                686.7549668874173,
                672.8476821192053,
                658.9403973509934,
                652.9801324503311,
                643.0463576158941,
                629.1390728476821,
                607.2847682119206,
                569.5364238410596,
                547.682119205298,
                533.7748344370862,
                521.8543046357615,
                515.8940397350993,
                494.03973509933775,
                484.10596026490066,
                476.158940397351,
                472.18543046357615,
                466.2251655629139
            ]
        },
        "99": {
            "Time": [
                9248.564153061654,
                5392.939211932077,
                3581.9502339514725,
                1903.1939004348028,
                1011.2220399713432,
                600.72441438117,
                437.88193389100536,
                319.1822796575465,
                200.49343730524336,
                130.71235514440463,
                91.80012987810844,
                64.47182315954409,
                43.625610602429425,
                25.438572103588395,
                17.21330631719053,
                11.432950412925118,
                7.593680884762111,
                6.1886989057790265,
                5.535209809303559,
                5.639123833394553,
                6.423244336650491,
                7.049237855422518,
                10.037267738932693
            ],
            "Temperature": [
                688.7417218543046,
                686.7549668874173,
                688.7417218543046,
                688.7417218543046,
                686.7549668874173,
                678.8079470198676,
                674.8344370860927,
                672.8476821192053,
                666.8874172185431,
                660.9271523178808,
                654.9668874172186,
                652.9801324503311,
                643.0463576158941,
                633.1125827814569,
                623.1788079470199,
                609.2715231788079,
                587.4172185430464,
                569.5364238410596,
                539.7350993377484,
                525.8278145695365,
                511.9205298013245,
                501.9867549668874,
                482.11920529801324
            ]
        }
    },
    "Bainite": {
        "1": {
            "Time": [
                1.0573837535271058,
                1.1822189047726563,
                1.4778434563837095,
                1.747134472431386,
                2.3093486204960683,
                3.412855747308862,
                4.51108591603233,
                6.1886989057790265,
                9.67075586997461,
                13.516250115488422,
                18.890872610242038,
                26.898332855262222,
                35.554005059781325,
                51.575021586442496
            ],
            "Temperature": [
                515.8940397350993,
                494.03973509933775,
                462.25165562913907,
                452.317880794702,
                432.4503311258278,
                410.59602649006627,
                396.68874172185434,
                384.76821192052984,
                364.90066225165566,
                352.98013245033115,
                339.07284768211923,
                327.1523178807947,
                317.21854304635764,
                305.29801324503313
            ]
        },
        "99": {
            "Time": [
                13.516250115488422,
                391.6442555521615
            ],
            "Temperature": [
                462.25165562913907,
                299.3377483443709
            ]
        }
    },
    "C": 0.56,
    "Si": 0.25,
    "Mn": 0.75,
    "P": 0.0125,
    "S": 0.0175,
    "Cr": 0.2,
    "Mo": 0.1,
    "Ni": 0.2,
    "Cu": 0.15,
    "Ms:": 300,
    "Mf:": "",
    "Ac1:": 770,
    "Ac3:": 825,
    "Austenitization Temp:": 840.0,
    "Status": 1
}