{
    "Ferrite": {
        "1": {
            "Time": [
                1.8568409425327836,
                2.0337632493786284,
                2.3525642980014383,
                2.77132683460002,
                3.4478582858660354,
                4.448579373785773,
                4.961947603002904,
                6.761445093612818,
                9.73065987445617,
                14.26100715019325,
                22.892003016640743,
                32.944776170759695,
                57.922306821368814,
                109.52813473643668,
                185.68409425327826,
                267.22523665568605,
                453.02949921890774,
                782.133040067002,
                973.0659874456167,
                1742.234940927238,
                3674.6619407366848,
                6460.65692760931,
                10183.689244446958,
                18909.49113511987,
                25767.197940763195,
                46135.11638612791,
                61732.495581005096
            ],
            "Temperature": [
                575.974025974026,
                607.1428571428571,
                616.8831168831168,
                628.5714285714286,
                638.3116883116883,
                646.1038961038961,
                648.0519480519481,
                655.8441558441558,
                665.5844155844156,
                673.3766233766233,
                677.2727272727273,
                679.2207792207793,
                685.0649350649351,
                687.012987012987,
                694.8051948051948,
                698.7012987012987,
                702.5974025974026,
                702.5974025974026,
                704.5454545454545,
                706.4935064935065,
                706.4935064935065,
                702.5974025974026,
                700.6493506493507,
                700.6493506493507,
                702.5974025974026,
                704.5454545454545,
                700.6493506493507
            ]
        }
    },
    "Pearlite": {
        "1": {
            "Time": [
                66394.84897184721,
                1561.981512623653,
                169.53095631556184,
                96.42501682565144,
                64.60656927609311,
                38.10901010658822,
                29.536275566178105,
                20.90056867281358,
                15.906734330130512,
                11.052951411260215,
                6.761445093612818,
                5.33669923120631,
                4.613511638612794,
                3.3856672204978233,
                2.926868172540018,
                2.3525642980014383,
                1.9256838149068574,
                1.6953095631556194,
                1.6347025315196837,
                1.7581636166275736,
                2.3525642980014383,
                2.926868172540018,
                4.872446010377415,
                6.639484897184724,
                9.73065987445617,
                14.52296651304043,
                19.78985844487222,
                26.966838828446047,
                38.80903163389835
            ],
            "Temperature": [
                685.0649350649351,
                685.0649350649351,
                677.2727272727273,
                677.2727272727273,
                675.3246753246754,
                667.5324675324675,
                663.6363636363636,
                657.7922077922078,
                655.8441558441558,
                650.0,
                638.3116883116883,
                630.5194805194806,
                624.6753246753246,
                611.038961038961,
                603.2467532467533,
                589.6103896103896,
                574.025974025974,
                552.5974025974026,
                525.3246753246754,
                501.94805194805195,
                480.5194805194805,
                470.7792207792208,
                462.987012987013,
                457.14285714285717,
                449.35064935064935,
                447.4025974025974,
                443.5064935064935,
                443.5064935064935,
                445.45454545454544
            ]
        },
        "99": {
            "Time": [
                60618.98993497566,
                955.514218951856,
                253.02419704935227,
                172.6450576431597,
                111.54004876797892,
                63.44122225776111,
                45.717139753940835,
                24.62092401494626,
                13.751178544081188,
                12.106091514077972,
                10.85358276941457,
                10.65781025803874,
                11.25598224062456,
                12.785548605827142,
                16.799503349314666,
                22.07361776052447,
                28.480358684358013,
                47.41211488363354
            ],
            "Temperature": [
                669.4805194805194,
                667.5324675324675,
                651.9480519480519,
                651.9480519480519,
                646.1038961038961,
                638.3116883116883,
                632.4675324675325,
                624.6753246753246,
                599.3506493506493,
                583.7662337662338,
                556.4935064935065,
                537.012987012987,
                515.5844155844156,
                500.0,
                480.5194805194805,
                468.83116883116884,
                461.038961038961,
                453.24675324675326
            ]
        }
    },
    "Bainite": {
        "1": {
            "Time": [
                3.091139302832949,
                11.052951411260215,
                25.07318390793543,
                39.521911803753284,
                69.48598739292281,
                92.97783869827158,
                210.91655633889374
            ],
            "Temperature": [
                459.0909090909091,
                371.42857142857144,
                322.72727272727275,
                303.24675324675326,
                285.71428571428567,
                274.02597402597405,
                248.7012987012987
            ]
        },
        "99": {
            "Time": [
                49.16993166758852,
                3952.1911803753264
            ],
            "Temperature": [
                439.61038961038963,
                231.16883116883116
            ]
        }
    },
    "C": 0.6,
    "Si": 0.28,
    "Mn": 0.7,
    "P": 0.0175,
    "S": 0.0175,
    "Ms:": 240,
    "Mf:": "",
    "Ac1:": 730,
    "Ac3:": 770,
    "Austenitization Temp:": 810.0,
    "Status": 1
}