{
    "Ferrite": {
        "1": {
            "Time": [
                1.202619399337043,
                3.139025702899381,
                4.539952218252601,
                11.006941712522096,
                15.628246636636714,
                22.189823414589714,
                33.29936082890171,
                85.3276418761653,
                125.70685883239896,
                244.24209293554682,
                373.34933715287775,
                872.3788504614662,
                1893.4053056154587
            ],
            "Temperature": [
                658.4717607973422,
                688.3720930232558,
                714.2857142857143,
                730.2325581395348,
                732.2259136212624,
                738.2059800664451,
                740.1993355481727,
                740.1993355481727,
                738.2059800664451,
                738.2059800664451,
                742.1926910299003,
                750.1661129568106,
                746.1794019933554
            ]
        }
    },
    "Pearlite": {
        "1": {
            "Time": [
                1893.4053056154587,
                70.95149298539758,
                16.82525048430093,
                11.211907011405284,
                8.193350588635763,
                6.446067839596114,
                5.360023165391791,
                4.064193331979246,
                2.9699997328757743,
                2.21080929609374,
                1.6456828899987426,
                1.3938972755249328,
                1.202619399337043,
                0.9637721202181018,
                0.7582417475768828,
                0.6663738540990359,
                0.5965419996153638,
                0.5644202205386026,
                0.5749305477684452,
                0.6914226300178048,
                0.8315182680000511,
                1.0569111061366807,
                1.2710617996147449,
                2.091764655756996,
                2.862402939600881,
                3.7750532053243937,
                6.212540468837266,
                8.820898413282169,
                11.6333589405637,
                15.342546064946278,
                23.0239316422311
            ],
            "Temperature": [
                734.21926910299,
                728.2392026578073,
                710.2990033222592,
                706.312292358804,
                704.3189368770765,
                700.3322259136213,
                698.3388704318937,
                692.358803986711,
                684.3853820598007,
                676.4119601328904,
                666.4451827242525,
                654.485049833887,
                646.5116279069767,
                632.5581395348837,
                604.6511627906976,
                586.7109634551496,
                570.764119601329,
                546.843853820598,
                520.9302325581396,
                495.01661129568106,
                483.0564784053156,
                467.10963455149505,
                457.14285714285717,
                447.1760797342193,
                441.19601328903656,
                433.22259136212625,
                421.2624584717608,
                415.28239202657807,
                409.30232558139534,
                407.30897009966776,
                401.32890365448503
            ]
        },
        "99": {
            "Time": [
                1928.6632723157788,
                661.4740641230146,
                409.4298357752321,
                283.0890538594687,
                137.85517595949125,
                80.73303552279131,
                43.91654895726417,
                28.2046368824818,
                15.342546064946278,
                10.036968567934249,
                5.770559836697104,
                4.624492746187888,
                2.862402939600881,
                2.424462017082328,
                2.053525026457146,
                2.053525026457146,
                2.610157215682537,
                5.561504688658991,
                8.659643233600653,
                12.757607330635137,
                20.611166144016725,
                39.31436650766141
            ],
            "Temperature": [
                720.265780730897,
                720.265780730897,
                720.265780730897,
                716.2790697674419,
                706.312292358804,
                700.3322259136213,
                692.358803986711,
                686.3787375415283,
                670.4318936877077,
                654.485049833887,
                630.5647840531561,
                616.6112956810631,
                590.6976744186047,
                576.7441860465117,
                552.8239202657808,
                530.8970099667774,
                502.99003322259136,
                459.13621262458474,
                445.1827242524917,
                433.22259136212625,
                421.2624584717608,
                407.30897009966776
            ]
        }
    },
    "Bainite": {
        "1": {
            "Time": [
                1.3684153863690731,
                11.6333589405637,
                69.65442604119558,
                310.44679418832794
            ],
            "Temperature": [
                439.202657807309,
                353.48837209302326,
                287.70764119601336,
                239.86710963455153
            ]
        },
        "99": {
            "Time": [
                80.73303552279131,
                90.18373235937241,
                100.7407380337001,
                153.99265260594925,
                203.09176209047337,
                346.78803314662423,
                810.3149399361756,
                1574.4011003474748
            ],
            "Temperature": [
                387.37541528239205,
                369.43521594684387,
                359.468438538206,
                343.5215946843854,
                333.5548172757475,
                313.6212624584718,
                269.76744186046517,
                241.8604651162791
            ]
        }
    },
    "C": 0.76,
    "Si": 0.22,
    "Mn": 0.29,
    "Cr": 0.11,
    "Mo": 0.02,
    "Ni": 0.07,
    "V": 0.02,
    "Cu": 0.17,
    "Ms:": 230,
    "Mf:": 20,
    "Ac1:": 720,
    "Ac3:": 740,
    "Austenitization Temp:": 810.0,
    "Austenitization Time:": 600.0,
    "Status": 1
}