{
    "Ferrite": {
        "1": {
            "Time": [
                1.2460670191231278,
                1.8650936219786673,
                2.2403634113155784,
                4.102582515836078,
                6.029131788818728,
                7.93745961506615,
                11.244895245394645,
                16.22523825525205,
                25.19265187185867,
                35.04176616727018,
                52.44996744030297,
                79.95879527147373,
                143.76173720185884,
                182.45110451187912,
                293.868385000867,
                548.0920505662888,
                790.8409915948124,
                1183.718425081774,
                1558.3864350288427,
                1871.9446083490354
            ],
            "Temperature": [
                656.8627450980392,
                680.3921568627451,
                690.1960784313726,
                707.843137254902,
                711.7647058823529,
                721.5686274509804,
                729.4117647058823,
                731.3725490196078,
                733.3333333333334,
                733.3333333333334,
                737.2549019607843,
                743.1372549019608,
                741.1764705882352,
                741.1764705882352,
                741.1764705882352,
                743.1372549019608,
                749.0196078431372,
                749.0196078431372,
                749.0196078431372,
                749.0196078431372
            ]
        }
    },
    "Pearlite": {
        "1": {
            "Time": [
                51.497179037820196,
                23.41136584153707,
                17.142589798535894,
                12.552381052432146,
                10.449807260416529,
                9.191275760382162,
                7.793270403223099,
                6.730161373408911,
                5.6028325534298835,
                4.4964134893584315,
                3.8125029735603517,
                2.9494784196570643,
                2.410824548629474,
                1.9705433223513047,
                1.5526830161463974,
                1.3165178491846024,
                1.0959958689440508,
                0.929293428918002,
                0.8025250525479053,
                0.6804599168730205,
                0.5769610518709614,
                0.5664801721729403,
                0.5985081431652511,
                0.6804599168730205,
                0.8958376262180023,
                1.1793862248871645,
                1.5526830161463974,
                2.1597073408723153,
                3.1162376707441144,
                5.706494811784668,
                8.233890659095819,
                12.324358735661127,
                18.44690736541139,
                22.986082872858642,
                33.78021585531253
            ],
            "Temperature": [
                721.5686274509804,
                719.6078431372549,
                715.686274509804,
                711.7647058823529,
                709.8039215686274,
                707.843137254902,
                701.9607843137255,
                700.0,
                696.0784313725491,
                692.156862745098,
                686.2745098039215,
                680.3921568627451,
                674.5098039215686,
                666.6666666666667,
                658.8235294117648,
                650.9803921568628,
                641.1764705882354,
                629.4117647058823,
                617.6470588235294,
                596.0784313725491,
                570.5882352941177,
                550.9803921568628,
                527.4509803921569,
                509.80392156862746,
                484.3137254901961,
                468.62745098039215,
                456.8627450980392,
                447.05882352941177,
                437.2549019607843,
                425.4901960784314,
                423.5294117647059,
                417.64705882352945,
                409.80392156862746,
                407.843137254902,
                400.0
            ]
        },
        "99": {
            "Time": [
                179.13675933908274,
                99.63401767660167,
                66.56537878127173,
                42.09241287616509,
                27.109469504364267,
                20.21773426728447,
                14.535178923406527,
                10.840064020934015,
                8.084316580976001,
                6.254294739866655,
                4.7506342156624095,
                3.7432463315657896,
                3.1162376707441144,
                2.6422537460468094,
                2.1204748263911157,
                2.281814075517605,
                2.7916429576905246,
                2.9494784196570643,
                4.178487509359055,
                6.254294739866655,
                9.191275760382162,
                13.262074552717616,
                17.45975786586964,
                27.109469504364267,
                35.04176616727018,
                61.858769094873644
            ],
            "Temperature": [
                707.843137254902,
                701.9607843137255,
                696.0784313725491,
                688.2352941176471,
                678.4313725490197,
                672.5490196078431,
                664.7058823529412,
                656.8627450980392,
                647.0588235294117,
                637.2549019607843,
                623.5294117647059,
                609.8039215686274,
                596.0784313725491,
                576.4705882352941,
                545.0980392156863,
                537.2549019607843,
                513.7254901960785,
                503.921568627451,
                484.3137254901961,
                464.7058823529412,
                450.98039215686276,
                441.1764705882353,
                433.33333333333337,
                421.5686274509804,
                417.64705882352945,
                400.0
            ]
        }
    },
    "Bainite": {
        "1": {
            "Time": [
                1.390951867453597,
                1.7332192472216517,
                2.8432932632734174,
                3.353340908019142,
                4.7506342156624095,
                6.4878665889616665,
                9.361330530607189,
                13.757357778877209,
                19.135822493756525,
                26.617008032951194,
                42.09241287616509,
                69.05131832431015,
                101.47742227290622,
                211.2714263354413,
                299.305467076364
            ],
            "Temperature": [
                441.1764705882353,
                423.5294117647059,
                400.0,
                394.11764705882354,
                386.2745098039216,
                372.54901960784315,
                356.8627450980392,
                343.13725490196083,
                335.29411764705884,
                325.4901960784314,
                311.764705882353,
                298.03921568627453,
                288.2352941176471,
                254.9019607843137,
                241.17647058823536
            ]
        },
        "99": {
            "Time": [
                81.43817364198996,
                90.90729308368216,
                103.35493309703237,
                133.5968377115241,
                175.88262144184014,
                293.868385000867,
                401.3314412449254,
                634.6697083366643,
                835.5539993620043,
                1250.6441556614645,
                1421.8907928277927,
                1676.9584143549864
            ],