{
    "Ferrite": {},
    "Pearlite": {
        "1": {
            "Time": [
                1.2715512477510982,
                1.0570050118607273,
                0.9460693078830562,
                0.9460693078830562,
                0.9460693078830562,
                1.138098301710062,
                1.50163716375972,
                2.0558981944942336,
                2.867238928449696,
                4.635873974099696,
                8.530591256557912,
                17.538027162325708,
                28.356229009083687,
                58.29752002244017,
                82.82053693067749,
                122.08923361763532,
                149.60974116821095,
                190.23645305815737,
                237.46626756274415
            ],
            "Temperature": [
                495.0495049504951,
                510.8910891089109,
                522.7722772277227,
                534.6534653465346,
                548.5148514851485,
                570.2970297029703,
                586.1386138613861,
                598.019801980198,
                611.8811881188119,
                631.6831683168317,
                653.4653465346535,
                685.1485148514852,
                697.029702970297,
                706.9306930693069,
                714.8514851485148,
                720.7920792079208,
                724.7524752475248,
                730.6930693069307,
                726.7326732673267
            ]
        },
        "99": {
            "Time": [
                9744.600632908485,
                4653.039696250556,
                3275.2827367495447,
                1813.1217442077448,
                1252.8910954578052,
                819.0730422076734,
                587.3004764008804,
                376.91548551494037,
                307.58239674647433,
                204.83136950098245,
                161.0877814506125,
                96.01597563099858,
                63.94086264527363,
                45.84755834697725,
                33.48726005297159,
                22.3005003213479,
                16.288384387248175,
                12.80985285969109,
                9.356373369031534,
                7.922758252752512,
                6.346995907714116,
                5.576843316765666,
                4.900142024978087,
                4.722340555418246,
                4.467661460852628,
                4.385858082109573,
                4.810419878956857,
                5.374487766218058,
                7.495478416706341,
                9.185057130978386,
                10.648472641460046,
                14.850791429211233
            ],
            "Temperature": [
                706.9306930693069,
                710.8910891089109,
                710.8910891089109,
                708.9108910891089,
                706.9306930693069,
                704.950495049505,
                700.990099009901,
                695.049504950495,
                691.0891089108911,
                679.2079207920792,
                673.2673267326733,
                659.4059405940594,
                653.4653465346535,
                651.4851485148515,
                649.5049504950496,
                637.6237623762377,
                625.7425742574258,
                615.8415841584158,
                601.980198019802,
                594.059405940594,
                580.1980198019802,
                572.2772277227723,
                558.4158415841584,
                552.4752475247525,
                546.5346534653465,
                540.5940594059406,
                532.6732673267327,
                522.7722772277227,
                495.0495049504951,
                481.18811881188117,
                473.26732673267327,
                457.4257425742574
            ]
        }
    },
    "Bainite": {
        "1": {
            "Time": [
                1.9450221819431845,
                4.550990605511609,
                10.453497921876401,
                15.12778281679701,
                23.571740606666495,
                34.11185185824558,
                57.230085940434726,
                84.36527449933688,
                144.18115732215503,
                212.54350251676902,
                383.9455716778904,
                644.1525999493216,
                1229.9505200127778,
                1535.3091091590147,
                2773.4328579243333
            ],
            "Temperature": [
                461.38613861386136,
                415.84158415841586,
                380.1980198019802,
                364.35643564356434,
                348.51485148514854,
                334.65346534653463,
                320.7920792079208,
                308.91089108910893,
                293.0693069306931,
                281.18811881188117,
                267.3267326732673,
                255.4455445544554,
                241.58415841584156,
                235.6435643564356,
                223.7623762376238
            ]
        },
        "99": {
            "Time": [
                17.216903932435347,
                75.5108972609757,
                428.96687395277735,
                1252.8910954578052,
                3727.5937203149433,
                8562.178344582908,
                27940.09827687069
            ],
            "Temperature": [
                449.5049504950495,
                392.0792079207921,
                332.6732673267327,
                306.9306930693069,
                277.2277227722773,
                253.46534653465346,
                225.74257425742576
            ]
        }
    },
    "C": 0.85,
    "Si": 0.2,
    "Mn": 0.55,
    "P": 0.0125,
    "S": 0.0125,
    "Cr": 0.2,
    "Mo": 0.05,
    "Ni": 0.2,
    "Ms:": 210,
    "Mf:": "",
    "Ac1:": 725,
    "Ac3:": 760,
    "Austenitization Temp:": 800.0,
    "Status": 1
}