{
    "Ferrite": {
        "1": {
            "Time": [
                1.0773639999927063,
                2.0297538119362524,
                2.634583539640399,
                3.483944254737954,
                5.151979307322931,
                7.761892749314205,
                10.8542221399196,
                17.949208708276558,
                27.550497766331322,
                45.55919604833617,
                72.5840879240761,
                115.639657341197,
                202.2205292649552,
                353.62559347216506,
                426.0394723973518,
                717.7728963483463,
                1022.6069449233875,
                1821.871740108385
            ],
            "Temperature": [
                656.0,
                686.0,
                696.0,
                706.0,
                718.0,
                722.0,
                730.0,
                734.0,
                734.0,
                736.0,
                742.0,
                746.0,
                748.0,
                748.0,
                748.0,
                748.0,
                748.0,
                748.0
            ]
        }
    },
    "Pearlite": {
        "1": {
            "Time": [
                76.75616514804332,
                26.052991943598048,
                10.264241479910112,
                6.563751092180213,
                4.607129509272773,
                3.4196415282121566,
                2.5859573583722937,
                1.9922908978537053,
                1.5065846126908133,
                1.0976226856147897,
                0.7996733471374379,
                0.7019049693644721,
                0.6394774621219933,
                0.6047186990986746,
                0.5826022644236944,
                0.5612946962240882,
                0.6160897918908211,
                0.7285503093346989,
                0.8942445678545874,
                1.0976226856147897,
                1.322388985704164,
                2.1464224908607283
            ],
            "Temperature": [
                728.0,
                712.0,
                710.0,
                702.0,
                696.0,
                686.0,
                678.0,
                670.0,
                656.0,
                640.0,
                618.0,
                602.0,
                588.0,
                568.0,
                558.0,
                534.0,
                520.0,
                496.0,
                478.0,
                464.0,
                456.0,
                444.0
            ]
        },
        "99": {
            "Time": [
                262.47856988655957,
                111.41035712072153,
                78.19948330170496,
                39.251036776782556,
                24.182163079306935,
                14.898383819000102,
                10.457249638055417,
                6.941030427344137,
                5.4481110924177045,
                4.276297991490307,
                3.001554810710357,
                2.2279038301943257,
                1.9922908978537053,
                2.106806237457437,
                2.634583539640399,
                3.483944254737954,
                4.438632522189563,
                6.68717545931981,
                8.843047172875702,
                11.478114431866672,
                16.05098238466456,
                28.596354985432573,
                39.251036776782556,
                58.043560539164
            ],
            "Temperature": [
                708.0,
                706.0,
                700.0,
                690.0,
                678.0,
                666.0,
                656.0,
                642.0,
                632.0,
                616.0,
                594.0,
                572.0,
                558.0,
                536.0,
                514.0,
                498.0,
                486.0,
                468.0,
                456.0,
                446.0,
                436.0,
                422.0,
                416.0,
                404.0
            ]
        }
    },
    "Bainite": {
        "1": {
            "Time": [
                2.9461554862570964,
                304.6623377607736
            ],
            "Temperature": [
                404.0,
                244.0
            ]
        },
        "99": {
            "Time": [
                81.16805014339087,
                85.83352687530623,
                105.35465315790736,
                150.0981724823788,
                243.63035138387454,
                347.09876980136704,
                666.2306299015052,
                1430.0124081209008
            ],
            "Temperature": [
                390.0,
                370.0,
                356.0,
                342.0,
                324.0,
                310.0,
                280.0,
                248.0
            ]
        }
    },
    "C": 0.76,
    "Si": 0.22,
    "Mn": 0.29,
    "Cr": 0.11,
    "Mo": 0.02,
    "Ni": 0.07,
    "V": 0.02,
    "Cu": 0.17,
    "Ms:": 240,
    "Mf:": 30,
    "Ac1:": 720,
    "Ac3:": 740,
    "Austenitization Temp:": 810.0,
    "Austenitization Time:": 600.0,
    "Status": 1
}