{
    "Ferrite": {},
    "Pearlite": {
        "1": {
            "Time": [
                20416.11229589539,
                5974.2077851100585,
                3292.457787804001,
                1748.1858515661354,
                963.4462557300626,
                540.94565752075,
                276.7250773553213,
                261.6915848774862,
                339.6231647368688,
                639.6316116245846,
                1018.7937062225844,
                1883.3568438129194,
                3292.457787804001,
                6680.328877921571,
                16635.0556763517,
                33752.18453284571,
                71080.75327335947,
                201642.5636005984,
                333358.1299752043,
                651652.6602241357,
                945673.5449439154
            ],
            "Temperature": [
                780.0,
                778.0,
                768.0,
                750.0,
                734.0,
                720.0,
                702.0,
                684.0,
                668.0,
                646.0,
                634.0,
                618.0,
                604.0,
                586.0,
                566.0,
                556.0,
                546.0,
                534.0,
                528.0,
                520.0,
                516.0
            ]
        },
        "99": {
            "Time": [
                945673.5449439154,
                309432.5795144352,
                131400.91298474433,
                63567.40773357154,
                33129.557364453874,
                18258.097654881934,
                11678.456428191168,
                6436.137844478943,
                5147.42818829977,
                4603.3370688485065,
                6086.485291136111,
                9515.610517868547,
                29081.168973412976,
                54770.218612157274,
                126597.71761466382,
                261691.5848774862,
                457485.52615674067,
                728674.7031664373,
                981552.9816215014
            ],
            "Temperature": [
                770.0,
                768.0,
                768.0,
                764.0,
                756.0,
                746.0,
                740.0,
                724.0,
                716.0,
                694.0,
                668.0,
                650.0,
                634.0,
                626.0,
                610.0,
                598.0,
                596.0,
                588.0,
                584.0
            ]
        }
    },
    "Bainite": {
        "1": {
            "Time": [
                999999.9999999987,
                386902.09216603485,
                225475.69302770682,
                111127.64282056552,
                57916.623453186934,
                29627.71191970867,
                15731.332071794935,
                10840.27828447119,
                6557.096728336145,
                5755.828121517693,
                6200.8729076258,
                7332.112341121386,
                9167.779324426047,
                13058.79081093208,
                20799.806712591762,
                37045.30319921621,
                52768.162047399965,
                76576.76843730862,
                131400.91298474433,
                209293.0066429094,
                271620.3247675565,
                432631.9592811771,
                627832.3155294778
            ],
            "Temperature": [
                380.0,
                380.0,
                378.0,
                376.0,
                374.0,
                362.0,
                356.0,
                352.0,
                332.0,
                312.0,
                298.0,
                284.0,
                270.0,
                252.0,
                232.0,
                212.0,
                200.0,
                186.0,
                168.0,
                154.0,
                146.0,
                130.0,
                124.0
            ]
        },
        "99": {
            "Time": [
                1037940.6158387505,
                616250.681266291,
                372759.3720314936,
                234030.37967784694,
                167386.21018377843,
                131400.91298474433,
                97547.99084485817,
                99381.2791273999,
                109077.66915109547,
                136386.34454515955,
                205432.17470287703,
                327208.66642493074,
                416817.6412786114,
                551112.0312905783,
                715232.8275251812
            ],
            "Temperature": [
                326.0,
                324.0,
                324.0,
                318.0,
                312.0,
                304.0,
                282.0,
                272.0,
                256.0,
                244.0,
                228.0,
                214.0,
                204.0,
                198.0,
                192.0
            ]
        }
    },
    "C": 1.0,
    "Si": 0.3,
    "Mn": 0.6,
    "Cr": 5.25,
    "Mo": 1.1,
    "V": 0.2,
    "Ms:": 130,
    "Mf:": 50,
    "Ac1:": 775,
    "Ac3:": 820,
    "Austenitization Temp:": 980.0,
    "Status": 1
}