{
    "Phase Data": {
        "Ferrite:": {
            "1": {
                "Time": [
                    2428.4049022509716,
                    487.61088795256654,
                    128.85217184405,
                    45.76679061656698,
                    2.279282547611539,
                    0.7760831545860949,
                    0.91897300119093,
                    1.4626405672325478,
                    2.231638541128342,
                    2.6989364618509057,
                    5.6531899469451155,
                    16.602882188928607,
                    56.53189946945113,
                    362.7713887134261,
                    1344.127191733297
                ],
                "Temperature": [
                    803.3112582781457,
                    794.0397350993378,
                    779.4701986754967,
                    762.2516556291391,
                    690.7284768211921,
                    627.1523178807947,
                    554.3046357615895,
                    482.78145695364236,
                    452.317880794702,
                    380.79470198675494,
                    309.2715231788079,
                    248.34437086092714,
                    201.98675496688742,
                    126.49006622516555,
                    74.83443708609269
                ]
            }
        },
        "Pearlite:": {},
        "Bainite:": {}
    },
    "Status": 0,
    "Critical Temp Data": {
        "Ms_Temp:": {},
        "Ac Temp:": {}
    },
    "Composition Data:": {},
    "Austenitization Data:": {
        "Aus_Temp:": {},
        "Aus_Time:": {}
    },
    "Grain Size Data:": {
        "Grain Size:": {}
    }
}