{
    "Ferrite": {
        "1": {
            "Time": [
                104801.28284813213,
                79098.27385974635,
                50662.231807920885,
                36485.31719592011,
                28190.43860736685,
                19831.35286627991,
                13003.281162691992,
                7582.930354271726,
                5460.983643577256,
                3752.650213994195,
                2702.538528148882,
                1901.1763503541779,
                1434.9038821776996,
                1057.888554725255,
                817.3792815141851,
                631.5494074157555,
                433.98482280275954,
                335.31906651803,
                259.0848123313867,
                230.4228045445926,
                162.0973695729418,
                140.8238362859069,
                125.24479150951842,
                137.5602231588638,
                178.03654797272796,
                214.77096083884828,
                284.5608521666095,
                368.29128831386583,
                465.61229511392895,
                744.2013057743991,
                897.7529126389089,
                1246.588207582704,
                1468.9469437429013,
                2088.120710386582,
                2460.586837763045,
                3260.1553052098793,
                4026.131761044856,
                4526.937313315596,
                5590.545354778935,
                6435.080313023565,
                7762.835202325626,
                8526.161686302468,
                12120.012144147817,
                15686.257800262742,
                22827.173435116085,
                30244.870628136927,
                37350.93050629856,
                49488.1271312243,
                58315.51482581235,
                65569.3096198293,
                77265.15972435928,
                84862.71154262203
            ],
            "Temperature": [
                757.9345088161209,
                756.4231738035264,
                754.911838790932,
                750.3778337531486,
                747.3551637279597,
                744.3324937027708,
                741.3098236775819,
                733.7531486146096,
                729.2191435768261,
                723.1738035264484,
                721.6624685138539,
                717.1284634760705,
                711.0831234256927,
                706.5491183879093,
                702.015113350126,
                695.9697732997481,
                691.4357682619648,
                685.3904282115869,
                680.8564231738035,
                677.8337531486146,
                667.2544080604534,
                659.6977329974811,
                644.5843828715365,
                634.0050377833753,
                621.9143576826197,
                615.8690176322418,
                608.3123425692695,
                602.2670025188917,
                599.2443324937028,
                591.6876574307305,
                585.6423173803527,
                582.6196473551638,
                582.6196473551638,
                578.0856423173803,
                573.5516372795969,
                570.528967254408,
                569.0176322418135,
                567.5062972292192,
                565.9949622166247,
                564.4836272040302,
                559.9496221662469,
                559.9496221662469,
                558.4382871536524,
                553.904282115869,
                552.3929471032745,
                552.3929471032745,
                552.3929471032745,
                547.8589420654912,
                547.8589420654912,
                546.3476070528967,
                543.3249370277078,
                543.3249370277078
            ]
        },
        "10": {
            "Time": [
                100000.00000000001,
                77265.15972435928,
                56964.04418905607,
                38237.0804725345,
                33218.87563445129,
                29543.94130103557,
                25666.6173175951,
                20783.51221000121,
                13950.920096863441,
                10529.391133658351,
                7235.531997504434,
                5090.037449090001,
                4121.651644371717,
                2899.491181739128,
                2039.7282056728736,
                1337.4357025806364,
                1108.6807764556318,
                779.9325154241205,
                693.6502218805406,
                631.5494074157555,
                548.6653521318086,
                588.6503869092423,
                726.9543310097221,
                897.7529126389089,
                1108.6807764556318,
                1401.649773573437,
                1690.8532099602073,
                2088.120710386582,
                3184.6007263054935,
                4026.131761044856,
                5334.4245440966615,
                6285.946379897906,
                8135.550877423663,
                10529.391133658351,
                15322.726467632505,
                18484.275973652264,
                23923.17059796973,
                30962.42948738447,
                40072.95085888878,
                48341.232503170395,
                55643.89408316466,
                65569.3096198293,
                82896.00571574293,
                95418.67931608256
            ],
            "Temperature": [
                733.7531486146096,
                729.2191435768261,
                727.7078085642318,
                723.1738035264484,
                723.1738035264484,
                721.6624685138539,
                720.1511335012594,
                717.1284634760705,
                712.5944584382871,
                709.5717884130983,
                702.015113350126,
                700.5037783375315,
                695.9697732997481,
                694.4584382871536,
                682.367758186398,
                677.8337531486146,
                674.8110831234258,
                668.7657430730478,
                662.72040302267,
                656.6750629722922,
                646.095717884131,
                634.0050377833753,
                629.4710327455919,
                620.4030226700252,
                617.3803526448362,
                611.3350125944585,
                608.3123425692695,
                602.2670025188917,
                593.1989924433249,
                588.6649874055415,
                588.6649874055415,
                585.6423173803527,
                581.1083123425692,
                576.5743073047859,
                575.0629722921915,
                572.0403022670025,
                573.5516372795969,
                570.528967254408,
                567.5062972292192,
                565.9949622166247,
                564.4836272040302,
                561.4609571788412,
                561.4609571788412,
                561.4609571788412
            ]
        }
    },