{
    "Ferrite": {},
    "Pearlite": {},
    "Bainite": {
        "1": {
            "Time": [
                2.1210955470369397,
                1.8869568709815983,
                1.7357113510249382,
                1.67866376312875,
                1.9510830767876997,
                2.3447772757577976,
                2.549095267943039,
                3.012693894076816
            ],
            "Temperature": [
                454.92957746478874,
                443.661971830986,
                433.8028169014085,
                419.71830985915494,
                408.4507042253521,
                395.77464788732397,
                392.9577464788733,
                378.87323943661977
            ]
        },
        "99": {
            "Time": [
                5108.258416340317,
                4940.36539609214,
                4777.990512153968,
                5461.355350483555,
                6037.2866929738075,
                8020.639533325838,
                12179.553004808427,
                19773.396600558226,
                30532.37041127951,
                56658.56910172267
            ],
            "Temperature": [
                378.87323943661977,
                391.54929577464793,
                404.2253521126761,
                416.90140845070425,
                418.3098591549296,
                426.7605633802817,
                429.5774647887324,
                435.21126760563385,
                439.4366197183099,
                446.47887323943667
            ]
        }
    },
    "C": 0.299,
    "Si": 0.97,
    "Mn": 2.5,
    "P": 0.008,
    "S": 0.0171,
    "Cr": 0.2,
    "Mo": 0.096,
    "Ni": 0.21,
    "Al": 0.0095,
    "Cu": 0.209,
    "Ti": 0.0315,
    "N": 0.0069,
    "B": 0.018,
    "Ac1:": 695,
    "Ac3:": 855,
    "Austenitization Temp:": 950.0,
    "Austenitization Time:": 300.0,
    "Status": 1
}