{
    "Ferrite": {
        "1": {
            "Time": [
                788.8523218736099,
                505.66472790035004,
                363.74844422419676,
                274.91526517255693,
                188.2253492266176,
                124.69562491013296,
                85.37495191839949,
                66.68594881842954,
                58.45339337544569,
                65.59658932350006,
                81.25895718698627,
                91.18906765966639,
                112.96210094605344,
                154.4689525854199,
                229.35859600582413,
                270.42434077659163,
                346.21184073166944,
                473.4240950071454,
                616.1686112812399,
                856.566503889225
            ],
            "Temperature": [
                716.7832167832169,
                719.5804195804196,
                719.5804195804196,
                718.1818181818182,
                715.3846153846154,
                709.7902097902098,
                708.3916083916084,
                705.5944055944055,
                693.0069930069931,
                676.2237762237762,
                655.2447552447552,
                651.048951048951,
                641.2587412587413,
                623.0769230769231,
                603.4965034965035,
                596.5034965034965,
                586.7132867132867,
                578.3216783216783,
                569.93006993007,
                561.5384615384615
            ]
        },
        "99": {
            "Time": [
                64101.317049982434,
                46876.859887884944,
                32628.02933236602,
                24256.91013431816,
                16069.73014004645,
                12145.245410257676,
                8593.927833614218,
                7169.813654603471,
                5157.584498860609,
                2758.223603800196,
                1951.7081622747803,
                1575.5235266613197,
                1450.973609789921,
                1358.461111073216,
                1427.270987172667,
                1827.2693732853854,
                2339.368902300006,
                3531.2267685626366,
                4095.4656754593,
                5157.584498860609,
                7052.689961832997,
                9179.18252452737,
                11370.877776794508,
                13855.77751857138,
                16336.59939787752,
                24659.743507897296
            ],
            "Temperature": [
                718.1818181818182,
                711.1888111888112,
                702.7972027972028,
                698.6013986013986,
                694.4055944055945,
                690.2097902097902,
                684.6153846153846,
                681.8181818181819,
                674.8251748251748,
                667.8321678321679,
                663.6363636363636,
                659.4405594405595,
                653.8461538461538,
                646.8531468531469,
                637.0629370629371,
                628.6713286713286,
                621.6783216783217,
                613.2867132867133,
                610.4895104895105,
                604.8951048951049,
                597.9020979020979,
                589.5104895104896,
                585.3146853146853,
                579.7202797202797,
                574.1258741258741,
                565.7342657342658
            ]
        }
    },
    "Pearlite": {},
    "Bainite": {
        "1": {
            "Time": [
                12.225525195850132,
                10.368997429379103,
                9.393302573133889,
                9.239856704429972,
                9.549296710212033,
                10.7162520164511,
                12.634954336182894,
                16.17595067710384,
                18.76063337415379,
                22.48699019211664,
                26.080085622394122,
                31.779416782285917
            ],
            "Temperature": [
                490.20979020979024,
                479.02097902097904,
                459.44055944055947,
                445.4545454545455,
                430.0699300699301,
                413.28671328671334,
                395.10489510489515,
                378.3216783216783,
                368.5314685314686,
                360.13986013986016,
                354.5454545454546,
                347.5524475524476
            ]
        },
        "99": {
            "Time": [
                1026.7032134634117,
                899.9540065001709,
                815.2707474888834,
                750.8211203591628,
                750.8211203591628,
                750.8211203591628,
                815.2707474888834,
                885.252656975249,
                945.5392081505578,
                1009.9313310222359,
                1026.7032134634117,
                1114.834244259334
            ],
            "Temperature": [
                491.6083916083916,
                474.8251748251748,
                462.23776223776224,
                449.65034965034965,
                435.6643356643357,
                423.0769230769231,
                409.0909090909091,
                393.7062937062937,
                376.9230769230769,
                358.7412587412588,
                348.95104895104896,
                336.3636363636364
            ]
        }
    },
    "C": 0.3,
    "Si": 0.5,
    "Mn": 1.41,
    "P": 0.019,
    "S": 0.058,
    "Cr": 1.25,
    "Mo": 0.05,
    "Ni": 0.0112,
    "V": 0.009,
    "Al": 0.013,
    "Cu": 0.15,
    "Nb": 0.03,
    "Ms:": 346,
    "Mf:": "",
    "Ac1:": 745,
    "Ac3:": 810,
    "Austenitization Temp:": 950.0,
    "Austenitization Time:": 300.0,
    "Status": 1
}