{
    "Ferrite": {
        "1": {
            "Time": [
                65.10042368300455,
                47.45703248316056,
                32.910997115756196,
                22.07652105541768,
                15.566699139024141,
                11.92860328724135,
                9.450037371943424,
                7.869619911552368,
                8.55226057753981,
                11.538217685981618,
                15.057250123352956,
                20.655176087528673,
                28.809622805847745,
                39.520352467755714,
                52.43885244857795,
                68.43213908671062,
                87.82974432243253,
                149.5737876210723,
                222.97999221130917,
                316.22776601683796,
                520.9103730747986,
                646.6862718114452,
                1138.5664477501966
            ],
            "Temperature": [
                701.7057569296376,
                699.1471215351812,
                695.3091684434968,
                686.3539445628998,
                677.3987206823027,
                672.2814498933901,
                665.8848614072494,
                653.091684434968,
                645.4157782515991,
                631.3432835820895,
                624.9466950959488,
                617.27078891258,
                608.3155650319829,
                601.9189765458423,
                595.5223880597015,
                590.4051172707889,
                585.2878464818764,
                580.1705756929637,
                576.3326226012794,
                573.773987206823,
                572.4946695095948,
                571.2153518123667,
                571.2153518123667
            ]
        }
    },
    "Pearlite": {
        "1": {
            "Time": [
                48092.89546546914,
                24312.97761838725,
                16039.92421974797,
                10066.770630625957,
                6531.740190843612,
                4529.699210712347,
                3357.46551522898,
                2842.8714721624283,
                2447.531690318476,
                2178.463506308071,
                2328.3701509815264,
                2988.3642069052994,
                3899.7831855536065,
                5089.175161174919,
                6752.735962553897,
                8812.24788544836,
                12088.4311749984,
                15007.23136393836,
                18943.344066739082,
                22372.31794331361
            ],
            "Temperature": [
                700.4264392324094,
                700.4264392324094,
                696.588486140725,
                692.7505330490405,
                691.4712153518124,
                687.6332622601279,
                682.5159914712153,
                673.5607675906183,
                663.3262260127932,
                653.091684434968,
                644.136460554371,
                639.0191897654583,
                632.6226012793177,
                624.9466950959488,
                621.1087420042644,
                617.27078891258,
                610.8742004264393,
                607.0362473347548,
                601.9189765458423,
                599.3603411513859
            ]
        },
        "99": {
            "Time": [
                55861.14413688407,
                42805.82682489434,
                33911.485988041335,
                27774.20383691285,
                25986.026942481796,
                20246.892709953303,
                14759.61891888835,
                11123.533691669143,
                7586.785464546864,
                6752.735962553897,
                7098.328097762593,
                9263.241909146087,
                10759.49548168021,
                13357.418817652839,
                17143.679785832177,
                21640.142467144018,
                28240.15343623313,
                36245.03762461367,
                42099.550284907695,
                57751.15756308492
            ],
            "Temperature": [
                676.1194029850747,
                673.5607675906183,
                671.002132196162,
                668.4434968017058,
                667.1641791044776,
                665.8848614072494,
                663.3262260127932,
                663.3262260127932,
                659.4882729211088,
                658.2089552238806,
                647.9744136460554,
                640.2985074626865,
                636.4605543710021,
                631.3432835820895,
                626.226012793177,
                621.1087420042644,
                615.9914712153518,
                609.5948827292111,
                607.0362473347548,
                600.6396588486141
            ]
        }
    },
    "Bainite": {
        "1": {
            "Time": [
                1.394789503791382,
                1.3268822056018437,
                1.2414540105896221,
                1.1810120675892275,
                1.161525909310089,
                1.161525909310089,
                1.2209705879299355,
                1.349142437998629,
                1.5933535001731318,
                2.455689257547816,
                3.4251696010009454,
                4.3960597218172035,
                6.339034587205315
            ],
            "Temperature": [
                404.90405117270785,
                422.8144989339019,
                442.0042643923241,
                458.63539445629,
                482.9424307036247,
                498.2942430703625,
                511.0874200426439,
                523.8805970149253,
                531.5565031982942,
                534.1151385927506,
                536.6737739872068,
                539.232409381663,
                541.7910447761194
            ]
        },
        "99": {
            "Time": [
                98.67784425089326,
                90.80138764542669,
                86.38059376211955,
                79.48570257872593,
                76.88438597479993,
                87.82974432243253,
                95.44842932013589,
                114.61687277227819,
                144.67870882541789,
                201.7963444917825,
                286.185350426091,
                379.7342489843084,
                512.3155904662677
            ],
            "Temperature": [
                411.3006396588486,
                429.21108742004265,
                440.7249466950959,
                459.9147121535181,
                475.26652452025587,
                490.6183368869936,
                498.2942430703625,
                504.6908315565032,
                511.0874200426439,
                518.7633262260129,
                523.8805970149253,
                530.277185501066,
                534.1151385927506
            ]
        }
    },
    "C": 0.16,
    "Si": 0.22,
    "Mn": 0.56,
    "P": 0.01,
    "S": 0.007,
    "Cr": 1.64,
    "Mo": 0.31,
    "Ni": 1.54,
    "V": 0.009,
    "Al": 0.03,
    "Ti": 0.0024,
    "Nb": 0.005,
    "N": 0.012,
    "B": 0.0002,
    "W": 0.008,
    "Ms:": 405,
    "Mf:": "",
    "Ac1:": 735,
    "Ac3:": 825,
    "Austenitization Temp:": 880.0,
    "Austenitization Time:": 600.0,
    "Status": 1
}