{
    "Ferrite": {
        "1": {
            "Time": [
                61.3351592496231,
                42.3735618959969,
                32.23887573535666,
                25.7403545807102,
                13.313789187205272,
                10.63007461254752,
                8.906778874900008,
                8.351946611289426,
                9.051153091221813,
                13.101422004725421,
                18.661636280208203,
                24.136904062992606,
                35.50416715834186,
                50.57205650666887,
                79.33070992636506,
                163.56378458920545,
                244.49397220570202,
                422.3751159668101,
                631.3632942825947,
                1182.0223770619218
            ],
            "Temperature": [
                705.2884615384615,
                700.9615384615385,
                695.1923076923077,
                690.8653846153846,
                679.3269230769231,
                673.5576923076924,
                664.9038461538462,
                656.25,
                646.1538461538462,
                633.1730769230769,
                621.6346153846155,
                611.5384615384615,
                602.8846153846155,
                594.2307692307693,
                588.4615384615385,
                579.8076923076924,
                576.9230769230769,
                574.0384615384615,
                574.0384615384615,
                575.4807692307693
            ]
        }
    },
    "Pearlite": {
        "1": {
            "Time": [
                49287.572642593834,
                27186.76554374971,
                21706.618764973813,
                12768.657898933361,
                7157.289818414414,
                5024.783085104992,
                3701.994372117585,
                2955.7683269207223,
                2476.5936132038923,
                2212.9523723147404,
                2212.9523723147404,
                2955.7683269207223,
                4076.9482188473517,
                4865.761726719253,
                6930.780150234201,
                10194.827652686276,
                13616.898877360845,
                17054.680013504374,
                21706.618764973813
            ],
            "Temperature": [
                702.4038461538462,
                700.9615384615385,
                700.9615384615385,
                700.9615384615385,
                698.0769230769231,
                693.75,
                687.9807692307693,
                680.7692307692307,
                673.5576923076924,
                666.3461538461538,
                649.0384615384615,
                638.9423076923076,
                631.7307692307693,
                627.4038461538462,
                620.1923076923076,
                612.9807692307693,
                608.6538461538462,
                605.7692307692307,
                604.3269230769231
            ]
        },
        "99": {
            "Time": [
                56053.57959361025,
                39990.3594032126,
                25086.573176544214,
                18782.051055441123,
                12768.657898933361,
                10360.080464456452,
                8139.814825539276,
                6395.373628745745,
                6930.780150234201,
                9257.217057719605,
                11782.272158575837,
                15486.173980916927,
                25086.573176544214,
                33507.31780487781,
                43338.26375784001,
                58823.79949260948
            ],
            "Temperature": [
                677.8846153846154,
                676.4423076923077,
                675.0,
                673.5576923076924,
                670.6730769230769,
                669.2307692307693,
                666.3461538461538,
                659.1346153846154,
                649.0384615384615,
                641.8269230769231,
                636.0576923076924,
                630.2884615384615,
                618.75,
                612.9807692307693,
                607.2115384615385,
                602.8846153846155
            ]
        }
    },
    "Bainite": {
        "1": {
            "Time": [
                1.37931927266257,
                1.37931927266257,
                1.314362270069035,
                1.272766111576758,
                1.272766111576758,
                1.3356673934328729,
                1.5190226366246025,
                1.7275481769810266,
                2.5411361411368376,
                3.2866978183833084,
                4.53340564431412,
                5.4982370966163865,
                6.457372887791816
            ],
            "Temperature": [
                411.0576923076923,
                426.9230769230769,
                445.6730769230769,
                473.0769230769231,
                488.9423076923077,
                509.1346153846154,
                525.0,
                532.2115384615385,
                536.5384615384615,
                536.5384615384615,
                536.5384615384615,
                536.5384615384615,
                540.8653846153846
            ]
        },
        "99": {
            "Time": [
                96.21443268927807,
                84.60076724483304,
                80.61661914638039,
                76.82009861428848,
                81.9233722807342,
                91.68335618103156,
                114.8301324930377,
                155.86098989160064,
                198.3745860508369,
                256.5770911055128,
                311.18364230820725,
                409.0080385125655,
                529.0097630420886
            ],
            "Temperature": [
                415.3846153846154,
                438.46153846153845,
                461.53846153846155,
                483.1730769230769,
                494.71153846153845,
                500.4807692307692,
                506.25,
                513.4615384615385,
                520.6730769230769,
                526.4423076923076,
                530.7692307692307,
                532.2115384615385,
                533.6538461538462
            ]
        }
    },
    "Ms:": 405,
    "Mf:": "",
    "Ac1:": 730,
    "Ac3:": 830,
    "Status": 1
}