{
    "Ferrite": {
        "1": {
            "Time": [
                48.993768419919995,
                37.79764908822362,
                30.121267254059358,
                22.49638190225192,
                16.26550702753624,
                12.3466545127249,
                11.385130897615369,
                12.753629690223969,
                15.493189936177602,
                18.220629628104003,
                21.42821106641958,
                24.795119013000324,
                30.121267254059358,
                48.993768419919995,
                60.49091319572038,
                78.4090509360271,
                104.98488106413276,
                147.57543923599042
            ],
            "Temperature": [
                703.7267080745341,
                701.2422360248447,
                700.0,
                696.2732919254659,
                692.5465838509317,
                688.8198757763976,
                685.0931677018634,
                677.639751552795,
                670.1863354037267,
                663.9751552795032,
                654.0372670807453,
                646.583850931677,
                636.6459627329193,
                620.4968944099379,
                615.527950310559,
                608.0745341614906,
                600.6211180124224,
                593.1677018633541
            ]
        }
    },
    "Pearlite": {
        "1": {
            "Time": [
                18518.49266245829,
                11385.130897615367,
                9072.907409904688,
                6147.979268688493,
                3012.1267254059358,
                2520.045897858508,
                2074.442533529329,
                2041.0759005698728,
                2142.821106641959,
                2479.5119013000303,
                2869.1052415117733,
                4445.159245362463,
                5313.150436275644,
                7714.787065217006,
                10670.112884883354,
                12753.629690223965,
                15493.189936177592
            ],
            "Temperature": [
                700.0,
                701.2422360248447,
                701.2422360248447,
                700.0,
                693.7888198757764,
                691.304347826087,
                685.0931677018634,
                677.639751552795,
                668.944099378882,
                655.27950310559,
                647.8260869565217,
                632.9192546583852,
                626.7080745341616,
                618.0124223602485,
                610.5590062111801,
                605.5900621118012,
                601.8633540372671
            ]
        },
        "99": {
            "Time": [
                8926.973084644596,
                7840.905093602721,
                6886.969648495644,
                6559.963281082901,
                6559.963281082901,
                8231.764886870347,
                10670.112884883354,
                15243.987765659022,
                20082.45957432887,
                24795.119013000305,
                33741.85960734142,
                45916.82295070267,
                62484.83795562494
            ],
            "Temperature": [
                682.608695652174,
                678.8819875776397,
                673.9130434782609,
                666.4596273291926,
                665.2173913043479,
                652.7950310559006,
                642.8571428571429,
                635.4037267080746,
                626.7080745341616,
                621.7391304347826,
                614.2857142857143,
                606.8322981366459,
                595.6521739130435
            ]
        }
    },
    "Bainite": {
        "1": {
            "Time": [
                1.9441617496551982,
                1.4520174344291372,
                1.2148063188672933,
                1.0,
                0.8926973084644604,
                0.9072907409904689,
                1.0498488106413277,
                1.2548492322523297,
                1.6265507027536243,
                2.520045897858506,
                3.904354974340706,
                4.979469752192529,
                8.783386058472557,
                23.23791629995618,
                34.85407176883777,
                55.78004666282431,
                99.99999999999994,
                173.55479611367525,
                291.60081428143906,
                489.9376841991996,
                1254.8492322523298
            ],
            "Temperature": [
                419.2546583850932,
                439.13043478260875,
                456.5217391304348,
                476.39751552795036,
                501.2422360248448,
                517.3913043478261,
                532.2981366459628,
                540.9937888198758,
                547.2049689440994,
                550.9316770186335,
                552.1739130434783,
                552.1739130434783,
                554.6583850931677,
                560.8695652173913,
                560.8695652173913,
                559.6273291925465,
                560.8695652173913,
                565.8385093167702,
                569.5652173913044,
                573.2919254658385,
                575.7763975155281
            ]
        },
        "99": {
            "Time": [
                115.71250131961351,
                92.21227406891028,
                90.72907409904691,
                92.21227406891028,
                106.70112884883348,
                131.74019740142919,
                185.18492662458283,
                306.1367680554116,
                489.9376841991996,
                614.7979268688503,
                1214.8063188672938
            ],
            "Temperature": [
                411.8012422360249,
                440.37267080745346,
                450.31055900621124,
                471.42857142857144,
                483.85093167701865,
                496.27329192546586,
                511.1801242236025,
                524.8447204968945,
                538.5093167701864,
                545.9627329192547,
                557.1428571428571
            ]
        }
    },
    "C": 0.17,
    "Si": 0.2,
    "Mn": 0.54,
    "P": 0.009,
    "S": 0.005,
    "Cr": 1.64,
    "Mo": 0.32,
    "Ni": 1.56,
    "V": 0.01,
    "Al": 0.029,
    "Ti": 0.0025,
    "Nb": 0.031,
    "N": 0.072,
    "B": 0.002,
    "Ms:": 410,
    "Mf:": "",
    "Ac1:": 725,
    "Ac3:": 820,
    "Austenitization Temp:": 880.0,
    "Austenitization Time:": 600.0,
    "Status": 1
}