{
    "Ferrite": {
        "1": {
            "Time": [
                47.683792179020294,
                38.02385803127199,
                23.033479602746382,
                18.367284109722455,
                15.12778281679701,
                12.063148501156476,
                11.491937580777059,
                11.491937580777059,
                16.138574393902964,
                22.3005003213479,
                31.82797357100281,
                39.91384766876795,
                51.69911943846722,
                69.1652005342544,
                94.04043010220387,
                127.862023466955,
                152.75265379534133
            ],
            "Temperature": [
                705.7553956834532,
                704.31654676259,
                704.31654676259,
                700.0,
                694.2446043165468,
                687.0503597122303,
                682.7338129496403,
                676.9784172661871,
                662.589928057554,
                651.0791366906475,
                635.2517985611511,
                628.0575539568346,
                620.863309352518,
                610.7913669064749,
                602.158273381295,
                594.9640287769785,
                590.6474820143885
            ]
        }
    },
    "Pearlite": {
        "1": {
            "Time": [
                20173.22260731086,
                11271.099718832136,
                8843.602493807495,
                5021.606717755299,
                3876.8870294493554,
                2465.21006714222,
                1997.8450307460746,
                2166.0783285926095,
                2587.744226545973,
                3351.821627286725,
                4557.302588890848,
                6297.342340624282,
                8025.911785892762,
                10565.167931894332,
                15078.939075982738
            ],
            "Temperature": [
                700.0,
                701.4388489208633,
                701.4388489208633,
                695.68345323741,
                695.68345323741,
                694.2446043165468,
                688.4892086330935,
                665.4676258992806,
                653.9568345323742,
                643.8848920863309,
                633.8129496402878,
                626.6187050359713,
                619.4244604316547,
                612.2302158273382,
                600.7194244604317
            ]
        },
        "99": {
            "Time": [
                8843.602493807495,
                7052.037397677618,
                6196.334171733231,
                6399.997071805222,
                8424.84263857789,
                11090.313431155928,
                16886.050738443922,
                19217.98566801295,
                26129.724542949465,
                37293.16249350908,
                46767.46395845495,
                52372.236888247266,
                60576.387550687075
            ],
            "Temperature": [
                681.294964028777,
                676.9784172661871,
                668.3453237410072,
                659.7122302158274,
                649.6402877697842,
                641.0071942446043,
                629.4964028776978,
                625.1798561151079,
                620.863309352518,
                613.6690647482014,
                606.4748201438849,
                603.5971223021584,
                599.2805755395684
            ]
        }
    },
    "Bainite": {
        "1": {
            "Time": [
                1.9405344107203195,
                1.6777185295673394,
                1.4504970635428072,
                1.2141425040375704,
                1.0163012784804009,
                0.9223327727230247,
                0.9223327727230247,
                1.032868288640897,
                1.3163822645627448,
                1.73286226645534,
                2.433525800588782,
                3.6458412370707323,
                6.3177407092067295,
                11.12623720484125,
                17.782794100389225,
                31.82797357100281,
                63.79333118470289,
                136.40536771754924,
                214.51648599848448,
                396.5652055501934,
                676.1704382725409,
                1270.3768887185788
            ],
            "Temperature": [
                415.10791366906477,
                426.61870503597123,
                439.568345323741,
                458.27338129496405,
                481.294964028777,
                501.43884892086334,
                524.4604316546763,
                531.6546762589928,
                540.2877697841727,
                546.0431654676258,
                548.9208633093525,
                551.7985611510792,
                553.2374100719425,
                556.1151079136691,
                556.1151079136691,
                560.4316546762591,
                563.3093525179856,
                564.7482014388489,
                567.6258992805756,
                567.6258992805756,
                570.5035971223022,
                576.2589928057554
            ]
        },
        "99": {
            "Time": [
                119.85376615762621,
                112.34708221147027,
                101.95932843692208,
                105.31055707361882,
                127.862023466955,
                157.77337211094974,
                214.51648599848448,
                282.3856976247275,
                396.5652055501934,
                575.2166661538055,
                665.3247935332405,
                919.3547961456931,
                1250.0002859566196
            ],
            "Temperature": [
                410.7913669064748,
                428.05755395683457,
                443.884892086331,
                472.66187050359713,
                488.48920863309354,
                500.0,
                512.9496402877699,
                524.4604316546763,
                534.5323741007194,
                541.726618705036,
                546.0431654676258,
                553.2374100719425,
                557.5539568345324
            ]
        }
    },
    "Ms:": 410,
    "Mf:": "",
    "Ac1:": 730,
    "Ac3:": 820,
    "Status": 1
}