{
    "Ferrite": {},
    "Pearlite": {},
    "Bainite": {
        "1": {
            "Time": [
                37.56176650950389,
                25.576283991811604,
                22.37599174684929,
                18.00705414892726,
                14.983622954729105,
                11.468497683701687,
                9.703705123649138,
                8.489506365746784,
                8.074427812241204,
                8.210481941375066,
                9.384773654638936,
                11.858242279384617,
                14.735332563625168,
                19.906001608804225,
                24.73566881220863
            ],
            "Temperature": [
                381.23515439429923,
                384.08551068883605,
                385.51068883610446,
                391.2114014251781,
                398.33729216152017,
                405.4631828978622,
                409.7387173396674,
                412.5890736342042,
                418.2897862232779,
                421.1401425178147,
                426.84085510688834,
                432.541567695962,
                438.2422802850356,
                448.21852731591446,
                451.0688836104513
            ]
        },
        "99": {
            "Time": [
                1905.9702183408747,
                2142.4681215977175,
                2448.891371668569,
                2943.0345162655613,
                3909.8721312296752,
                4940.36539609214,
                5838.85932020325,
                7757.0253451194485,
                10478.98704238643,
                13690.824650359176,
                18494.97297323699,
                24570.89068994815
            ],
            "Temperature": [
                378.3847980997624,
                388.3610451306413,
                399.7624703087886,
                409.7387173396674,
                419.7149643705463,
                425.41567695961993,
                429.69121140142516,
                433.9667458432304,
                436.8171021377672,
                439.667458432304,
                439.667458432304,
                442.5178147268408
            ]
        }
    },
    "C": 0.183,
    "Si": 0.97,
    "Mn": 2.392,
    "P": 0.012,
    "S": 0.018,
    "Cr": 0.249,
    "Mo": 0.09,
    "Ni": 0.19,
    "Al": 0.02,
    "Cu": 0.211,
    "Ti": 0.033,
    "N": 0.0084,
    "B": 0.0018,
    "Ms:": 390,
    "Mf:": "",
    "Ac1:": 705,
    "Ac3:": 855,
    "Austenitization Temp:": 950.0,
    "Austenitization Time:": 300.0,
    "Status": 1
}