{
    "Ferrite": {
        "1": {
            "Time": [
                88.83628350940573,
                79.22078429309373,
                58.367239573890174,
                43.003041258364284,
                32.916445786002846,
                23.793102632260997,
                19.657683495977103,
                17.867877588502896,
                20.422837709735212,
                24.2517426992967,
                34.197683079311304,
                42.189783507363714,
                56.18047493617766,
                74.81066508681182
            ],
            "Temperature": [
                724.537037037037,
                722.9166666666666,
                711.5740740740741,
                703.4722222222222,
                692.1296296296296,
                679.1666666666666,
                671.0648148148148,
                656.4814814814815,
                641.8981481481482,
                630.5555555555555,
                612.7314814814815,
                604.6296296296296,
                593.287037037037,
                591.6666666666666
            ]
        },
        "99": {
            "Time": [
                9923.919903837721,
                6157.244526280918,
                4366.492011804004,
                3279.099239974809,
                2370.2420748982067,
                1921.2420771125953,
                1415.5072762141933,
                1388.7377215433341,
                1527.846072025312,
                1958.2762802031987,
                2607.666651308247,
                3820.2303649947235,
                5087.069390473435,
                7311.614189483465,
                17936.237390528247,
                32417.493777330343
            ],
            "Temperature": [
                722.9166666666666,
                716.4351851851852,
                713.1944444444443,
                706.7129629629629,
                695.3703703703704,
                690.5092592592592,
                674.3055555555555,
                664.5833333333333,
                658.1018518518518,
                650.0,
                643.5185185185185,
                637.037037037037,
                632.1759259259259,
                624.0740740740741,
                611.1111111111111,
                603.0092592592592
            ]
        }
    },
    "Pearlite": {},
    "Bainite": {
        "1": {
            "Time": [
                1.437293975815612,
                1.210371641049679,
                0.9264724386389244,
                0.6957518898891483,
                0.6204448026530152,
                0.6087111780055383,
                0.8261925230937854,
                1.2337029795122991,
                1.6428152400232436,
                2.026746056404889,
                2.9691819784276654
            ],
            "Temperature": [
                372.91666666666663,
                390.74074074074076,
                410.1851851851851,
                428.00925925925924,
                453.9351851851851,
                473.37962962962956,
                494.4444444444444,
                512.2685185185185,
                523.6111111111111,
                531.7129629629629,
                547.9166666666666
            ]
        },
        "99": {
            "Time": [
                425.1322452839254,
                301.48819736964714,
                230.77251313957845,
                180.0485872683547,
                187.05678511922395,
                325.4151821424517,
                450.1939644647499,
                753.8418871950132,
                1023.1757741596157,
                1442.792845569579,
                2073.71746528702,
                2814.618700518663,
                4896.479197517774,
                6645.901453179211,
                10115.215144323998,
                15395.590520984264,
                20500.972403445638,
                37767.16867103298
            ],
            "Temperature": [
                392.3611111111111,
                397.2222222222222,
                410.1851851851851,
                426.3888888888888,
                432.8703703703703,
                450.69444444444446,
                460.41666666666663,
                473.37962962962956,
                479.8611111111111,
                487.96296296296293,
                496.0648148148148,
                504.16666666666663,
                509.02777777777777,
                512.2685185185185,
                520.3703703703703,
                530.0925925925926,
                536.5740740740741,
                544.6759259259259
            ]
        }
    },
    "Ms:": 370,
    "Mf:": "",
    "Ac1:": 740,
    "Ac3:": 910,
    "Status": 1
}