{
    "Ferrite": {},
    "Pearlite": {},
    "Bainite": {
        "1": {
            "Time": [
                3.4083515150935706,
                3.6486329641395567,
                3.83989657082988,
                4.631060699779736,
                6.969397998027604,
                9.152473108773892,
                11.61686005044064,
                16.331186991000315,
                24.57720796574865,
                39.59434255354931,
                48.572508454911166,
                75.63071825477564
            ],
            "Temperature": [
                375.18072289156623,
                388.1927710843374,
                399.7590361445783,
                411.32530120481925,
                427.2289156626506,
                435.90361445783134,
                441.68674698795184,
                448.9156626506024,
                456.144578313253,
                466.26506024096386,
                470.6024096385542,
                476.3855421686747
            ]
        },
        "99": {
            "Time": [
                10381.788792968888,
                6444.238387749228,
                4583.978832856078,
                2845.391382198726,
                1890.720003265952,
                1515.2119010311355,
                1489.6248995834405,
                1594.6402502072913,
                1827.4029410087214,
                2613.122463373246,
                3673.573701881098,
                5343.3134417576175,
                8179.408406061832,
                12101.52874383945,
                17012.54279852591,
                24327.34278154722,
                35992.58324281104,
                48078.694072531995
            ],
            "Temperature": [
                350.60240963855426,
                353.49397590361446,
                356.38554216867465,
                365.06024096385545,
                375.18072289156623,
                383.85542168674704,
                395.421686746988,
                411.32530120481925,
                420.0,
                427.2289156626506,
                430.12048192771084,
                435.90361445783134,
                441.68674698795184,
                444.578313253012,
                448.9156626506024,
                451.8072289156627,
                457.5903614457831,
                457.5903614457831
            ]
        }
    },
    "C": 0.255,
    "Si": 1.06,
    "Mn": 1.45,
    "P": 0.01,
    "S": 0.011,
    "Cr": 1.02,
    "Mo": 0.084,
    "Ni": 0.2,
    "Al": 0.014,
    "Cu": 0.2,
    "Ti": 0.026,
    "N": 0.0093,
    "B": 0.0029,
    "Ms:": 370,
    "Mf:": "",
    "Ac1:": 741,
    "Ac3:": 851,
    "Austenitization Temp:": 950.0,
    "Austenitization Time:": 300.0,
    "Status": 1
}