{
    "Ferrite": {},
    "Pearlite": {},
    "Bainite": {
        "1": {
            "Time": [
                33.09967949760558,
                34.82172009721571,
                36.01923693445506,
                38.53923446737668,
                47.20726181477098,
                54.96523710369783,
                67.32770836072734,
                96.02379250238117,
                119.62631516045343,
                162.17552619312968
            ],
            "Temperature": [
                333.1730769230769,
                350.4807692307693,
                362.01923076923083,
                377.88461538461536,
                399.5192307692308,
                415.3846153846154,
                432.6923076923077,
                450.0,
                461.53846153846155,
                474.5192307692308
            ]
        },
        "99": {
            "Time": [
                3638.6459063881352,
                2776.2942391581473,
                2118.318160294365,
                1671.864879502196,
                1536.3510275224794,
                1485.2725933314343,
                1729.3602110712166,
                2594.758338665231,
                4308.848589360165,
                7035.312722327089,
                11294.407062582966,
                16108.253594555907,
                21837.70769203697,
                36263.63757331519,
                81638.36025608647
            ],
            "Temperature": [
                328.8461538461538,
                340.38461538461536,
                347.5961538461538,
                360.5769230769231,
                372.11538461538464,
                382.21153846153845,
                389.4230769230769,
                396.6346153846154,
                403.84615384615387,
                408.1730769230769,
                415.3846153846154,
                424.03846153846155,
                429.8076923076923,
                435.5769230769231,
                448.5576923076923
            ]
        }
    },
    "C": 0.305,
    "Si": 0.98,
    "Mn": 2.14,
    "P": 0.011,
    "S": 0.016,
    "Cr": 0.21,
    "Mo": 0.085,
    "Ni": 0.19,
    "Al": 0.0095,
    "Cu": 0.191,
    "Ti": 0.031,
    "N": 0.0055,
    "B": 0.0019,
    "Ac1:": 715,
    "Ac3:": 840,
    "Austenitization Temp:": 950.0,
    "Austenitization Time:": 300.0,
    "Status": 1
}