{
    "Ferrite": {},
    "Pearlite": {},
    "Bainite": {
        "1": {
            "Time": [
                31.77720208524078,
                38.613741954972305,
                44.69012460741436,
                62.85031740896543,
                72.74064554265563,
                107.4062661654598,
                153.52450828944657,
                226.6888625643018,
                238.0053622983905
            ],
            "Temperature": [
                360.4118993135012,
                382.37986270022884,
                394.7368421052631,
                415.33180778032033,
                426.3157894736842,
                441.4187643020595,
                453.7757437070938,
                468.8787185354691,
                468.8787185354691
            ]
        },
        "99": {
            "Time": [
                2349.3352389174884,
                2096.909511792893,
                1965.037962864135,
                1841.4596213051157,
                2201.589008015962,
                3198.4276434719945,
                4799.999418551521,
                6861.029405747399,
                14958.712565489674,
                21381.704003397303,
                31062.94267458745,
                40938.295852067444,
                53953.1648636268
            ],
            "Temperature": [
                353.5469107551487,
                365.9038901601831,
                378.2608695652174,
                400.2288329519451,
                408.46681922196797,
                415.33180778032033,
                423.56979405034326,
                429.0617848970252,
                440.045766590389,
                445.5377574370709,
                453.7757437070938,
                459.2677345537757,
                464.7597254004577
            ]
        }
    },
	"C": 0.256,
    "Si": 1.07,
    "Mn": 1.46,
    "P": 0.011,
    "S": 0.0154,
    "Cr": 0.99,
    "Mo": 0.091,
    "Ni": 0.98,
    "Al": 0.0119,
    "Cu": 0.213,
    "Ti": 0.0267,
    "N": 0.0066,
    "B": 0.0031,
    "Ms:": 358,
    "Mf:": "",
    "Ac1:": 715,
    "Ac3:": 830,
    "Austenitization Temp:": 950.0,
    "Austenitization Time:": 300.0,
    "Status": 1
}