{
    "Ferrite": {
        "1": {
            "Time": [
                40.85153749049515,
                26.85788462394125,
                22.857001902879375,
                16.823619586530484,
                12.382821561415598,
                9.566113990781782,
                6.289251314559843,
                4.270442264211048,
                2.7626826371213467,
                1.7305280135059997,
                1.1016192686322668,
                0.8648737472292878,
                0.6065088297485471,
                0.49177769451313347,
                0.3860913017484013,
                0.30311763821121024,
                0.29826751399559914,
                0.2887988413877941,
                0.29826751399559914,
                0.31814636843146776,
                0.36196701950607607
            ],
            "Temperature": [
                702.0183486238532,
                700.9174311926605,
                700.9174311926605,
                702.0183486238532,
                702.0183486238532,
                699.8165137614678,
                693.2110091743119,
                689.9082568807339,
                685.5045871559632,
                682.2018348623853,
                677.7981651376147,
                674.4954128440367,
                667.8899082568807,
                662.3853211009174,
                652.4770642201835,
                621.651376146789,
                608.440366972477,
                588.6238532110092,
                575.4128440366973,
                558.8990825688073,
                539.0825688073394
            ]
        },
        "99": {
            "Time": [
                4.270442264211048,
                3.4072131206885174,
                2.8076065840133584,
                2.428225227061254,
                2.548617897269706,
                3.2462617728978547,
                4.555057571489485,
                7.1555163885087065,
                11.240563699280324,
                18.83459201412152,
                32.07226245538404,
                55.50194863555876,
                99.19673389865888,
                240.87201169480585,
                384.53750490264594,
                613.8907199567396,
                1097.185880630329,
                1514.9046161922308,
                2707.5371908292586,
                3181.4636843146795
            ],
            "Temperature": [
                541.2844036697247,
                555.5963302752293,
                566.605504587156,
                578.7155963302753,
                595.2293577981651,
                608.440366972477,
                620.5504587155963,
                629.3577981651376,
                640.3669724770642,
                648.0733944954128,
                654.6788990825688,
                665.6880733944954,
                675.5963302752293,
                685.5045871559632,
                687.7064220183486,
                696.5137614678899,
                703.1192660550458,
                703.1192660550458,
                700.9174311926605,
                702.0183486238532
            ]
        }
    },
    "Pearlite": {
        "1": {
            "Time": [
                0.3561752582053504,
                0.6365798531053063,
                0.7601699243433262,
                0.8932298386881288,
                1.0327863940253506,
                1.2332987781176188,
                1.545759258349252,
                2.2042327110672786,
                2.994727205529021,
                3.7534516260871476,
                4.339883871040966,
                8.683684339198921
            ],
            "Temperature": [
                536.880733944954,
                484.0366972477064,
                471.92660550458714,
                463.11926605504584,
                455.4128440366972,
                446.60550458715596,
                435.5963302752293,
                421.2844036697247,
                404.77064220183485,
                399.26605504587155,
                393.76146788990826,
                377.2477064220183
            ]
        },
        "99": {
            "Time": [
                4.629127304176869,
                6.495453186283457,
                9.566113990781782,
                11.989721817647855,
                16.02889846071424,
                22.49127162377176,
                26.85788462394125,
                32.07226245538404,
                46.478321725242395,
                68.45048543538151,
                111.05398588603738
            ],
            "Temperature": [
                537.9816513761468,
                514.8623853211009,
                497.2477064220183,
                485.13761467889907,
                469.7247706422018,
                449.9082568807339,
                437.79816513761466,
                426.7889908256881,
                412.4770642201835,
                401.46788990825684,
                388.2568807339449
            ]
        }
    },
    "Bainite": {
        "1": {
            "Time": [
                14.550306913762658,
                23.606400573505372,
                34.209806126294716,
                46.478321725242395,
                67.35522301865223,
                105.80797160024157,
                141.45325962592904,
                177.29092866222524,
                240.87201169480585,
                261.1034495169398,
                265.3492493572147
            ],
            "Temperature": [
                366.23853211009174,
                360.7339449541284,
                350.8256880733945,
                343.11926605504584,
                334.31192660550454,
                318.89908256880733,
                305.6880733944954,
                289.17431192660547,
                269.35779816513764,
                242.9357798165138,
                234.12844036697243
            ]
        },
        "99": {
            "Time": [
                94.51083740440188,
                166.21319553878223,
                244.78882838440745,
                403.6030744777363,
                604.0679783169858,
                995.9755714808413,
                1490.6649328577503,
                2091.6565157055256,
                2621.5848761102084,
                3080.466302344204
            ],
            "Temperature": [
                391.5596330275229,
                372.8440366972477,
                355.2293577981651,
                335.4128440366972,
                318.89908256880733,
                299.08256880733944,
                282.56880733944956,
                268.25688073394497,
                258.34862385321094,
                250.64220183486236
            ]
        }
    },
    "C": 0.801,
    "Si": 0.196,
    "Mn": 0.45,
    "P": 0.011,
    "S": 0.0009,
    "Al": 0.021,
    "Cr": 0.093,
    "Ti": 0.004,
    "Nb": 0.001,
    "Cu": 0.037,
    "Ni": 0.058,
    "V": 0.001,
    "Mo": 0.013,
    "B": 0.0001,
    "N": 0.0052,
    "Ms:": 232,
    "Mf:": "",
    "Ac1:": 732,
    "Ac3:": 751,
    "Austenitization Temp:": 860.0,
    "Austenitization Time:": 30.0,
    "Status": 1
}