{
    "Ferrite": {
        "1": {
            "Time": [
                18.393171336481004,
                11.8039347645738,
                8.838908944534603,
                5.8954812568884165,
                4.008806328898465,
                3.1806256927941203,
                2.5235391704347663,
                1.8896523396912097,
                1.414991297434576,
                1.16681411736852,
                0.890735463861044,
                0.7488103857590022,
                0.7067181273927492,
                0.6799794883945196,
                0.6799794883945196,
                0.7345082022470302,
                0.8570345397048068,
                1.0393227140738632,
                1.4706325956406003,
                1.6510318218002615,
                2.041186780759476,
                2.475339891950368
            ],
            "Temperature": [
                703.68,
                702.56,
                702.56,
                699.2,
                694.72,
                690.24,
                685.76,
                675.68,
                665.6,
                655.52,
                639.8399999999999,
                623.04,
                608.48,
                593.92,
                573.76,
                554.72,
                536.8,
                522.24,
                503.2,
                494.23999999999995,
                483.03999999999996,
                472.96
            ]
        },
        "99": {
            "Time": [
                569.4346444118067,
                239.08892756196522,
                144.81182276745335,
                76.63410868007456,
                47.31968839012805,
                28.11326088525452,
                19.488671918765714,
                13.772997723801762,
                10.9276295318452,
                9.365355945889608,
                8.342054672685768,
                8.182722485172468,
                8.670086903368325,
                9.365355945889608,
                10.718913192051279,
                12.750512407130131,
                15.763583130072643
            ],
            "Temperature": [
                701.44,
                701.44,
                698.0799999999999,
                689.12,
                679.04,
                667.8399999999999,
                658.88,
                646.56,
                635.36,
                617.4399999999999,
                592.8,
                567.04,
                546.88,
                531.2,
                512.16,
                487.52,
                475.2
            ]
        }
    },
    "Pearlite": {
        "1": {
            "Time": [
                2.247805833548725,
                2.8330961018393244,
                3.857133376008912,
                4.677531818355,
                5.78287831169563,
                7.5752502587719155,
                10.31336373861786,
                15.167168884709229,
                18.393171336481004,
                24.563189408540964,
                34.092850697468116,
                55.21328044308062
            ],
            "Temperature": [
                471.84,
                462.88,
                444.96,
                431.52,
                419.2,
                409.11999999999995,
                393.43999999999994,
                379.99999999999994,
                374.4,
                364.31999999999994,
                359.84,
                351.99999999999994
            ]
        },
        "99": {
            "Time": [
                15.46250068915003,
                22.73965752357929,
                36.826814488770026,
                45.52935074866947,
                65.67807805831586,
                104.33390457129431,
                136.67163564620068,
                172.25859653987877,
                248.49055309871085,
                331.84709750898844,
                418.25441696409325
            ],
            "Temperature": [
                476.32,
                456.15999999999997,
                435.99999999999994,
                424.79999999999995,
                411.35999999999996,
                393.43999999999994,
                384.47999999999996,
                374.4,
                363.19999999999993,
                354.23999999999995,
                347.52
            ]
        }
    },
    "Bainite": {
        "1": {
            "Time": [
                64.42363508721373,
                106.36547160503768,
                139.33287592631393,
                186.07230692331348,
                273.643999707467,
                394.74342764490206,
                517.0920242896763,
                639.2859244017251,
                731.6807143427194,
                870.359136148516
            ],
            "Temperature": [
                349.75999999999993,
                337.43999999999994,
                323.99999999999994,
                310.55999999999995,
                291.5199999999999,
                270.2399999999999,
                248.95999999999992,
                231.03999999999996,
                215.3599999999999,
                197.43999999999994
            ]
        },
        "99": {
            "Time": [
                351.6119701293805,
                760.4523858661785,
                1582.4499510339572,
                2562.7734597173417,
                3696.9127071950293,
                5542.6645206631065,
                8309.941949353406,
                11313.613549762078
            ],
            "Temperature": [
                350.87999999999994,
                330.71999999999997,
                301.59999999999997,
                282.55999999999995,
                270.2399999999999,
                256.79999999999995,
                241.1199999999999,
                224.31999999999994
            ]
        }
    },
    "C": 0.81,
    "Si": 0.203,
    "Mn": 0.46,
    "P": 0.02,
    "S": 0.001,
    "Al": 0.03,
    "Cr": 0.142,
    "Ti": 0.005,
    "Nb": 0.001,
    "Cu": 0.032,
    "Ni": 0.052,
    "V": 0.103,
    "Mo": 0.025,
    "B": 0.0001,
    "N": 0.0057,
    "Ms:": 193,
    "Mf:": "",
    "Ac1:": 731,
    "Ac3:": 757,
    "Austenitization Temp:": 860.0,
    "Austenitization Time:": 600.0,
    "Status": 1
}