{
    "Ferrite": {},
    "Pearlite": {
        "1": {
            "Time": [
                1080.4718223181283,
                890.3890941296728,
                748.0826455225083,
                593.0744895010557,
                548.9032450921557,
                548.9032450921557,
                593.0744895010557,
                792.7927389450597
            ],
            "Temperature": [
                646.4788732394367,
                654.9295774647887,
                661.9718309859155,
                677.4647887323944,
                684.5070422535211,
                690.1408450704225,
                698.5915492957747,
                705.6338028169014
            ]
        },
        "99": {
            "Time": [
                11902.28244778714,
                6660.8462908091515,
                5179.474679231213,
                3656.1601440851896,
                2482.8928805603277,
                2086.064493471956,
                1821.8146985669737,
                1893.69888895036,
                2168.3753109874333,
                2682.6957952797225,
                3383.855153428233,
                4186.477288289947,
                4611.747767708258,
                5705.6157587810185
            ],
            "Temperature": [
                700.0,
                700.0,
                700.0,
                700.0,
                694.3661971830986,
                691.5492957746479,
                688.7323943661972,
                678.8732394366198,
                674.6478873239437,
                667.6056338028169,
                663.3802816901409,
                659.1549295774648,
                656.3380281690141,
                653.5211267605634
            ]
        }
    },
    "Bainite": {
        "1": {
            "Time": [
                16.861288382868796,
                14.725404276241226,
                14.443214647272805,
                13.894954943731369,
                15.306431405563584,
                17.526592085367575,
                21.26821747296209,
                28.985772146510666,
                44.366873309786115,
                69.23666402678724,
                114.50475699382818,
                208.60644934719573,
                461.1747767708253,
                666.0846290809156,
                1501.310728908173,
                2253.933904734788,
                3727.5937203149433,
                7196.856730011517,
                14166.432746690194,
                30129.477247269882,
                59307.44895010561
            ],
            "Temperature": [
                423.94366197183103,
                453.5211267605634,
                467.60563380281695,
                491.54929577464793,
                515.4929577464789,
                529.5774647887324,
                542.2535211267606,
                549.2957746478874,
                560.5633802816901,
                569.0140845070423,
                576.056338028169,
                577.4647887323944,
                577.4647887323944,
                580.2816901408451,
                583.0985915492959,
                585.9154929577464,
                590.1408450704225,
                591.5492957746479,
                592.9577464788733,
                590.1408450704225,
                591.5492957746479
            ]
        }
    },
    "C": 0.18,
    "Si": 0.4,
    "Mn": 0.75,
    "P": 0.01,
    "S": 0.022,
    "Cr": 0.35,
    "Mo": 0.5,
    "Ni": 0.1,
    "Al": 0.033,
    "N": 0.007,
    "Ms:": 413,
    "Mf:": "",
    "Ac1:": 734,
    "Ac3:": 865,
    "Austenitization Temp:": 950.0,
    "Austenitization Time:": 600.0,
    "Status": 1
}