{
    "Ferrite": {
        "1": {
            "Time": [
                61.55316001003604,
                40.30647542477665,
                28.17006414654511,
                21.708692319540624,
                16.72936631499578,
                13.103805976940329,
                9.616717847337542,
                7.909722453744311,
                9.010280909103898,
                11.69209952639002,
                14.448749733858838,
                22.065094874717833,
                32.61647761260104,
                46.668521821464026,
                68.98510094090089,
                105.34910114997469,
                212.1937916848951,
                324.0471481336175,
                511.2437428171379,
                719.6856730011522,
                1099.0523711219762
            ],
            "Temperature": [
                704.6439628482972,
                697.2136222910217,
                693.498452012384,
                688.5448916408668,
                683.5913312693499,
                677.3993808049536,
                669.969040247678,
                652.6315789473684,
                642.7244582043344,
                629.1021671826625,
                622.9102167182663,
                610.5263157894736,
                601.8575851393189,
                593.1888544891641,
                588.2352941176471,
                582.0433436532508,
                574.6130030959753,
                573.374613003096,
                572.1362229102167,
                569.6594427244581,
                575.8513931888544
            ]
        }
    },
    "Pearlite": {
        "1": {
            "Time": [
                48845.66487186822,
                27178.728618105273,
                20606.433355929803,
                13493.583424760953,
                9585.448693625796,
                4315.963800971169,
                3219.432688616332,
                2647.9740208367607,
                2362.7010236111296,
                2250.0510004419198,
                2286.991223004963,
                3016.4130166734467,
                4758.9441518262865,
                6075.648565661862,
                10065.34937908234,
                12642.66863784354,
                16948.73148972641,
                21638.105613369502
            ],
            "Temperature": [
                699.6904024767802,
                694.7368421052631,
                692.2600619195047,
                688.5448916408668,
                686.0681114551084,
                682.3529411764706,
                677.3993808049536,
                669.969040247678,
                663.7770897832818,
                655.1083591331269,
                646.4396284829721,
                635.2941176470588,
                626.625386996904,
                622.9102167182663,
                614.2414860681115,
                609.2879256965944,
                606.8111455108359,
                603.0959752321982
            ]
        },
        "99": {
            "Time": [
                51291.14956463772,
                25882.887807971794,
                18386.449715864226,
                13493.583424760953,
                10569.276552527352,
                6921.014056023305,
                6591.030538864693,
                7884.0036657804985,
                11280.641689366003,
                14401.769029678588,
                18386.449715864226,
                24648.830734259715,
                33586.66653504927,
                41505.40611326218,
                48056.693880875035,
                59387.036635653356
            ],
            "Temperature": [
                674.922600619195,
                677.3993808049536,
                677.3993808049536,
                673.6842105263158,
                668.7306501547987,
                656.3467492260062,
                647.6780185758514,
                645.2012383900928,
                637.7708978328174,
                635.2941176470588,
                631.578947368421,
                625.3869969040247,
                616.71826625387,
                610.5263157894736,
                606.8111455108359,
                600.6191950464396
            ]
        }
    },
    "Bainite": {
        "1": {
            "Time": [
                1.3189438535361162,
                1.3189438535361162,
                1.2357703337409014,
                1.2357703337409014,
                1.2357703337409014,
                1.2357703337409014,
                1.362606887813415,
                1.5024616468142586,
                2.294451727189512,
                3.075936525289425,
                3.926986478874693,
                5.013504888178282,
                5.997012255327002
            ],
            "Temperature": [
                414.8606811145511,
                429.72136222910217,
                450.7739938080495,
                465.6346749226006,
                481.7337461300309,
                508.9783281733746,
                525.077399380805,
                532.5077399380805,
                543.6532507739938,
                543.6532507739938,
                543.6532507739938,
                543.6532507739938,
                544.8916408668731
            ]
        },
        "99": {
            "Time": [
                95.54281212853745,
                90.98747487156989,
                86.64932922810415,
                85.2497412128869,
                81.18516206096218,
                81.18516206096218,
                101.9733209042317,
                134.49708483130235,
                195.60141596836715,
                334.7745810705734,
                393.9796890547289,
                519.637089296805
            ],
            "Temperature": [
                419.8142414860681,
                435.9133126934984,
                450.7739938080495,
                466.8730650154798,
                480.4953560371517,
                496.594427244582,
                508.9783281733746,
                513.9318885448916,
                522.6006191950464,
                533.7461300309598,
                534.984520123839,
                536.2229102167182
            ]
        }
    },
    "C": 0.16,
    "Si": 0.22,
    "Mn": 0.56,
    "P": 0.01,
    "S": 0.007,
    "Cr": 1.64,
    "Mo": 0.31,
    "Ni": 1.54,
    "V": 0.009,
    "Al": 0.03,
    "Ti": 0.0024,
    "Nb": 0.005,
    "N": 0.012,
    "B": 0.0002,
    "W": 0.008,
    "Ms:": 405,
    "Mf:": "",
    "Ac1:": 735,
    "Ac3:": 825,
    "Austenitization Temp:": 880.0,
    "Austenitization Time:": 600.0,
    "Status": 1
}