{
    "Ferrite": {
        "1": {
            "Time": [
                153.68430818298887,
                113.32286579223076,
                66.7594169114428,
                47.67305467994144,
                35.15288737850902,
                26.339820642807084,
                20.055265339684883,
                15.517001404550971,
                13.007868208266256,
                10.904467358880177,
                10.904467358880177,
                14.788238105679621,
                19.736249373341597,
                25.50851853866988,
                37.48143035865173,
                44.00013804131006,
                51.65256846201065
            ],
            "Temperature": [
                594.4954128440368,
                603.0581039755352,
                616.5137614678899,
                625.0764525993884,
                632.4159021406728,
                640.9785932721712,
                653.2110091743119,
                664.2201834862385,
                671.559633027523,
                685.0152905198777,
                688.6850152905199,
                697.2477064220184,
                697.2477064220184,
                700.9174311926606,
                707.0336391437309,
                709.4801223241591,
                709.4801223241591
            ]
        }
    },
    "Pearlite": {
        "1": {
            "Time": [
                18869.744367039377,
                12238.937939376043,
                8464.01845579318,
                5231.942382893293,
                3676.7119787118854,
                2384.7196259328803,
                2031.4186855594714,
                1936.0121476543413,
                2165.9807677309095,
                2384.7196259328803,
                2844.716535607704,
                3339.464877872362,
                4316.15957698154,
                5402.447177400678,
                6654.56661913121,
                8464.01845579318,
                10259.874802734816,
                11852.66898943212,
                12637.795083744659,
                16597.998091189256
            ],
            "Temperature": [
                702.1406727828746,
                703.3639143730887,
                703.3639143730887,
                702.1406727828746,
                699.6941896024465,
                693.5779816513761,
                688.6850152905199,
                680.1223241590214,
                670.3363914373089,
                661.7737003058104,
                649.5412844036697,
                642.2018348623853,
                633.6391437308869,
                628.7461773700306,
                625.0764525993884,
                620.1834862385322,
                612.8440366972477,
                607.9510703363915,
                605.5045871559633,
                600.611620795107
            ]
        },
        "99": {
            "Time": [
                10096.672580310029,
                7445.0273114689935,
                6762.130774834749,
                6654.56661913121,
                7565.368443023013,
                9936.066390089958,
                13692.736497681119,
                18869.744367039377,
                21452.42158248141,
                28630.20861500055,
                37003.69778506084,
                47065.42122291327,
                59863.040925184556
            ],
            "Temperature": [
                683.7920489296637,
                683.7920489296637,
                677.6758409785933,
                662.9969418960245,
                655.65749235474,
                647.0948012232416,
                639.7553516819572,
                629.9694189602446,
                627.5229357798165,
                621.4067278287462,
                615.2905198776758,
                609.1743119266055,
                603.0581039755352
            ]
        }
    },
    "Bainite": {
        "1": {
            "Time": [
                1.8689072282920318,
                1.4693691561049063,
                1.1928934976978174,
                1.0492799273086806,
                0.9229561297615619,
                0.9082748110833335,
                1.0,
                1.1368686912342771,
                1.3561632695095966,
                1.8099232840812853,
                2.53454333713064,
                3.606642234581392,
                5.2151907169296825,
                8.17064360448079,
                19.736249373341597,
                27.637845089408305,
                50.02237934915172,
                84.91205651348855,
                156.16845535600837,
                208.42101385776257,
                301.3759796472399,
                519.8492686555317,
                1275.9967909762138
            ],
            "Temperature": [
                422.0183486238532,
                441.59021406727834,
                455.04587155963304,
                470.9480122324159,
                489.2966360856269,
                506.42201834862385,
                522.3241590214068,
                535.7798165137615,
                544.34250764526,
                554.1284403669724,
                556.5749235474007,
                556.5749235474007,
                557.7981651376147,
                559.0214067278288,
                565.1376146788991,
                566.3608562691131,
                568.8073394495414,
                568.8073394495414,
                571.2538226299694,
                573.7003058103976,
                576.1467889908257,
                576.1467889908257,
                578.5932721712538
            ]
        },
        "99": {
            "Time": [
                115.15461218211634,
                99.67981937227793,
                93.48718634199568,
                96.5338585585007,
                124.76715682235675,
                163.8644254838615,
                201.84310925788128,
                282.6529235878484,
                389.5195393267266,
                554.2843166851902,
                788.7437540468663,
                1086.9553366840762,
                1404.8576217304596
            ],
            "Temperature": [
                415.9021406727829,
                442.8134556574924,
                457.49235474006116,
                472.17125382263,
                492.96636085626915,
                507.64525993883797,
                516.2079510703364,
                527.217125382263,
                537.0030581039755,
                545.565749235474,
                551.6819571865444,
                556.5749235474007,
                560.2446483180429
            ]
        }
    },
    "C": 0.17,
    "Si": 0.2,
    "Mn": 0.54,
    "P": 0.009,
    "S": 0.005,
    "Cr": 1.64,
    "Mo": 0.32,
    "Ni": 1.56,
    "V": 0.01,
    "Al": 0.029,
    "Ti": 0.0025,
    "Nb": 0.031,
    "N": 0.072,
    "B": 0.002,
    "Ms:": 410,
    "Mf:": "",
    "Ac1:": 725,
    "Ac3:": 820,
    "Austenitization Temp:": 880.0,
    "Austenitization Time:": 600.0,
    "Status": 1
}