{
    "Ferrite": {
        "1": {
            "Time": [
                12.431609600508844,
                11.086031784226915,
                8.325263918890403,
                7.010857570707427,
                5.6827759088973915,
                4.785569910057231,
                4.267587370694365,
                3.9538020784318832,
                3.879029223021765,
                4.267587370694365,
                5.3664230804767135,
                6.495366310483474,
                7.861807180438682,
                9.699134942858393
            ],
            "Temperature": [
                619.7802197802198,
                630.7692307692307,
                651.3736263736264,
                663.7362637362637,
                687.0879120879121,
                704.945054945055,
                721.4285714285714,
                733.7912087912088,
                746.1538461538462,
                759.8901098901099,
                776.3736263736264,
                785.989010989011,
                795.6043956043956,
                802.4725274725274
            ]
        }
    },
    "Pearlite": {
        "1": {
            "Time": [
                1884.90825129379,
                1415.5072762141933,
                1336.7078060856413,
                1262.295001145522,
                1238.42294085185,
                1336.7078060856413,
                1587.3158391636002,
                1779.9778323982177,
                1996.024361162131,
                2370.2420748982067,
                2868.873789879539,
                3096.5560012710034,
                4045.43450247344
            ],
            "Temperature": [
                720.054945054945,
                714.5604395604396,
                707.6923076923076,
                700.8241758241759,
                689.8351648351648,
                685.7142857142858,
                677.4725274725274,
                673.3516483516484,
                670.6043956043956,
                666.4835164835165,
                660.9890109890109,
                658.2417582417582,
                654.1208791208792
            ]
        },
        "99": {
            "Time": [
                7596.210917658568,
                5087.069390473435,
                3968.928728253068,
                3156.2457640544812,
                2195.9639552955264,
                2154.4346900318833,
                2709.1672745497017,
                3472.403477020906,
                4123.415015569165,
                5814.478639961702,
                6774.0090285177,
                9736.242368809055
            ],
            "Temperature": [
                729.6703296703297,
                721.4285714285714,
                717.3076923076924,
                717.3076923076924,
                709.065934065934,
                704.945054945055,
                692.5824175824175,
                682.967032967033,
                674.7252747252747,
                663.7362637362637,
                659.6153846153846,
                651.3736263736264
            ]
        }
    },
    "Bainite": {
        "1": {
            "Time": [
                1.5220230416575244,
                1.0589504076880527,
                0.7654446016559452,
                0.5325595282075704,
                0.28908675379071797,
                0.20896152784194535,
                0.12479171061960455,
                0.08044010648138984,
                0.053869542049792635,
                0.03472403477020913,
                0.026076666513082488,
                0.019582762802032,
                0.016491004031052064,
                0.013887377215433351,
                0.012384229408518507,
                0.012866272235081177,
                0.01527846072025313,
                0.022382937460433367,
                0.04366492011804011,
                0.09020360210610161,
                0.15395590520984279,
                0.3003391451444543,
                0.6087111780055383,
                1.1001689147806708,
                2.361208447863487,
                3.4591692178464255,
                5.46986720373429,
                10.876376815356355,
                13.164458054677555,
                21.626772318871033,
                27.719543234652928,
                32.916445786002846,
                46.41588833612778,
                66.71327668764661
            ],
            "Temperature": [
                428.84615384615387,
                428.84615384615387,
                431.5934065934066,
                437.08791208791206,
                443.95604395604397,
                445.3296703296703,
                449.45054945054943,
                453.57142857142856,
                459.0659340659341,
                468.68131868131866,
                475.54945054945057,
                485.16483516483515,
                492.032967032967,
                505.7692307692308,
                516.7582417582418,
                525.0,
                533.2417582417582,
                537.3626373626373,
                542.8571428571429,
                549.7252747252747,
                553.8461538461538,
                557.967032967033,
                564.8351648351648,
                566.2087912087911,
                570.3296703296703,
                571.7032967032967,
                575.8241758241759,
                575.8241758241759,
                577.1978021978023,
                585.4395604395604,
                589.5604395604396,
                592.3076923076924,
                595.054945054945,
                597.8021978021977
            ]
        },
        "99": {
            "Time": [
                53.052980128534365,
                48.22257692957175,
                42.189783507363714,
                36.21365043882354,
                31.683210838290627,
                31.084029570249168,
                32.29394203074459,
                36.21365043882354,
                47.31060923348305
            ],
            "Temperature": [
                553.8461538461538,
                542.8571428571429,
                526.3736263736264,
                514.0109890109891,
                485.16483516483515,
                474.1758241758242,
                460.4395604395604,
                446.7032967032967,
                430.2197802197802
            ]
        }
    },
    "C": 0.184,
    "Si": 1.52,
    "Mn": 0.75,
    "Cr": 0.35,
    "Mo": 0.5,
    "Ni": 0.108,
    "Al": 0.0335,
    "N": 0.0085,
    "Ms:": 415,
    "Mf:": "",
    "Ac1:": 763,
    "Ac3:": 956,
    "Austenitization Temp:": 1000.0,
    "Austenitization Time:": 600.0,
    "Status": 1
}