{
    "Ferrite": {},
    "Pearlite": {},
    "Bainite": {
        "1": {
            "Time": [
                3.4083515150935697,
                3.183893848632208,
                2.9742178864082676,
                2.9339696788068728,
                2.9339696788068728,
                3.0563782508758006,
                3.4083515150935697
            ],
            "Temperature": [
                363.59447004608296,
                382.9493087557604,
                406.4516129032258,
                435.48387096774195,
                465.89861751152074,
                486.6359447004608,
                503.2258064516129
            ]
        },
        "99": {
            "Time": [
                309.83056597506135,
                327.1846342033912,
                359.9258324281102,
                385.2998292655621,
                472.6680128446707,
                519.9676580150824,
                579.8472602294992,
                711.32980455385,
                826.3418789209366,
                1013.7180039358011,
                1226.7537562776627,
                1567.711962247805,
                1871.497921467734
            ],
            "Temperature": [
                503.2258064516129,
                482.4884792626728,
                464.51612903225805,
                452.073732718894,
                429.95391705069125,
                417.5115207373272,
                409.2165898617512,
                394.00921658986175,
                385.71428571428567,
                378.8018433179724,
                369.1244239631336,
                359.44700460829495,
                352.53456221198155
            ]
        }
    },
    "C": 0.25,
    "Si": 0.98,
    "Mn": 1.52,
    "P": 0.011,
    "S": 0.012,
    "Cr": 1.05,
    "Mo": 0.05,
    "Ni": 0.23,
    "Al": 0.011,
    "Cu": 0.21,
    "Sn": 0.001,
    "N": 0.008,
    "W": 0.012,
    "Ms:": 360,
    "Mf:": "",
    "Ac1:": 750,
    "Ac3:": 850,
    "Austenitization Temp:": 950.0,
    "Austenitization Time:": 300.0,
    "Status": 1
}