{
    "Ferrite": {},
    "Pearlite": {},
    "Bainite": {
        "1": {
            "Time": [
                1.343117101890287,
                1.0853934304764161,
                1.05039419549873,
                0.8488395818952281,
                0.8214681835147608,
                0.7693447534197376,
                0.7949793941281267,
                0.8628654117507902,
                0.9837450549476735,
                1.2173326004196134,
                1.4341138495234171,
                1.8337714027808947
            ],
            "Temperature": [
                374.82678983833716,
                406.6974595842956,
                416.3972286374134,
                452.42494226327943,
                470.4387990762125,
                491.2240184757506,
                513.3949191685913,
                518.9376443418014,
                525.8660508083141,
                530.0230946882217,
                532.7944572748268,
                539.7228637413396
            ]
        },
        "99": {
            "Time": [
                320.1386271998941,
                262.9836965588064,
                226.91953561495947,
                195.80101853270003,
                158.22979165173598,
                143.41138495234156,
                132.12848072002194,
                132.12848072002194,
                153.12756650185776,
                183.37714027808943,
                238.35496305522048,
                304.7795090374538,
                444.31076198376354,
                626.8346927739966,
                884.3398937958418,
                1149.4715338799033,
                1569.385144581264
            ],
            "Temperature": [
                377.5981524249422,
                384.526558891455,
                396.99769053117785,
                406.6974595842956,
                420.554272517321,
                430.2540415704388,
                441.3394919168591,
                457.9676674364896,
                474.59584295612007,
                488.4526558891455,
                496.76674364896076,
                502.3094688221709,
                512.0092378752887,
                517.5519630484989,
                525.8660508083141,
                528.6374133949191,
                531.4087759815243
            ]
        }
    },
    "Ms:": 370,
    "Mf:": "",
    "Ac1:": 745,
    "Ac3:": 860,
    "Austenitization Temp:": 950.0,
    "Austenitization Time:": 300.0,
    "Status": 1
}