{
    "Ferrite": {
        "1": {
            "Time": [
                1.8529220216409525,
                1.4263325039166361,
                0.9454734778528037,
                0.8141684814475714,
                0.6628703161826446,
                0.6151216869867203,
                0.5815812406980181,
                0.6267263032065926,
                0.7555213705805082,
                0.9633103662094753,
                1.4263325039166361,
                1.9967545159457842,
                2.848035868435802,
                3.7696297938567906,
                6.728559201536738,
                8.905848945565655,
                12.236644347884653,
                13.946990962366007,
                15.896397032896157
            ],
            "Temperature": [
                751.0869565217391,
                741.5760869565217,
                725.2717391304348,
                715.7608695652174,
                702.1739130434783,
                687.2282608695652,
                664.1304347826087,
                647.8260869565217,
                632.8804347826087,
                626.0869565217391,
                620.6521739130435,
                616.5760869565217,
                616.5760869565217,
                616.5760869565217,
                615.2173913043478,
                613.8586956521739,
                611.1413043478261,
                609.7826086956521,
                608.4239130434783
            ]
        },
        "99": {
            "Time": [
                917.6188738139422,
                514.0897690763176,
                310.37241601171246,
                170.66436812963425,
                111.0336318167638,
                61.05402296585331,
                46.12761911061527,
                35.50787442608623,
                31.153474758375886,
                30.576629464606153,
                32.95013079491799,
                39.72153051756836,
                52.574992666386294,
                61.05402296585331,
                88.72621353826388,
                117.43706663133928,
                167.50430530090298,
                201.92719161709965,
                221.7069057519845
            ],
            "Temperature": [
                747.0108695652174,
                747.0108695652174,
                747.0108695652174,
                749.7282608695652,
                748.3695652173913,
                736.1413043478261,
                729.3478260869565,
                722.554347826087,
                713.0434782608695,
                702.1739130434783,
                684.5108695652174,
                672.2826086956521,
                658.695652173913,
                649.1847826086956,
                638.3152173913044,
                628.804347826087,
                623.3695652173913,
                620.6521739130435,
                617.9347826086956
            ]
        }
    },
    "Pearlite": {
        "1": {
            "Time": [
                18.46008796766368,
                38.264162109279624,
                54.577418151600895,
                85.47088125592512,
                108.97770616287049,
                144.24172552410653,
                183.91213650323505,
                282.68235537403075,
                395.73330070046313,
                631.4292198615675,
                706.3597985462447,
                1065.6078290155583
            ],
            "Temperature": [
                608.4239130434783,
                601.6304347826087,
                596.195652173913,
                594.8369565217391,
                592.1195652173913,
                589.4021739130435,
                585.3260869565217,
                578.5326086956521,
                566.304347826087,
                547.2826086956521,
                543.2065217391305,
                533.695652173913
            ]
        },
        "99": {
            "Time": [
                230.1510640068971,
                426.45197480247634,
                643.341486851213,
                988.8487528376507,
                1519.911082952933,
                2565.0209056800427,
                5218.341147110974,
                7037.24380502375,
                8326.347754054295,
                14051.648347492657
            ],
            "Temperature": [
                616.5760869565217,
                601.6304347826087,
                593.4782608695652,
                585.3260869565217,
                578.5326086956521,
                567.6630434782609,
                555.4347826086956,
                548.6413043478261,
                545.9239130434783,
                533.695652173913
            ]
        }
    },
    "Bainite": {
        "1": {
            "Time": [
                2.452507756620109,
                2.1119096016108974,
                1.9597821250882566,
                1.8878784366095522,
                1.8878784366095522,
                2.034424411729101,
                2.1923459724834466,
                2.593946645853907,
                2.901765665210698,
                4.296520448882291,
                6.361674269215423,
                12.236644347884653,
                21.04030097875602,
                44.43521365781799,
                92.10553176894817,
                144.24172552410653,
                340.7748477738814,
                667.8444553469237
            ],
            "Temperature": [
                354.3478260869565,
                386.95652173913044,
                405.9782608695652,
                425.0,
                461.6847826086956,
                490.2173913043478,
                507.8804347826087,
                520.1086956521739,
                525.5434782608695,
                529.6195652173913,
                533.695652173913,
                537.7717391304348,
                539.1304347826087,
                543.2065217391305,
                541.8478260869565,
                540.4891304347826,
                536.4130434782609,
                537.7717391304348
            ]
        },
        "99": {
            "Time": [
                1192.061608421846,
                1192.061608421846,
                1192.061608421846,
                1169.9891065890654,
                1214.550520402732,
                1358.6790631957078,
                1519.911082952933,
                1700.2762187632252,
                2208.79720539757,
                2336.1810321890903
            ],
            "Temperature": [
                359.7826086956522,
                377.445652173913,
                396.4673913043478,
                419.5652173913043,
                439.94565217391306,
                461.6847826086956,
                480.70652173913044,
                494.29347826086956,
                509.2391304347826,
                511.95652173913044
            ]
        }
    },
    "C": 0.396,
    "Si": 1.91,
    "Mn": 0.578,
    "S": 0.0057,
    "Cr": 1.34,
    "Mo": 0.016,
    "Ni": 0.075,
    "V": 0.0049,
    "Al": 0.026,
    "Cu": 0.065,
    "Ti": 0.0039,
    "Nb": 0.035,
    "B": 0.0022,
    "P": 0.0094,
    "Ms:": 299,
    "Mf:": "",
    "Ac1:": 780,
    "Ac3:": 868,
    "Austenitization Temp:": 920.0,
    "Austenitization Time:": 600.0,
    "Status": 1
}