{
    "Ferrite": {
        "1": {
            "Time": [
                2.7052249849275336,
                3.101168926574778,
                3.288131309842427,
                3.288131309842427,
                3.6251170499885323,
                4.1556988469563505,
                5.150678076168123,
                7.4624486537230315,
                13.14147362611756,
                20.187602546790387,
                35.550642792139456,
                57.90443980602486,
                128.87524132383666,
                166.0882782627715,
                355.5064279213945
            ],
            "Temperature": [
                599.4269340974212,
                620.9169054441261,
                635.243553008596,
                661.0315186246419,
                681.0888252148998,
                695.4154727793696,
                711.1747851002865,
                721.2034383954154,
                726.9340974212034,
                732.6647564469914,
                738.3954154727794,
                742.6934097421204,
                748.4240687679084,
                751.2893982808023,
                754.1547277936962
            ]
        },
        "99": {
            "Time": [
                3696.550215126696,
                2099.1037201085537,
                1448.8283956730525,
                980.6757216915767,
                717.6822469706301,
                369.65502151266986,
                286.83168133420116,
                166.0882782627715,
                92.49147277217327,
                56.78547829591991,
                43.21089088750564,
                36.25117049988532,
                32.88131309842427,
                36.25117049988532,
                44.06236427773571,
                67.68750009458536,
                136.64483492953246,
                250.21024303602786,
                316.22776601683796,
                440.62364277735736,
                775.944230814053,
                1019.7050644580963,
                1506.4894744719145,
                2225.6538834596818,
                3224.590545296391,
                4953.535208959175
            ],
            "Temperature": [
                745.5587392550143,
                739.8280802292263,
                738.3954154727794,
                734.0974212034384,
                729.7994269340975,
                719.7707736389684,
                712.6074498567335,
                702.5787965616046,
                692.5501432664756,
                685.3868194842407,
                676.7908309455587,
                668.1948424068768,
                653.8681948424069,
                640.974212034384,
                629.512893982808,
                613.7535816618911,
                592.2636103151863,
                567.9083094555874,
                559.3123209169055,
                547.8510028653295,
                532.0916905444126,
                523.4957020057307,
                513.4670487106017,
                500.5730659025788,
                489.11174785100286,
                474.78510028653295
            ]
        }
    },
    "Pearlite": {},
    "Bainite": {
        "1": {
            "Time": [
                2.5021024303602797,
                2.4537511066398174,
                2.269510536694668,
                2.4537511066398174,
                2.7052249849275336,
                3.162277660168379,
                3.5550642792139473,
                4.493061600600462,
                6.139536607422715,
                8.22724134170047,
                11.919860873910908,
                16.287874214985504
            ],
            "Temperature": [
                586.5329512893983,
                563.6103151862465,
                539.2550143266476,
                496.2750716332378,
                479.0830945558739,
                451.86246418338106,
                431.8051575931232,
                403.15186246418335,
                384.5272206303725,
                370.2005730659026,
                364.4699140401146,
                358.73925501432666
            ]
        },
        "99": {
            "Time": [
                5150.678076168124,
                3352.9241492495566,
                2601.6821499673138,
                1831.0991642315705,
                924.9147277217328,
                613.9536607422708,
                525.2172519661916,
                579.0443980602482,
                855.4672535565675,
                1191.986087391091,
                1795.7144943716387,
                2453.7511066398156,
                3769.3909753883586,
                4406.2364277735705,
                5252.172519661922
            ],
            "Temperature": [
                446.13180515759313,
                436.1031518624642,
                434.67048710601716,
                428.93982808022923,
                420.34383954154725,
                413.1805157593123,
                404.5845272206304,
                394.55587392550143,
                381.6618911174785,
                370.2005730659026,
                355.87392550143267,
                342.9799426934097,
                332.9512893982808,
                330.0859598853868,
                324.35530085959886
            ]
        }
    },
    "C": 0.565,
    "Si": 1.48,
    "Mn": 0.713,
    "P": 0.007,
    "S": 0.004,
    "Cr": 0.662,
    "V": 0.143,
    "Al": 0.001,
    "Cu": 0.022,
    "Ms:": 290,
    "Mf:": "",
    "Ac1:": 760,
    "Ac3:": 834,
    "Austenitization Temp:": 860.0,
    "Austenitization Time:": 1200.0,
    "Status": 1
}