{
    "Ferrite": {
        "1": {
            "Time": [
                354.8133892335756,
                227.58459260747875,
                183.7746965387512,
                132.26001615907373,
                87.67123872968689,
                69.63974029624319,
                50.11872336272725,
                37.89408531634213,
                30.59949687207196,
                25.535411282038556,
                25.535411282038556,
                28.651202696637814,
                38.52248420036752,
                49.30116056833155,
                64.1420531223693,
                96.76410537094537,
                127.98022139979541,
                172.07361621198896,
                311.0692935198611,
                378.940853163421,
                662.8703161826445,
                743.7527275659055,
                1159.5399451074386
            ],
            "Temperature": [
                752.7777777777778,
                750.0,
                748.6111111111111,
                745.8333333333334,
                744.4444444444445,
                741.6666666666666,
                733.3333333333334,
                726.3888888888889,
                711.1111111111111,
                691.6666666666666,
                670.8333333333334,
                655.5555555555555,
                643.0555555555555,
                636.1111111111111,
                630.5555555555555,
                619.4444444444445,
                609.7222222222222,
                597.2222222222222,
                579.1666666666667,
                573.6111111111111,
                558.3333333333334,
                556.9444444444445,
                543.0555555555555
            ]
        },
        "99": {
            "Time": [
                951.8563874058619,
                662.8703161826445,
                432.22938178368184,
                301.0034189582137,
                213.0941015366798,
                145.9774302886169,
                132.26001615907373,
                138.94954943731383,
                231.35863551739564,
                301.0034189582137,
                454.09096109724777,
                673.8627168030952,
                1159.5399451074386,
                1899.2031790533342,
                2238.721138568339,
                3162.27766016838
            ],
            "Temperature": [
                730.5555555555555,
                727.7777777777778,
                723.6111111111111,
                722.2222222222222,
                713.8888888888889,
                704.1666666666666,
                693.0555555555555,
                677.7777777777778,
                652.7777777777778,
                643.0555555555555,
                633.3333333333334,
                623.6111111111111,
                609.7222222222222,
                595.8333333333334,
                591.6666666666667,
                586.1111111111111
            ]
        }
    },
    "Pearlite": {},
    "Bainite": {
        "1": {
            "Time": [
                14.839817889675654,
                12.38389162892672,
                11.037155032027574,
                10.680004325145761,
                10.505786516024191,
                10.505786516024191,
                11.787686347935875,
                12.38389162892672,
                14.359617019622155,
                39.16130384410117,
                59.07837911587946,
                119.83161944838328,
                166.5054953069651,
                311.0692935198611,
                509.4984382828267,
                951.8563874058619,
                1068.0004325145767,
                1837.746965387512
            ],
            "Temperature": [
                302.77777777777777,
                326.3888888888889,
                348.61111111111114,
                376.3888888888889,
                405.55555555555554,
                430.55555555555554,
                463.8888888888889,
                468.05555555555554,
                476.3888888888889,
                487.5,
                488.8888888888889,
                491.6666666666667,
                494.44444444444446,
                501.3888888888889,
                505.55555555555554,
                511.11111111111114,
                511.11111111111114,
                512.5
            ]
        },
        "99": {
            "Time": [
                2275.84592607479,
                1930.6977288832506,
                1611.1755292724615,
                1508.59070860018,
                1508.59070860018,
                1508.59070860018,
                1533.6077187700132,
                1692.666615037877,
                2390.9551442705124,
                2912.632654908737,
                3727.5937203149433,
                4616.211666904801
            ],
            "Temperature": [
                490.27777777777777,
                484.72222222222223,
                468.05555555555554,
                454.1666666666667,
                438.8888888888889,
                420.83333333333337,
                404.1666666666667,
                380.55555555555554,
                345.83333333333337,
                334.72222222222223,
                326.3888888888889,
                320.83333333333337
            ]
        }
    },
    "C": 0.443,
    "Si": 1.525,
    "Mn": 0.6442,
    "P": 0.0075,
    "S": 0.0026,
    "Cr": 1.354,
    "Mo": 0.046,
    "Ni": 0.125,
    "V": 0.066,
    "Al": 0.022,
    "Cu": 0.077,
    "Ti": 0.0037,
    "N": 0.005,
    "B": 0.0002,
    "Ms:": 290,
    "Mf:": "",
    "Ac1:": 780,
    "Ac3:": 840,
    "Austenitization Temp:": 900.0,
    "Austenitization Time:": 600.0,
    "Status": 1
}