{
    "Ferrite": {
        "1": {
            "Time": [
                60.7039264789507,
                46.91683114474258,
                33.999186945035504,
                26.703822129786143,
                15.951341129587675,
                12.528587137824179,
                10.49491730700251,
                9.07908240737575,
                8.512750994298012,
                10.66527426146621,
                18.738174228603835,
                30.37508364336092,
                39.93913009767196,
                59.73429965216526,
                78.5425315404061,
                140.23394347068862,
                203.09176209047337,
                303.7508364336091,
                469.16831144742594,
                668.6130134652751,
                1155.9447129234723
            ],
            "Temperature": [
                706.1728395061729,
                706.1728395061729,
                696.2962962962963,
                693.8271604938271,
                681.4814814814815,
                677.7777777777778,
                671.604938271605,
                662.9629629629629,
                645.679012345679,
                633.3333333333334,
                617.283950617284,
                606.1728395061729,
                602.4691358024692,
                595.0617283950618,
                590.1234567901234,
                585.1851851851852,
                581.4814814814815,
                581.4814814814815,
                580.2469135802469,
                580.2469135802469,
                576.5432098765432
            ]
        }
    },
    "Pearlite": {
        "1": {
            "Time": [
                50038.08716375793,
                24638.166830945574,
                16473.398971098715,
                9528.421908886989,
                6070.392647895067,
                3626.1065343566474,
                3037.508364336092,
                2463.8166830945593,
                2131.4312488729483,
                2273.2298838689426,
                3292.172004334772,
                4542.99916867209,
                6474.240246458894,
                8376.776400682904,
                10494.917307002512,
                13578.979506128435,
                18144.343483121032,
                23476.284862679433
            ],
            "Temperature": [
                704.9382716049383,
                700.0,
                698.7654320987655,
                696.2962962962963,
                691.358024691358,
                688.8888888888889,
                685.1851851851852,
                674.0740740740741,
                651.8518518518518,
                645.679012345679,
                635.8024691358025,
                629.6296296296297,
                624.6913580246913,
                619.7530864197531,
                618.5185185185185,
                614.8148148148148,
                609.8765432098766,
                604.9382716049383
            ]
        },
        "99": {
            "Time": [
                52514.55869842239,
                33456.11624659831,
                26277.280655179467,
                17854.522985237007,
                11937.766417144341,
                8376.776400682904,
                6794.661601225373,
                6370.826886069481,
                7605.344324996058,
                10494.917307002512,
                14023.394347068843,
                20309.176209047328,
                28025.440503300935,
                38673.42069020841,
                49238.82631706733,
                60703.926478950736
            ],
            "Temperature": [
                677.7777777777778,
                674.0740740740741,
                672.8395061728395,
                671.604938271605,
                669.1358024691358,
                664.1975308641976,
                661.7283950617284,
                650.6172839506173,
                648.1481481481482,
                643.2098765432099,
                639.5061728395062,
                630.8641975308642,
                623.4567901234568,
                614.8148148148148,
                607.4074074074074,
                602.4691358024692
            ]
        }
    },
    "Bainite": {
        "1": {
            "Time": [
                1.3578979506128437,
                1.3148648598504011,
                1.232846739442066,
                1.2131544173598605,
                1.1937766417144364,
                1.232846739442066,
                1.3799397974013412,
                1.7012542798525887,
                2.585755234869062,
                3.744782282999755,
                5.600821712385412,
                6.579332246575677
            ],
            "Temperature": [
                416.0493827160494,
                438.27160493827165,
                454.320987654321,
                476.54320987654324,
                496.2962962962963,
                512.3456790123457,
                523.4567901234568,
                530.8641975308642,
                535.8024691358025,
                539.5061728395062,
                544.4444444444445,
                544.4444444444445
            ]
        },
        "99": {
            "Time": [
                96.83090391711534,
                93.76223953405619,
                81.1130830789687,
                81.1130830789687,
                90.79082407375753,
                115.59447129234711,
                149.5633467881842,
                203.09176209047337,
                280.25440503300956,
                356.81865549346674,
                454.2999168672096,
                542.3326290888847
            ],
            "Temperature": [
                418.51851851851853,
                435.8024691358025,
                464.1975308641976,
                480.24691358024694,
                498.7654320987655,
                512.3456790123457,
                517.283950617284,
                522.2222222222222,
                527.1604938271605,
                530.8641975308642,
                535.8024691358025,
                537.0370370370371
            ]
        }
    },
    "C": 0.16,
    "Si": 0.22,
    "Mn": 0.56,
    "P": 0.01,
    "S": 0.007,
    "Cr": 1.64,
    "Mo": 0.31,
    "Ni": 1.54,
    "V": 0.009,
    "Al": 0.03,
    "Ti": 0.0024,
    "Nb": 0.005,
    "N": 0.012,
    "B": 0.0002,
    "W": 0.008,
    "Ms:": 405,
    "Mf:": "",
    "Ac1:": 735,
    "Ac3:": 825,
    "Austenitization Temp:": 880.0,
    "Austenitization Time:": 600.0,
    "Status": 1
}