{
    "Ferrite": {
        "1": {
            "Time": [
                27874.396889625943,
                24570.328271522416,
                20015.65759567166,
                17923.57582828274,
                10651.168624012551,
                7648.242400227133,
                5156.188276901589,
                4473.886184925993,
                3476.129044506726,
                2787.4396889625964,
                2235.193204890485,
                2131.9014417199623,
                1820.8491703838254,
                1349.3884431044405,
                867.6731617749226,
                695.7700871321605,
                499.60886631885944,
                358.75215666896463,
                220.02182031514383,
                155.51805709238658,
                108.20481213379425,
                74.10764521588544,
                52.381518265591545,
                37.02483661186882,
                27.43823455808502,
                20.015657595671676,
                16.56449050169821,
                11.167223430989534,
                9.689500062613694,
                7.528567156644911,
                6.636174665426097,
                4.200371191983417,
                3.5313861181927093,
                2.7438234558085024,
                2.5760773795493987,
                2.235193204890485,
                1.970246424053571,
                1.970246424053571,
                1.9090702849231485,
                1.9090702849231485,
                2.1319014417199655,
                2.380741973253558,
                2.787439688962597,
                3.0161438787847965,
                3.162277660168379,
                3.5313861181927093,
                4.134646229406208,
                4.765211616028696,
                5.321418281213918
            ],
            "Temperature": [
                823.3333333333334,
                823.3333333333334,
                826.6666666666666,
                826.6666666666666,
                826.6666666666666,
                823.3333333333334,
                818.3333333333334,
                818.3333333333334,
                816.6666666666666,
                815.0,
                813.3333333333334,
                811.6666666666666,
                811.6666666666666,
                811.6666666666666,
                815.0,
                815.0,
                815.0,
                811.6666666666666,
                808.3333333333334,
                805.0,
                800.0,
                795.0,
                790.0,
                783.3333333333334,
                776.6666666666666,
                771.6666666666666,
                766.6666666666666,
                763.3333333333333,
                761.6666666666666,
                758.3333333333333,
                755.0,
                746.6666666666666,
                743.3333333333333,
                740.0,
                736.6666666666666,
                728.3333333333333,
                713.3333333333333,
                703.3333333333333,
                693.3333333333333,
                685.0,
                671.6666666666666,
                653.3333333333333,
                641.6666666666666,
                636.6666666666666,
                635.0,
                630.0,
                625.0,
                620.0,
                616.6666666666666
            ]
        }
    },
    "Pearlite": {
        "1": {
            "Time": [
                25357.684207388,
                16050.163175336857,
                14147.670336727413,
                10320.449904927857,
                7648.242400227133,
                5406.008352041011,
                3761.338902136762,
                2235.193204890485,
                1506.8922239342407,
                984.3525822901914,
                632.9506686837204,
                540.6008352041014,
                311.279618070533,
                160.50163175336877,
                128.70310991463336,
                85.40963173770402,
                67.4166430283181,
                69.57700871321609,
                78.93330255228929,
                90.97123897530996,
                95.37884407734762,
                120.83473134063274,
                184.97936645296792,
                238.07419732535567,
                331.5491701287468,
                440.38814190043183,
                643.0121483616157,
                881.4658257473117,
                1134.473930571493,
                1506.8922239342407,
                2165.7904698740044,
                2922.492630233719,
                4200.3711919834095,
                4840.960141478948,
                7893.33025522894,
                9241.733156594806,
                13708.38526135581,
                18208.49170383826,
                23068.199498907426
            ],
            "Temperature": [
                735.0,
                731.6666666666666,
                730.0,
                730.0,
                731.6666666666666,
                736.6666666666666,
                738.3333333333333,
                738.3333333333333,
                738.3333333333333,
                735.0,
                730.0,
                730.0,
                726.6666666666666,
                726.6666666666666,
                726.6666666666666,
                720.0,
                695.0,
                670.0,
                663.3333333333333,
                655.0,
                650.0,
                636.6666666666666,
                625.0,
                618.3333333333333,
                613.3333333333333,
                603.3333333333333,
                598.3333333333333,
                596.6666666666666,
                593.3333333333333,
                586.6666666666666,
                576.6666666666666,
                575.0,
                571.6666666666666,
                570.0,
                563.3333333333333,
                561.6666666666666,
                558.3333333333333,
                558.3333333333333,
                558.3333333333333
            ]
        },
        "99": {
            "Time": [
                25760.773795493995,
                20333.829519808147,
                15308.460109164416,
                12870.310991463342,
                9097.123897530992,
                7180.660329594753,
                4840.960141478948,
                3476.129044506726,
                2700.8897040734983,
                1970.2464240535705,
                1266.8923859324777,
                1048.4505339455022,
                752.8567156644912,
                566.7932343211243,
                469.06483593970665,
                342.1736601334138,
                306.40889586203406,
                223.51932048904828,
                223.51932048904828,
                184.97936645296792,
                160.50163175336877,
                153.08460109164423,
                141.47670336727407,
                148.33132518626795,
                160.50163175336877,
                163.05298999667986,
                190.9070284923148,
                203.33829519808117,
                245.7032827152245,
                296.8949015640571,
                376.13389021367647,
                491.791277696045,
                695.7700871321605,
                895.477739994846,
                1349.3884431044405,
                1709.5299442342969,
                1970.2464240535705,
                2700.8897040734983,
                3421.736601334136,
                4917.9127769604465,
                6636.17466542609,
                7893.33025522894,
                12083.473134063292,
                14601.032298162898,
                17643.118150444163,
                22002.182031514374
            ],