{
    "Ferrite": {
        "1": {
            "Time": [
                79880.17808015704,
                48186.660501522434,
                32706.50561889475,
                21105.23751029591,
                10227.184660173207,
                5670.985496534043,
                4479.39656054379,
                2656.991982366302,
                1743.6664632150612,
                1377.2868159925154,
                830.8300483363627,
                593.1584637471226,
                395.8776427607789,
                307.4715081321834,
                208.6950725306557,
                104.5953060732823,
                65.2580581156986,
                44.29364936737678,
                32.70650561889476,
                19.07602157185662,
                11.901720747204036,
                7.680081940818666,
                5.040098503806082,
                3.479071983928083,
                2.4838304745773576,
                2.0291636467918344,
                1.773292951378816,
                1.5760172824488181,
                1.630028215205584,
                1.773292951378816,
                1.8340646240131093,
                2.1343630444392594,
                2.4838304745773576,
                2.989577085651788,
                3.2523338701356845
            ],
            "Temperature": [
                750.4504504504505,
                743.2432432432432,
                743.2432432432432,
                739.6396396396397,
                734.2342342342342,
                734.2342342342342,
                734.2342342342342,
                732.4324324324324,
                730.6306306306307,
                730.6306306306307,
                730.6306306306307,
                730.6306306306307,
                727.0270270270271,
                727.0270270270271,
                730.6306306306307,
                730.6306306306307,
                730.6306306306307,
                723.4234234234234,
                714.4144144144144,
                710.8108108108108,
                707.2072072072071,
                703.6036036036036,
                692.7927927927929,
                685.5855855855856,
                676.5765765765766,
                671.1711711711712,
                660.3603603603603,
                636.936936936937,
                626.1261261261261,
                608.1081081081081,
                604.5045045045044,
                586.4864864864865,
                579.2792792792793,
                568.4684684684685,
                566.6666666666667
            ]
        }
    },
    "Pearlite": {
        "1": {
            "Time": [
                88377.44937517209,
                77233.35093530189,
                50684.83637186957,
                34402.1326303976,
                17534.865500829583,
                8788.250732387081,
                4330.971898832085,
                2842.225532948281,
                1743.6664632150612,
                1244.8641243525408,
                830.8300483363627,
                509.70286316889025,
                370.0775011061026,
                259.7970087225648,
                198.4088206301602,
                144.0577360694336,
                89.87906308002508,
                68.64127879199361,
                55.13957503409798,
                47.38160371387255,
                46.58999704757567,
                49.00539594039007,
                52.42183210126619,
                64.16778869075615,
                73.42664053621864,
                74.67422632320424,
                86.90092320062172,
                97.77861974998922,
                123.7892486138782,
                159.3819090363405,
                212.24099270896957,
                234.81817441181585,
                328.9070410702233,
                445.4310503660024,
                573.5041770294467,
                603.2367686157229,
                738.4016915748603,
                789.8797419392939,
                934.8279900962568,
                1034.2705206080254,
                1549.6866881000185,
                2170.6278248931094,
                2842.225532948281,
                3721.6172609143305,
                4258.6141490319005
            ],
            "Temperature": [
                689.1891891891892,
                685.5855855855856,
                687.3873873873874,
                690.990990990991,
                690.990990990991,
                678.3783783783783,
                678.3783783783783,
                680.1801801801802,
                681.981981981982,
                676.5765765765766,
                671.1711711711712,
                665.7657657657658,
                662.1621621621622,
                658.5585585585586,
                656.7567567567568,
                651.3513513513514,
                642.3423423423424,
                635.1351351351352,
                629.7297297297298,
                617.1171171171171,
                604.5045045045044,
                597.2972972972973,
                590.0900900900901,
                573.8738738738739,
                568.4684684684685,
                566.6666666666667,
                566.6666666666667,
                563.063063063063,
                555.8558558558559,
                555.8558558558559,
                554.0540540540541,
                554.0540540540541,
                554.0540540540541,
                554.0540540540541,
                550.4504504504505,
                550.4504504504505,
                550.4504504504505,
                548.6486486486486,
                548.6486486486486,
                552.2522522522522,
                548.6486486486486,
                548.6486486486486,
                545.0450450450451,
                546.8468468468468,
                548.6486486486486
            ]
        },
        "99": {
            "Time": [
                91406.1905752685,
                63095.73444801929,
                47381.60371387249,
                25402.59292806829,
                18135.79447033472,
                8078.24598014312,
                5125.734387627481,
                4258.6141490319005,
                3363.7930450563504,
                2612.601493216971,
                1834.0646240131089,
                1377.2868159925154,
                1051.8437228134599,
                803.3005212678162,
                690.2785692186023,
                593.1584637471226,
                563.9226159571965,
                573.5041770294467,
                750.9478117400682,
                803.3005212678162,
                983.2929532930701,
                1183.5067295194679,
                1400.6881788178682,
                1803.4228206761948,
                2170.6278248931094,
                2361.4063769222603,
                2939.6300816478365,
                3420.9469657958275,
                5040.098503806087,
                5576.240076969124,
                6169.413826439176,
                7425.602671440073,
                8078.24598014312
            ],