{
    "Ferrite": {
        "1": {
            "Time": [
                96826.53659095522,
                60661.50282062481,
                41864.772882899444,
                26228.14083549539,
                15655.893961371334,
                10461.834443918233,
                7577.951488287331,
                4523.370744772101,
                2531.4033152415664,
                1747.0161459892981,
                1094.499799319543,
                653.3201459593768,
                269.13612104238956,
                141.2082087549781,
                87.05143013349826,
                55.42395061044184,
                39.50378013566642,
                30.032468927683052,
                20.39500469005056,
                14.075355861515757,
                11.231045018329517,
                6.596715145376837,
                3.4611122644469665,
                2.717525759505202,
                2.032933859446216,
                1.5961776759350972,
                0.9077853991937554,
                0.851083143116722,
                0.6682361588377722,
                0.6066150282062489,
                0.5969120746897806,
                0.5596276445319552,
                0.5779692884153315,
                0.5687245304078964
            ],
            "Temperature": [
                762.5850340136054,
                752.3809523809524,
                752.3809523809524,
                745.578231292517,
                740.4761904761905,
                735.374149659864,
                735.374149659864,
                730.2721088435375,
                725.1700680272108,
                720.0680272108843,
                716.6666666666666,
                713.265306122449,
                711.5646258503401,
                697.9591836734694,
                691.156462585034,
                686.0544217687075,
                679.2517006802722,
                674.1496598639455,
                667.3469387755102,
                660.5442176870748,
                657.1428571428571,
                648.6394557823129,
                628.2312925170068,
                621.4285714285714,
                612.9251700680272,
                602.7210884353742,
                577.2108843537414,
                570.4081632653061,
                546.5986394557823,
                536.3945578231293,
                531.2925170068027,
                510.8843537414966,
                488.7755102040816,
                475.1700680272109
            ]
        }
    },
    "Pearlite": {
        "1": {
            "Time": [
                2.0659797025052837,
                1.815948975074456,
                1.702520841179651,
                1.7583204988235472,
                1.905952376390453,
                2.168375310987434,
                2.5891980192378874,
                2.9935772947204895,
                3.5745492778167507,
                3.937658923564386,
                4.7018514892998535,
                5.988401691613406,
                7.266822259132689,
                10.032301147075337,
                15.75719797603726,
                21.4058369420333,
                37.03628786353603,
                61.05402296585331,
                94.36043101478883,
                174.1391252493051,
                264.8312239484307,
                389.9746837612421,
                653.3201459593768,
                1009.7216787475301,
                1245.1970847350321,
                2052.697389342729,
                2833.8767124544247,
                4982.863514647299,
                7701.132965356816,
                11711.902572642513,
                20263.883924964346,
                39249.80785402666,
                44653.95639782602,
                83746.98632071723,
                95277.7728115929
            ],
            "Temperature": [
                478.5714285714286,
                488.7755102040816,
                505.78231292517006,
                517.687074829932,
                526.1904761904761,
                534.6938775510205,
                544.8979591836735,
                553.4013605442177,
                560.204081632653,
                561.9047619047619,
                568.7074829931973,
                572.1088435374149,
                577.2108843537414,
                582.3129251700681,
                590.8163265306123,
                595.9183673469388,
                604.421768707483,
                611.2244897959183,
                612.9251700680272,
                614.625850340136,
                618.0272108843537,
                623.1292517006802,
                624.8299319727892,
                631.6326530612245,
                635.0340136054422,
                638.4353741496599,
                640.1360544217687,
                641.8367346938776,
                641.8367346938776,
                646.9387755102041,
                648.6394557823129,
                645.2380952380952,
                645.2380952380952,
                648.6394557823129,
                650.3401360544218
            ]
        },
        "99": {
            "Time": [
                93753.78188199624,
                73611.68833859434,
                65754.75604916362,
                47628.96546832638,
                29362.100095690395,
                22322.328540381488,
                16169.01162902253,
                10980.35159218717,
                9195.713545875644,
                5854.731767333249,
                3551.5682761808753,
                2743.94467192725,
                2019.8640000825535,
                1585.915749484832,
                1148.7462049347641,
                962.0403271064753,
                685.7004804796223,
                512.9606294732508,
                402.7559979850294,
                365.61601440851956,
                306.1923935730544,
                194.94673519620378,
                150.61601347741967,
                97.45306848412376,
                81.61400793251825,
                48.716386798747685,
                46.41588833612778,
                38.25014212787161,
                36.443883516705,
                40.145923859397186,
                42.820591397504494,
                49.508283724009594,
                59.116495887282206,
                64.08002744416,
                67.2560089863508,
                79.02401725412501,
                94.36043101478883,
                114.50475699382818,
                158.08095532969176,
                182.7699369019217,
                229.0572158229995,
                260.5951847205874
            ],