{
    "Ferrite": {
        "1": {
            "Time": [
                13588.773273979165,
                9739.102659587297,
                6447.843177277315,
                3760.1131888975187,
                2263.4173382284926,
                1756.0889019726337,
                1007.9623650546764,
                616.4483159582497,
                408.1240548668709,
                292.503376725453,
                212.98950732064395,
                178.88883577982196,
                104.32050722521804,
                74.76672904036964,
                60.83536840231533,
                42.91471174738253,
                35.476649290589116,
                30.27305550583039,
                25.42618987696506,
                22.04365381849707,
                19.111108507451352,
                15.798733498765685,
                13.269278275455877,
                12.064671447295366,
                11.322985845276662,
                11.322985845276662,
                10.969420801161345,
                11.144801320007156,
                11.687946955117432,
                12.652647261980755,
                13.915961008457055,
                14.594160041627745
            ],
            "Temperature": [
                668.169014084507,
                666.4788732394366,
                661.4084507042253,
                656.338028169014,
                654.6478873239437,
                651.2676056338028,
                652.9577464788732,
                647.887323943662,
                641.1267605633802,
                637.7464788732394,
                632.6760563380282,
                632.6760563380282,
                629.2957746478874,
                622.5352112676056,
                619.1549295774648,
                607.3239436619718,
                600.5633802816901,
                595.4929577464789,
                588.7323943661972,
                583.661971830986,
                576.9014084507043,
                566.7605633802817,
                549.8591549295775,
                532.9577464788732,
                522.8169014084507,
                521.1267605633802,
                505.9154929577465,
                497.46478873239437,
                489.01408450704224,
                478.8732394366197,
                458.59154929577466,
                450.14084507042253
            ]
        }
    },
    "Pearlite": {
        "1": {
            "Time": [
                12355.162166249349,
                10053.012238214813,
                7924.405759198805,
                5770.242030555524,
                4268.841092647788,
                1931.4270113786204,
                1040.450886055657,
                297.1799585527116,
                77.176601205062,
                51.09532560842712,
                39.6426822080741,
                32.77173436263151,
                24.63224629455887,
                22.7541622013986,
                21.355331361744124,
                18.514356024063925,
                18.514356024063925,
                21.019272513604466,
                24.2446201708233,
                27.524817914110077,
                34.36887584258795,
                39.01884388431587,
                48.720896362185144,
                54.44220494326585,
                65.8566008558183,
                66.90952470994667,
                82.2318732603928,
                96.36659661279568,
                101.06305506169684,
                111.15377711193337,
                134.45836627127002,
                187.60704326812814,
                212.98950732064395,
                245.67214217416694,
                321.70861172938464,
                401.701597755185,
                478.27593612995526,
                606.747557515809,
                860.1178869838405,
                945.9970494798902,
                1040.450886055657,
                1144.335541944009
            ],
            "Temperature": [
                644.5070422535211,
                644.5070422535211,
                644.5070422535211,
                644.5070422535211,
                636.056338028169,
                634.3661971830986,
                632.6760563380282,
                617.4647887323944,
                593.8028169014085,
                590.4225352112676,
                581.9718309859155,
                578.5915492957747,
                568.4507042253522,
                565.0704225352113,
                561.6901408450705,
                551.5492957746479,
                541.4084507042253,
                532.9577464788732,
                527.887323943662,
                519.4366197183099,
                512.6760563380282,
                510.98591549295776,
                502.53521126760563,
                500.84507042253523,
                494.0845070422535,
                494.0845070422535,
                492.3943661971831,
                494.0845070422535,
                495.77464788732397,
                495.77464788732397,
                497.46478873239437,
                502.53521126760563,
                500.84507042253523,
                495.77464788732397,
                487.32394366197184,
                478.8732394366197,
                473.80281690140845,
                463.6619718309859,
                451.830985915493,
                450.14084507042253,
                448.4507042253521,
                446.7605633802817
            ]
        },
        "99": {
            "Time": [
                13374.933113097142,
                9894.812692823525,
                7091.633267391837,
                5330.290284308786,
                3364.9644641922573,
                2489.4100635602804,
                1812.6909469986256,
                1406.389533634122,
                931.110336958012,
                769.7284574471453,
                569.4472522869935,
                485.9226736697404,
                395.38020784318854,
                311.66312363528573,
                245.67214217416694,
                203.09176209047376,
                167.89149744040742,
                152.65003215431895,
                138.7922120653289,
                143.26574585268654,
                152.65003215431895,
                178.88883577982196,
                212.98950732064395,
                287.9003880761918,
                371.07388431324335,
                526.0297818043982,
                646.4911316594804,
                782.034975601976,
                1024.0777977438509,
                1406.389533634122,
                1728.4541533643805,
                2124.271895399219,
                2652.473024769699,
                3108.4029570249213,
                3881.3087022805353,
                5163.849705359791,
                6148.208186541811,
                7091.633267391837,
                8051.102183630426
            ],