{
    "Ferrite": {
        "1": {
            "Time": [
                2470.911227985605,
                1420.6023457929657,
                870.0825116137803,
                454.9535235908417,
                253.42307357913077,
                128.38564979351193,
                62.02723437368157,
                28.578797819850422,
                15.919267369421581,
                9.446582576564792,
                6.163610194888723,
                5.179474679231212,
                4.563947703262179,
                4.636697798240043
            ],
            "Temperature": [
                769.7478991596639,
                764.7058823529412,
                763.0252100840336,
                756.3025210084033,
                747.8991596638656,
                741.1764705882352,
                732.7731092436975,
                709.2436974789916,
                690.7563025210084,
                670.5882352941177,
                640.3361344537815,
                615.1260504201681,
                579.8319327731092,
                556.3025210084033
            ]
        }
    },
    "Pearlite": {
        "1": {
            "Time": [
                2393.9819913721153,
                604.7744101997409,
                199.90523891725482,
                72.65470374828821,
                31.9242629370775,
                15.423637630762776,
                8.867520431636445,
                6.566103018837688,
                5.345914123875396,
                4.939480993737899,
                5.695010190023702,
                8.72838844984877,
                18.646803558049186,
                61.05402296585331,
                216.35395328360778,
                1193.7766417144371,
                6586.903768912884
            ],
            "Temperature": [
                751.2605042016806,
                751.2605042016806,
                729.4117647058823,
                715.9663865546219,
                692.436974789916,
                667.2268907563025,
                652.1008403361344,
                630.2521008403362,
                598.3193277310925,
                568.0672268907563,
                546.218487394958,
                527.7310924369748,
                504.2016806722689,
                484.03361344537814,
                470.5882352941176,
                467.2268907563025,
                460.5042016806723
            ]
        },
        "99": {
            "Time": [
                2432.1424674711593,
                1354.77798836259,
                842.9934026846172,
                257.46268004948683,
                184.70706885665456,
                102.88750536976347,
                82.45344225183078,
                59.15316982076697,
                39.21088038229746,
                29.03434866988783,
                23.63885156638189,
                19.86446729478656,
                19.552792489728322,
                20.181110248724757,
                21.841663618286788,
                25.58391673560928,
                34.00896432729342,
                53.79838403443685,
                81.15974229205563,
                124.38849687321326,
                216.35395328360778,
                283.089053859469,
                462.2055593729541,
                708.3937572146809,
                971.9353155722245,
                1489.6248995834392,
                2632.2653705145813,
                2848.8548978853864,
                4163.94989040711,
                4651.38638777309,
                5804.11840766081
            ],
            "Temperature": [
                732.7731092436975,
                726.0504201680673,
                724.3697478991596,
                712.6050420168067,
                707.563025210084,
                692.436974789916,
                685.7142857142857,
                677.3109243697479,
                662.1848739495798,
                648.7394957983194,
                635.2941176470588,
                610.0840336134454,
                598.3193277310925,
                573.109243697479,
                551.2605042016806,
                546.218487394958,
                541.1764705882354,
                537.8151260504202,
                534.453781512605,
                534.453781512605,
                534.453781512605,
                534.453781512605,
                527.7310924369748,
                526.0504201680671,
                524.3697478991596,
                524.3697478991596,
                509.2436974789916,
                509.2436974789916,
                505.88235294117646,
                504.2016806722689,
                499.15966386554624
            ]
        }
    },
    "Bainite": {
        "1": {
            "Time": [
                5.517702004499881,
                7.938259187960768,
                12.557439628235745,
                18.646803558049186,
                32.43314106447381,
                50.50061921841294,
                77.39916291429356,
                138.94954943731372,
                206.3290789796972,
                287.60154105136843
            ],
            "Temperature": [
                465.546218487395,
                423.52941176470586,
                378.1512605042017,
                357.98319327731093,
                324.3697478991597,
                309.2436974789916,
                292.43697478991595,
                268.90756302521004,
                248.73949579831935,
                225.21008403361338
            ]
        },
        "99": {
            "Time": [
                6906.940492102083,
                5535.181526227717,
                4578.405827854408,
                3787.0121919591243,
                2550.312541443139,
                2211.9750283532617,
                2011.7380422807935,
                2247.23428281105,
                2674.2241238050706,
                2987.271704680673,
                3444.196428753099,
                4034.3096658867853,
                5362.84943897709,
                5990.6304198333555,
                7357.973879291125,
                8219.306294384474,
                8895.61183924244
            ],
            "Temperature": [
                463.8655462184874,
                448.7394957983193,
                440.3361344537815,
                428.57142857142856,
                391.5966386554622,
                374.78991596638656,
                349.5798319327731,
                332.7731092436975,
                315.96638655462186,
                302.52100840336135,
                290.7563025210084,
                275.6302521008404,
                253.78151260504205,
                247.0588235294117,
                230.25210084033608,
                221.84873949579833,
                218.48739495798316
            ]
        }
    },
	"C": 0.73,
    "Mn": 0.73,
    "Si": 1.62,
    "P": 0.019,
    "S": 0.012,
    "Cr": 0.10,
    "Cu": 0.19,
    "Ni": 0.12,
    "V": 0.01,
    "Ms:": 210,
    "Mf:": "",
    "Ac1:": 750,
    "Ac3:": 770,
    "Austenitization Temp:": 845.0,
    "Austenitization Time:": 600.0,
    "Status": 1
}