{
    "Ferrite": {
        "1": {
            "Time": [
                1612.0305645407977,
                1117.8591777554034,
                938.3183950023497,
                750.8895093646724,
                600.8995009338025,
                480.86996251685935,
                390.990223847101,
                284.39178733951826,
                223.99092062212242,
                182.12462208157024,
                145.74527031169862,
                118.50392061415032,
                99.47085536787141,
                78.34462688727396,
                64.72318906257702,
                55.19954321281568,
                43.47592670599291,
                37.67357779468079,
                34.242243557298664,
                32.13012701596406,
                30.14828921284106,
                26.969666495360414,
                26.543802275694453,
                26.543802275694453,
                26.543802275694453,
                26.543802275694453,
                26.969666495360414,
                26.969666495360414,
                26.969666495360414,
                27.402363207662823,
                28.742553315596954,
                27.842002031943846,
                29.203693920541948
            ],
            "Temperature": [
                827.2727272727273,
                822.1987315010571,
                810.3594080338266,
                805.2854122621565,
                798.5200845665962,
                790.0634249471459,
                783.2980972515857,
                771.4587737843551,
                763.0021141649049,
                757.9281183932346,
                751.1627906976744,
                746.0887949260042,
                737.6321353065539,
                727.4841437632135,
                717.3361522198732,
                707.1881606765328,
                688.583509513742,
                678.4355179704016,
                661.522198731501,
                654.7568710359408,
                646.3002114164905,
                632.76955602537,
                624.3128964059197,
                622.6215644820296,
                604.0169133192389,
                590.4862579281184,
                585.4122621564482,
                568.4989429175475,
                560.0422832980972,
                543.1289640591966,
                527.9069767441861,
                499.15433403805497,
                490.69767441860466
            ]
        }
    },
    "Pearlite": {
        "1": {
            "Time": [
                10214.487701467291,
                8045.0723466341105,
                5668.344292292418,
                4324.587617356,
                3145.5446376766017,
                1890.1562029448673,
                1442.0694454355707,
                715.8774948942678,
                529.0568041106849,
                366.8733193018216,
                246.43652099603835,
                185.0465983402524,
                152.8733551440064,
                111.1944085921554,
                83.49471491185865,
                67.8886597585993,
                53.47005109179417,
                43.47592670599291,
                40.15010043002132,
                38.278006227462164,
                35.34981105030106,
                34.7916202509871,
                33.16937796835483,
                32.645617273437495,
                35.916957367242254,
                37.67357779468079,
                43.47592670599291,
                47.07724719740792,
                56.9849758638274,
                70.08452267179614,
                87.57826019376195,
                111.1944085921554,
                168.19243248808695,
                242.54516784455524,
                312.8900157075125,
                333.45825614633577,
                430.1704294117068,
                444.08431864825855,
                512.4805876960929,
                739.0325968954003
            ],
            "Temperature": [
                691.9661733615221,
                691.9661733615221,
                691.9661733615221,
                688.583509513742,
                683.5095137420719,
                680.1268498942918,
                680.1268498942918,
                680.1268498942918,
                678.4355179704016,
                675.0528541226215,
                668.2875264270613,
                663.2135306553911,
                661.522198731501,
                653.0655391120507,
                646.3002114164905,
                644.6088794926004,
                639.5348837209302,
                631.0782241014799,
                626.0042283298097,
                619.2389006342495,
                614.1649048625793,
                612.4735729386891,
                598.9429175475686,
                587.1035940803383,
                568.4989429175475,
                563.4249471458774,
                551.5856236786469,
                549.8942917547569,
                541.4376321353066,
                534.6723044397463,
                527.9069767441861,
                522.8329809725158,
                519.4503171247356,
                510.9936575052854,
                500.84566596194503,
                499.15433403805497,
                494.0803382663848,
                492.3890063424947,
                487.3150105708245,
                473.784355179704
            ]
        },
        "99": {
            "Time": [
                9584.441705812036,
                6438.0709781909945,
                3930.7013335826655,
                2640.33471707898,
                2251.824615298019,
                1353.1202875230344,
                1032.3450620619833,
                715.8774948942678,
                546.1691792739598,
                444.08431864825855,
                390.990223847101,
                288.9545204904372,
                234.94583037971896,
                206.85603826706875,
                191.03194204792663,
                234.94583037971896,
                266.8500454482663,
                303.0866589147555,
                378.7398595835249,
                437.07201014012145,
                496.4237312982109,
                630.2881912781756,
                750.8895093646724,
                968.6683617226015,
                1210.4568396888956,
                1353.1202875230344,
                1860.3097123865793,
                2951.5223958329543,
                3868.633637771371,
                6541.362286828863,
                7918.036720975008,
                9894.451067616,
                11418.358823154927
            ],
            "Temperature": [
                673.3615221987316,
                675.0528541226215,
                668.2875264270613,
                666.5961945031712,
                663.2135306553911,
                663.2135306553911,
                658.1395348837209,
                654.7568710359408,
                649.6828752642706,
                644.6088794926004,
                641.2262156448203,
                632.76955602537,
                629.3868921775899,
                622.6215644820296,
                597.2515856236787,
                575.2642706131078,
                566.8076109936575,
                558.3509513742072,
                546.5116279069767,
                541.4376321353066,
                536.3636363636364,
                527.9069767441861,
                521.1416490486258,
                512.6849894291754,
                510.9936575052854,
                509.30232558139534,
                505.9196617336152,
                504.22832980972515,
                502.5369978858351,
                502.5369978858351,
                502.5369978858351,
                502.5369978858351,
                507.6109936575053
            ]
        }
    },