{
    "Ferrite": {},
    "Pearlite": {
        "1": {
            "Time": [
                1242.4979837687806,
                612.2962269107268,
                451.0753833593362,
                316.65188098269863,
                265.3068998327347,
                201.8393415436191,
                153.5546939052325,
                118.71490208668642,
                82.00745188403093,
                60.41445491759486,
                43.09815441856138,
                31.750181810718352,
                22.64978208215562,
                19.59748013195586,
                16.685974348170163,
                13.980350002226702,
                13.10927215552385,
                12.096347347300911,
                11.71344160709404,
                11.71344160709404,
                12.491770058249719,
                13.321816458595618,
                14.671436646212767,
                16.956508726191363,
                20.566236763429306,
                25.348840036771076,
                32.264956405776054,
                39.76805422068055,
                49.81067969711907,
                79.41153402845275,
                83.33706168239326,
                120.63966006172146,
                195.45018618476016,
                337.6925944081646,
                538.372234931608,
                696.3707360145321,
                858.3092082704155,
                1262.642951765112,
                1633.1964105762806,
                2045.6274485613387,
                2688.86666216789,
                3649.9063629901043,
                4875.389449380331,
                6205.578946304894,
                8026.757878373103
            ],
            "Temperature": [
                755.5825242718447,
                755.5825242718447,
                750.4854368932039,
                741.990291262136,
                738.5922330097087,
                733.495145631068,
                733.495145631068,
                731.7961165048544,
                728.3980582524272,
                721.6019417475728,
                714.8058252427185,
                701.2135922330096,
                689.3203883495146,
                679.1262135922331,
                662.1359223300971,
                648.5436893203884,
                633.2524271844661,
                602.6699029126214,
                587.3786407766991,
                565.2912621359224,
                548.3009708737864,
                541.504854368932,
                531.3106796116506,
                519.4174757281553,
                507.52427184466023,
                497.33009708737865,
                492.2330097087379,
                485.4368932038835,
                478.6407766990292,
                475.24271844660194,
                475.24271844660194,
                473.54368932038835,
                473.54368932038835,
                473.54368932038835,
                473.54368932038835,
                473.54368932038835,
                473.54368932038835,
                473.54368932038835,
                475.24271844660194,
                476.94174757281553,
                480.33980582524276,
                478.6407766990292,
                478.6407766990292,
                478.6407766990292,
                478.6407766990292
            ]
        },
        "99": {
            "Time": [
                9580.180470172356,
                6725.222164511641,
                5034.763155975759,
                4151.075686360743,
                2867.5350241002006,
                2045.6274485613387,
                1556.2659603707398,
                1222.674420754758,
                858.3092082704155,
                696.3707360145321,
                564.9854356737134,
                429.8278272823378,
                316.65188098269863,
                256.90870061228065,
                183.27221300866822,
                143.987115690325,
                116.82085286249315,
                90.31554657530074,
                68.70997498897903,
                57.56867887643081,
                53.981729992803274,
                45.228613162038684,
                50.618274205506346,
                53.981729992803274,
                60.41445491759486,
                70.95606496963994,
                79.41153402845275,
                94.78008916347271,
                114.9570224431896,
                126.60320588070275,
                161.1453191801628,
                211.81680799828735,
                252.8098240893664,
                301.736239725665,
                384.0612275224046,
                538.372234931608,
                632.311842120618,
                791.9895316423772,
                844.6152249417225,
                1165.0812904770128,
                2112.4978457215097
            ],
            "Temperature": [
                747.0873786407767,
                745.3883495145631,
                741.990291262136,
                741.990291262136,
                740.2912621359224,
                738.5922330097087,
                736.8932038834952,
                733.495145631068,
                728.3980582524272,
                725.0,
                721.6019417475728,
                718.2038834951456,
                713.1067961165048,
                711.4077669902913,
                701.2135922330096,
                697.8155339805826,
                692.7184466019418,
                687.6213592233009,
                675.7281553398059,
                665.5339805825242,
                660.4368932038835,
                636.6504854368932,
                616.2621359223301,
                607.7669902912621,
                595.873786407767,
                583.9805825242719,
                582.2815533980583,
                578.8834951456311,
                577.1844660194174,
                577.1844660194174,
                575.4854368932039,
                565.2912621359224,
                563.5922330097087,
                556.7961165048544,
                550.0,
                533.0097087378641,
                526.2135922330096,
                517.7184466019418,
                516.0194174757282,
                502.4271844660194,
                490.5339805825243
            ]
        }
    },
    "Bainite": {
        "1": {
            "Time": [
                9.973230480078769,
                10.983608699408473,
                14.671436646212767,
                21.93281097305241,
                25.75982788379835,
                36.69526358692224,
                54.856950908488855,
                61.39397140512999,
                80.69905548316794,
                107.79436088198143,
                132.8615459548808,
                186.24365675659104
            ],
            "Temperature": [
                444.6601941747573,
                434.46601941747576,
                414.07766990291265,
                381.79611650485435,
                371.6019417475728,
                347.8155339805826,
                327.4271844660194,
                318.9320388349515,
                303.6407766990292,
                286.6504854368933,
                276.45631067961165,
                257.7669902912621
            ]
        },
        "99": {
            "Time": [
                443.87865434817445,
                337.6925944081646,
                287.5231881814039,
                252.8098240893664,
                208.4373547551948,
                183.27221300866822,
                201.8393415436191,
                222.28748769915757,
                269.6083949467348,
                443.87865434817445,
                574.1457028682865,
                858.3092082704155,
                1110.2010399315047,
                1713.9297417286118,
                2112.4978457215097,
                3058.0754449950155,
                4645.7380107417675,
                6106.57139306328
            ],