{
    "Ferrite": {},
    "Pearlite": {
        "1": {
            "Time": [
                192.33185590772925,
                161.1453191801628,
                135.01566743126807,
                106.07454456564535,
                79.41153402845275,
                63.40090539205348,
                47.46438626337868,
                37.89481087090125,
                29.771913741628538,
                19.915219569141495,
                16.685974348170163,
                13.757299057398118,
                11.342656617199129,
                9.35182542728148,
                7.710419328901825,
                6.6713573251659755,
                5.500419449652145,
                5.157703170774837,
                4.99443784003733,
                5.589599291573126,
                6.25568307005324,
                7.466348640811234,
                9.814111539478533,
                12.096347347300911,
                14.909308759937785,
                19.59748013195586,
                24.546431170773094,
                41.733897073316456,
                59.45056622750287,
                72.10649553502668,
                90.31554657530074,
                116.82085286249315,
                180.34817746836367,
                218.74097891025235,
                311.5998256891121,
                458.3887949546963,
                696.3707360145321,
                1075.0580055287876,
                2012.9902731618488
            ],
            "Temperature": [
                731.0344827586207,
                731.0344827586207,
                725.8620689655172,
                717.2413793103449,
                705.1724137931035,
                693.1034482758621,
                684.4827586206897,
                677.5862068965517,
                665.5172413793103,
                653.448275862069,
                646.551724137931,
                634.4827586206897,
                620.6896551724138,
                612.0689655172414,
                600.0,
                586.2068965517242,
                565.5172413793103,
                556.8965517241379,
                541.3793103448277,
                527.5862068965517,
                518.9655172413793,
                510.3448275862069,
                506.89655172413796,
                500.0,
                496.55172413793105,
                494.82758620689657,
                494.82758620689657,
                489.65517241379314,
                484.48275862068965,
                484.48275862068965,
                482.7586206896552,
                482.7586206896552,
                477.58620689655174,
                477.58620689655174,
                477.58620689655174,
                481.0344827586207,
                482.7586206896552,
                482.7586206896552,
                479.3103448275862
            ]
        },
        "99": {
            "Time": [
                1980.87381096398,
                1303.9180313087538,
                976.163805723508,
                804.830279858298,
                564.9854356737134,
                429.8278272823378,
                321.7858466644983,
                244.8072155295099,
                180.34817746836367,
                139.42925276437668,
                102.71679111843815,
                80.69905548316794,
                67.61373456309565,
                63.40090539205348,
                61.39397140512999,
                60.41445491759486,
                66.53498421884203,
                75.67091530999372,
                97.87839634042003,
                132.8615459548808,
                161.1453191801628,
                205.11181934954965,
                278.4217399477927,
                384.0612275224046,
                707.6611899016624,
                1092.4882222361705,
                1607.1394089696214,
                2045.6274485613387
            ],
            "Temperature": [
                729.3103448275862,
                725.8620689655172,
                724.1379310344828,
                718.9655172413793,
                712.0689655172414,
                706.8965517241379,
                700.0,
                689.6551724137931,
                677.5862068965517,
                665.5172413793103,
                651.7241379310345,
                639.6551724137931,
                625.8620689655172,
                610.344827586207,
                594.8275862068965,
                582.7586206896551,
                570.6896551724138,
                563.7931034482758,
                551.7241379310345,
                539.6551724137931,
                534.4827586206897,
                525.8620689655172,
                517.2413793103449,
                508.62068965517244,
                503.448275862069,
                501.7241379310345,
                501.7241379310345,
                501.7241379310345
            ]
        }
    },
    "Bainite": {
        "1": {
            "Time": [
                5.589599291573126,
                5.772320111464642,
                7.001140624149652,
                7.835430518173841,
                9.657531278527621,
                11.526558287488978,
                14.909308759937785,
                17.79471497334809,
                22.64978208215562,
                27.03320608956841,
                33.31967946921915,
                39.133570672950725,
                48.23393965882242,
                64.42884203802471,
                74.46361583943333,
                90.31554657530074,
                113.12292869971753,
                148.69397256151694
            ],
            "Temperature": [
                450.0,
                437.93103448275866,
                417.2413793103448,
                405.1724137931035,
                387.93103448275866,
                375.86206896551727,
                353.448275862069,
                343.1034482758621,
                329.3103448275862,
                320.68965517241384,
                308.62068965517244,
                303.448275862069,
                291.3793103448276,
                277.58620689655174,
                272.41379310344826,
                265.51724137931035,
                260.344827586207,
                251.72413793103453
            ]
        },
        "99": {
            "Time": [
                146.3216191465538,
                120.63966006172146,
                104.38216723719067,
                97.87839634042003,
                96.3167853093257,
                101.07798541578555,
                109.54206106219888,
                120.63966006172146,
                141.68985831173612,
                171.85301644759278,
                233.27576151559552,
                269.6083949467348,
                416.22177434406973,
                504.8277151553409,
                612.2962269107268,
                844.6152249417225,
                1346.542369713701,
                1827.8160209295384,
                2441.518783662118,
                3367.8860754483812
            ],
            "Temperature": [
                475.86206896551727,
                465.51724137931035,
                460.3448275862069,
                453.448275862069,
                443.1034482758621,
                434.48275862068965,
                424.1379310344828,
                415.51724137931035,
                405.1724137931035,
                398.2758620689655,
                387.93103448275866,
                381.0344827586207,
                351.72413793103453,
                344.82758620689657,
                337.93103448275866,
                325.86206896551727,
                296.55172413793105,
                282.75862068965523,
                270.68965517241384,
                253.44827586206895
            ]
        }
    },
	"C": 1.03,
    "Mn": 0.97,
    "Si": 0.28,
    "P": 0.016,
    "S": 0.018,
    "Cr": 1.05,
	"Cu": 0.25,
	"Mo": 0.03,
    "Ni": 0.13,
    "W": 1.15,