{
    "Ferrite": {
        "1": {
            "Time": [
                643575.0036440531,
                12665.875910072327,
                6730.024473918282,
                3249.295294991572,
                1936.8734599488469,
                1176.8878794463662,
                728.9381955142235,
                557.4242433133489,
                434.5129994835273,
                325.968882971966,
                173.2038570180977,
                109.35406999261018,
                73.12698532313226,
                44.43360109313472,
                33.33380435560509,
                23.609833614690064,
                17.37578849347756,
                12.545106171902752,
                9.593332271778404,
                6.056850850618217,
                4.905771895784556,
                4.372972024659915,
                3.82405624941769,
                3.4087379834759175,
                2.9242831207597844,
                2.6571161613811403,
                2.3685354490240145,
                2.2362201841729594,
                2.0712258698961175,
                1.9933516099211745,
                1.9184052780176146,
                1.9184052780176146,
                1.8112359711123038
            ],
            "Temperature": [
                820.9459459459459,
                818.918918918919,
                822.9729729729729,
                825.0,
                831.081081081081,
                829.0540540540541,
                818.918918918919,
                816.8918918918919,
                810.8108108108108,
                808.7837837837837,
                804.7297297297297,
                798.6486486486486,
                796.6216216216217,
                790.5405405405405,
                786.4864864864865,
                780.4054054054054,
                772.2972972972973,
                762.1621621621622,
                754.0540540540541,
                735.8108108108108,
                723.6486486486486,
                713.5135135135135,
                701.3513513513514,
                691.2162162162163,
                675.0,
                662.8378378378378,
                640.5405405405405,
                626.3513513513514,
                610.1351351351351,
                585.8108108108108,
                577.7027027027027,
                575.6756756756756,
                561.4864864864865
            ]
        }
    },
    "Pearlite": {
        "1": {
            "Time": [
                584777.0111941949,
                266561.54901871237,
                114720.06641134167,
                44009.92456195365,
                22078.355039276765,
                11290.276474157672,
                8309.141828334932,
                5663.966365976009,
                3860.869829602626,
                2012.541288247635,
                1320.2790804330552,
                757.4156213033367,
                601.8287827329859,
                358.7443094216722,
                230.8788702433359,
                213.84400885248417,
                179.97041145985204,
                166.69171250207407,
                194.30689453517616,
                222.19825195569732,
                290.5664666901686,
                313.71305616657054,
                358.7443094216722,
                451.48811722786326,
                487.4537612403579,
                613.471977444987,
                802.2312656859327,
                1069.3656104673037,
                1111.1425128177566,
                1295.2212669177784,
                1568.7788291069123,
                1828.6724512024025,
                2012.541288247635,
                2345.951349191131,
                2841.4286459978816,
                3376.235502267677,
                4168.427580452561,
                5146.497772980291,
                6476.9880073807535
            ],
            "Temperature": [
                725.6756756756756,
                725.6756756756756,
                723.6486486486486,
                721.6216216216217,
                723.6486486486486,
                717.5675675675675,
                717.5675675675675,
                715.5405405405405,
                715.5405405405405,
                709.4594594594595,
                709.4594594594595,
                707.4324324324324,
                705.4054054054054,
                701.3513513513514,
                693.2432432432432,
                691.2162162162163,
                683.1081081081081,
                662.8378378378378,
                654.7297297297297,
                646.6216216216217,
                628.3783783783783,
                628.3783783783783,
                626.3513513513514,
                620.2702702702702,
                620.2702702702702,
                616.2162162162163,
                610.1351351351351,
                600.0,
                600.0,
                589.8648648648648,
                571.6216216216217,
                545.2702702702702,
                527.027027027027,
                518.918918918919,
                512.8378378378378,
                506.7567567567567,
                502.70270270270265,
                500.6756756756756,
                498.6486486486486
            ]
        },
        "99": {
            "Time": [
                596090.3162400547,
                355323.6651151676,
                161968.7928270005,
                98415.88160936993,
                59799.70328787248,
                44861.35629077253,
                31774.625735942103,
                23837.121720888776,
                16248.688309589921,
                11731.353663431037,
                7550.0059766923005,
                4415.06992954843,
                3187.6263366897747,
                1974.344906103823,
                1864.0506019733477,
                1345.8216713637455,
                1029.1594423384884,
                882.8937866125248,
                833.5720315764639,
                990.4649517311675,
                1425.4528061460485,
                1568.7788291069123,
                2484.759314655728,
                2631.7804305264763,
                2952.434728405711,
                3376.235502267677,
                4331.27552532653,
                4415.06992954843,
                6233.465243749645,
                6992.946315158514,
                9873.068490991292,
                11508.7021977397,
                11731.353663431037,
                15340.975698384724,
                18581.07066967836,
                27258.769127607055,
                31774.625735942103,
                33654.70357870121,
                38485.59426140581,
                45729.260122101354,
                81254.50222673238,
                89424.45678545875
            ],