{
    "Ferrite": {
        "1": {
            "Time": [
                112485.07196627288,
                50203.02968341683,
                33538.794248790895,
                20256.730167910446,
                12867.348130251441,
                9508.28497915595,
                5647.091406864072,
                2606.5039905107087,
                1800.837196777913,
                1203.0729738658501,
                874.1900104639103,
                679.3863052548242,
                377.261368473726,
                283.5010975237653,
                213.04294320497587,
                174.13092715252498,
                147.19166286769934,
                130.85439720555357,
                160.09566116629884,
                252.0344189394032,
                303.2157979099791,
                364.79073171466524,
                446.30837502126116,
                584.0141338119724,
                831.2047745422187,
                1034.1857280760494,
                1330.7227794492094,
                2060.006606369542,
                3410.725084921485,
                7026.116207448577,
                11439.160686237152,
                16556.864790508524,
                23171.999136847528,
                35273.23205216777,
                54604.22875269853,
                65692.87187116024,
                84529.30520422198,
                99999.99999999994
            ],
            "Temperature": [
                744.2455242966752,
                744.2455242966752,
                740.6649616368286,
                737.0843989769821,
                729.923273657289,
                728.1329923273657,
                726.3427109974425,
                726.3427109974425,
                729.923273657289,
                729.923273657289,
                726.3427109974425,
                720.9718670076727,
                708.4398976982097,
                701.2787723785166,
                692.3273657289003,
                683.3759590792839,
                674.4245524296675,
                652.9411764705883,
                640.4092071611253,
                624.2966751918159,
                615.3452685421995,
                611.7647058823529,
                609.9744245524297,
                606.3938618925831,
                599.23273657289,
                592.0716112531969,
                590.2813299232737,
                586.7007672634271,
                581.3299232736573,
                577.7493606138107,
                577.7493606138107,
                575.9590792838875,
                575.9590792838875,
                570.5882352941177,
                568.7979539641944,
                565.2173913043478,
                565.2173913043478,
                563.4271099744246
            ]
        }
    },
    "Pearlite": {
        "1": {
            "Time": [
                126528.91415257574,
                84529.30520422198,
                45387.29564943853,
                31358.145072569223,
                24370.32460390613,
                12234.641294844036,
                6793.863052548243,
                4315.553414680668,
                2650.682215477477,
                2060.006606369542,
                1655.6864790508537,
                1628.0915869438913,
                1447.3845804464195,
                1496.8644761350279,
                1683.7490832180595,
                1991.9116561411859,
                2356.4746584971276,
                3243.014609298941,
                4615.6575176780125,
                7771.609113838898,
                11830.216722875093,
                21304.294320497578,
                28350.109752376517,
                41033.51170955339,
                67938.6305254825,
                96694.43049270775
            ],
            "Temperature": [
                713.8107416879795,
                712.0204603580563,
                710.230179028133,
                710.230179028133,
                710.230179028133,
                703.0690537084399,
                703.0690537084399,
                699.4884910485933,
                692.3273657289003,
                688.7468030690537,
                676.2148337595908,
                674.4245524296675,
                661.8925831202046,
                649.3606138107417,
                638.618925831202,
                633.2480818414322,
                627.8772378516624,
                613.5549872122763,
                609.9744245524297,
                604.6035805626598,
                601.0230179028133,
                590.2813299232737,
                586.7007672634271,
                584.9104859335039,
                577.7493606138107,
                577.7493606138107
            ]
        },
        "99": {
            "Time": [
                126528.91415257574,
                76420.81743948914,
                58401.41338119721,
                48543.53364246495,
                35871.08603074551,
                25203.44189394033,
                17708.23115745026,
                15222.351702955615,
                13995.40277101935,
                13085.439720555363,
                17122.87326802877,
                21304.294320497578,
                26065.039905107093,
                35273.23205216777,
                49366.30896057155,
                70261.16207448585,
                91939.82010218536,
                95082.8497915596
            ],
            "Temperature": [
                692.3273657289003,
                690.537084398977,
                685.1662404092071,
                685.1662404092071,
                683.3759590792839,
                679.7953964194373,
                681.5856777493607,
                674.4245524296675,
                669.0537084398977,
                658.3120204603581,
                640.4092071611253,
                636.8286445012789,
                633.2480818414322,
                629.6675191815857,
                627.8772378516624,
                622.5063938618925,
                617.1355498721227,
                615.3452685421995
            ]
        }
    },
    "Bainite": {
        "1": {
            "Time": [
                10.876679972710004,
                8.890068544382826,
                8.452930520422209,
                8.312047745422188,
                9.19398201021854,
                10.341857280760495,
                13.995402771019341,
                16.556864790508527,
                20.94922123714057,
                26.065039905107074,
                43.886987044266135,
                58.40141338119728,
                91.93982010218531,
                152.2235170295561,
                247.83382741083025,
                341.0725084921484,
                656.9287187116015,
                1143.9160686237149,
                1926.0676318235837,
                2695.609227159446,
                3901.5832302996655,
                6459.798601298715,
                10876.679972709995,
                15480.358780828803,
                22785.79750738779,
                34685.34234897864,
                62462.65468501693,
                96694.43049270775
            ],