{
    "Ferrite": {
        "1": {
            "Time": [
                2.6737367418581015,
                3.0770573680275586,
                3.1254694212340177,
                3.653523157362264,
                4.139512063276673,
                4.406236427773572,
                5.1506780761681235,
                7.974343059494887,
                9.768559103068906,
                13.141473626117557,
                17.13556012201309,
                27.370840608602304,
                42.3758716060406,
                57.90443980602482,
                86.89265171458294,
                147.73776525985107,
                208.27832088940974,
                332.68551962698444,
                491.50215204003024,
                875.735351069138,
                1089.6527910361415,
                1713.556012201308,
                2652.9484644318927,
                4371.977981969233,
                6068.073707994629,
                11873.432050128553,
                18097.855596741625,
                23232.807548675944,
                37110.04879777671,
                44062.36427773565,
                79743.43059494878,
                110679.65496947656,
                142083.08325339187,
                166088.2782627712,
                223435.688453969,
                273708.40608602273,
                335292.41492495564,
                362511.70499885257
            ],
            "Temperature": [
                562.5298329355609,
                592.6014319809069,
                605.9665871121719,
                637.708830548926,
                664.4391408114559,
                677.8042959427207,
                702.8639618138425,
                742.9594272076372,
                751.3126491646779,
                756.3245823389021,
                759.6658711217184,
                768.0190930787589,
                774.7016706443914,
                778.0429594272076,
                783.054892601432,
                783.054892601432,
                783.054892601432,
                784.72553699284,
                786.3961813842482,
                788.0668257756563,
                788.0668257756563,
                789.7374701670644,
                791.4081145584726,
                791.4081145584726,
                791.4081145584726,
                789.7374701670644,
                788.0668257756563,
                784.72553699284,
                784.72553699284,
                784.72553699284,
                786.3961813842482,
                788.0668257756563,
                791.4081145584726,
                791.4081145584726,
                793.0787589498807,
                794.7494033412888,
                794.7494033412888,
                794.7494033412888
            ]
        }
    },
    "Pearlite": {
        "1": {
            "Time": [
                5700.752723291352,
                3858.697004969914,
                2959.282600680672,
                2269.510536694667,
                1443.185091696174,
                946.8282046132678,
                682.1789356023969,
                469.01468483874197,
                354.1217015835574,
                189.65578820131336,
                134.5282706227269,
                122.4998602416242,
                124.42717879389508,
                138.79469963070218,
                157.25706631484883,
                170.02331307039222,
                225.18651141218683,
                255.14065200312865,
                322.4590545296394,
                447.556076166415,
                565.6429425752491,
                611.5622614946907,
                797.4343059494888,
                976.8559103068901,
                1056.1578067992264,
                1178.1116230251787,
                1254.0217953243423,
                1512.380318336176,
                1687.0138344819115,
                2305.2172693661832,
                2571.399123459712,
                4371.977981969233,
                6068.073707994629,
                6875.244314375956
            ],
            "Temperature": [
                726.2529832935561,
                731.2649164677805,
                729.5942720763724,
                727.9236276849642,
                721.2410501193317,
                716.2291169451074,
                714.5584725536993,
                711.217183770883,
                706.2052505966587,
                691.1694510739857,
                681.145584725537,
                664.4391408114559,
                649.4033412887828,
                634.3675417661098,
                627.6849642004773,
                619.3317422434368,
                612.6491646778043,
                609.307875894988,
                602.6252983293556,
                590.9307875894988,
                590.9307875894988,
                590.9307875894988,
                587.5894988066825,
                570.8830548926014,
                557.5178997613365,
                542.4821002386634,
                529.1169451073986,
                512.4105011933175,
                507.3985680190931,
                495.7040572792363,
                492.36276849642,
                489.0214797136038,
                490.69212410501194,
                494.03341288782815
            ]
        },
        "99": {
            "Time": [
                13039.298795195717,
                8964.836490511858,
                6663.9052513006445,
                5612.45074142526,
                3981.0717055349664,
                3005.841676311083,
                2234.3568845396894,
                1635.156488492185,
                1273.7516094344435,
                682.1789356023969,
                499.2350687489905,
                461.7498676811137,
                359.6931799826144,
                317.46431524384263,
                307.70573680275567,
                307.70573680275567,
                401.2267043166982,
                539.7633465938161,
                682.1789356023969,
                785.082423129582,
                992.225009627627,
                1273.7516094344435,
                1536.1749466718268,
                1941.4919457438805,
                2492.356538688098,
                3300.988929148566,
                4801.267821488591,
                6983.414118752501,
                11154.693128629524,
                13452.82706227267,
                21155.52117454009,
                32753.23772005127,
                50708.964921990904,
                82272.41341700454,
                99222.50096276257,
                209910.37201085515,
                245375.11066398106,
                362511.70499885257,
                437197.79819692275,
                561245.0741425263
            ],