{
    "Ferrite": {
        "1": {
            "Time": [
                10212.263376863055,
                6072.287666775895,
                3968.5485616486776,
                2397.195947139541,
                1296.8353332007837,
                808.4248983894817,
                658.7188842301699,
                465.7866115613125,
                299.65729681852883,
                192.78032753152243,
                134.1862745985343,
                93.40141974646772,
                59.14932990987223,
                42.489167428300895,
                28.20974028427792,
                23.721520958911917,
                16.51155263633919,
                12.434857735925195,
                10.132141686491286,
                8.520100112680648,
                7.751676981873665,
                6.4164912367995015,
                5.066114819476851,
                4.832262443800226,
                5.311284240584184,
                5.746548408982255,
                6.727010737071874,
                7.751676981873665,
                8.386933368535168
            ],
            "Temperature": [
                783.8942307692307,
                785.5769230769231,
                785.5769230769231,
                780.5288461538462,
                778.8461538461538,
                777.1634615384615,
                775.4807692307693,
                772.1153846153846,
                770.4326923076923,
                768.75,
                767.0673076923076,
                765.3846153846154,
                765.3846153846154,
                765.3846153846154,
                763.7019230769231,
                758.6538461538462,
                748.5576923076923,
                740.1442307692307,
                731.7307692307693,
                721.6346153846154,
                714.9038461538462,
                703.125,
                674.5192307692307,
                656.0096153846154,
                637.5,
                620.6730769230769,
                602.1634615384615,
                588.7019230769231,
                581.9711538461538
            ]
        }
    },
    "Pearlite": {
        "1": {
            "Time": [
                11954.655298576072,
                6674.233066587533,
                4226.663948177234,
                3133.3515371572744,
                2676.665311592898,
                1236.9732822333501,
                724.0176355230138,
                444.28585416568257,
                304.4152202242956,
                136.31686852507448,
                101.05574390831559,
                77.31351457358872,
                61.04257412224942,
                50.52831056337749,
                34.0798087858597,
                31.006169624559472,
                29.11267405558612,
                26.073033469736973,
                21.244768128611728,
                18.148341553236655,
                17.86468813082115,
                21.92476795894078,
                24.098168485900526,
                26.487018036514023,
                30.044508815955286,
                36.29636803439437,
                39.89442414884955,
                59.14932990987223,
                72.59210593010081,
                99.47627134162107,
                145.18295159376552,
                208.5788359798834,
                299.65729681852883,
                480.6954500533962,
                690.596907779557,
                902.6725099920149,
                1296.8353332007837,
                2286.5411382422485,
                3443.9604291082023
            ],
            "Temperature": [
                740.1442307692307,
                740.1442307692307,
                741.8269230769231,
                745.1923076923076,
                745.1923076923076,
                733.4134615384615,
                733.4134615384615,
                733.4134615384615,
                733.4134615384615,
                723.3173076923076,
                721.6346153846154,
                716.5865384615385,
                713.2211538461538,
                708.1730769230769,
                698.0769230769231,
                694.7115384615385,
                693.0288461538462,
                686.2980769230769,
                672.8365384615385,
                657.6923076923076,
                640.8653846153845,
                615.625,
                612.2596153846154,
                608.8942307692307,
                603.8461538461538,
                595.4326923076924,
                592.0673076923076,
                576.9230769230769,
                565.1442307692307,
                548.3173076923076,
                534.8557692307693,
                524.7596153846154,
                512.9807692307693,
                507.9326923076923,
                506.25,
                506.25,
                506.25,
                501.2019230769231,
                501.2019230769231
            ]
        },
        "99": {
            "Time": [
                11954.655298576072,
                7221.192026762415,
                5524.631390634268,
                4160.602391489872,
                2634.8297932306814,
                1953.277592917581,
                1317.426332488205,
                821.26097408892,
                589.9423557893866,
                417.15405083729206,
                319.1470820115021,
                189.7672257823465,
                159.57492619027593,
                130.0244680001533,
                130.0244680001533,
                132.0889812497504,
                159.57492619027593,
                189.7672257823465,
                268.3702195986103,
                290.36338267653815,
                391.67914192709736,
                511.96000180717476,
                735.5135026045652,
                1296.8353332007837,
                1805.3293487501855,
                3337.1455012677206,
                3845.463457458407,
                4719.415944009899,
                6674.233066587533,
                7570.654194911421,
                8862.341083949386
            ],
            "Temperature": [
                719.9519230769231,
                719.9519230769231,
                721.6346153846154,
                721.6346153846154,
                718.2692307692307,
                714.9038461538462,
                714.9038461538462,
                714.9038461538462,
                711.5384615384615,
                704.8076923076923,
                703.125,
                699.7596153846154,
                694.7115384615385,
                684.6153846153846,
                676.2019230769231,
                659.375,
                642.5480769230769,
                634.1346153846154,
                617.3076923076924,
                615.625,
                613.9423076923076,
                605.5288461538462,
                595.4326923076924,
                585.3365384615385,
                580.2884615384615,
                573.5576923076924,
                570.1923076923076,
                563.4615384615385,
                543.2692307692307,
                533.1730769230769,
                523.0769230769231
            ]
        }
    },
    "Bainite": {
        "1": {
            "Time": [
                30.521552002381558,
                9.364696968133277,
                6.217482838603329,
                5.146553996269157,
                4.537164157354528,
                3.208273467704556,
                2.533079398044898,
                2.1300620078660923,
                1.7631699875100755,
                1.7631699875100755,
                1.9076632369004711,
                2.163882882547138,
                2.655665172700063,
                2.828390296733099,
                3.208273467704556,
                4.127959823993395,
                5.311284240584184,
                6.024646714488275
            ],