{
    "Ferrite": {
        "1": {
            "Time": [
                1643.5285859446012,
                737.4785955630698,
                510.1015139928987,
                247.98850732069045,
                191.89455199058938,
                124.48803454167175,
                79.47527119879052,
                52.391102852044966,
                29.42235926634095,
                20.679748066963686,
                11.801188681231517,
                8.564748550157907,
                6.627438520040951,
                5.92409220916893,
                5.82990198015262,
                4.097594727645447,
                3.4907876746004884,
                3.1707360675537246,
                3.070711243100297,
                2.9265591656684324,
                2.9265591656684324
            ],
            "Temperature": [
                788.7530562347188,
                781.9070904645477,
                775.0611246943765,
                773.3496332518338,
                771.638141809291,
                766.5036674816627,
                759.6577017114914,
                756.2347188264059,
                749.3887530562347,
                740.8312958435208,
                730.5623471882641,
                718.5819070904646,
                704.8899755501222,
                696.3325183374084,
                696.3325183374084,
                679.2176039119804,
                656.9682151589242,
                629.5843520782396,
                602.2004889975551,
                571.3936430317849,
                554.2787286063569
            ]
        }
    },
    "Pearlite": {
        "1": {
            "Time": [
                1591.681426549801,
                908.3153612075836,
                669.863136911732,
                470.8188349303425,
                347.2188131490702,
                291.0965933298196,
                188.84352051423912,
                130.6198800909119,
                102.7072090846104,
                74.54006912856046,
                54.097681703271114,
                32.91557090391524,
                26.299869667296846,
                18.485080478772783,
                10.892384659277688,
                7.180397580032904,
                6.21589228923141,
                5.645990449920664,
                5.380943954798313,
                6.019804213212053,
                7.655802465168374,
                8.84373520907682,
                11.428905463381518,
                21.69836018989321,
                37.41845459158753,
                55.859850363012534,
                84.73722664822648,
                116.75766009284222,
                179.9784128448544,
                336.26536256465795,
                420.8525184362783,
                773.8042140091507,
                1516.961218076141
            ],
            "Temperature": [
                708.3129584352079,
                703.1784841075795,
                699.7555012224939,
                694.6210268948655,
                691.19804400978,
                691.19804400978,
                687.7750611246944,
                686.0635696821516,
                684.3520782396088,
                682.640586797066,
                682.640586797066,
                680.9290953545233,
                679.2176039119804,
                674.083129584352,
                662.1026894865525,
                643.2762836185819,
                627.8728606356968,
                615.8924205378974,
                597.0660146699267,
                581.6625916870416,
                564.5476772616137,
                552.5672371638142,
                540.5867970660147,
                521.7603911980441,
                501.22249388753056,
                494.37652811735944,
                487.53056234718827,
                478.97310513447434,
                473.83863080684597,
                468.70415647921766,
                466.99266503667485,
                461.8581907090465,
                470.4156479217604
            ]
        },
        "99": {
            "Time": [
                1566.374454140475,
                786.3061045005245,
                618.2772899747893,
                388.4428627875581,
                256.0664426742523,
                148.48881297571614,
                62.49189090044361,
                45.35367973884024,
                38.02300211561398,
                29.42235926634095,
                26.72478088458579,
                30.380758180349606,
                39.26155690332068,
                59.558259183627065,
                83.38994532606031,
                102.7072090846104,
                143.80454814422137,
                218.14592251774692,
                291.0965933298196,
                455.966267479149,
                669.863136911732,
                1355.9715577053353,
                1670.0820913777973
            ],
            "Temperature": [
                682.640586797066,
                674.083129584352,
                670.6601466992665,
                665.5256723716382,
                662.1026894865525,
                656.9682151589242,
                641.5647921760392,
                636.4303178484108,
                631.2958435207825,
                614.1809290953545,
                597.0660146699267,
                576.5281173594133,
                571.3936430317849,
                562.8361858190709,
                552.5672371638142,
                547.4327628361858,
                542.2982885085576,
                538.8753056234718,
                532.0293398533008,
                523.4718826405868,
                513.2029339853301,
                499.5110024449878,
                489.2420537897311
            ]
        }
    },
    "Bainite": {
        "1": {
            "Time": [
                3.070711243100297,
                2.574381191673244,
                2.376129299916287,
                1.8985510256791673,
                1.697064605869198,
                1.724483060660802,
                2.2285780168165497,
                2.533449763623611,
                3.021888404930606,
                4.097594727645447,
                5.04680170721682
            ],
            "Temperature": [
                549.1442542787286,
                532.0293398533008,
                520.0488997555012,
                492.66503667481663,
                473.83863080684597,
                429.3398533007335,
                400.2444987775061,
                374.5721271393643,
                343.7652811735942,
                295.8435207823961,
                275.30562347188265
            ]
        },
        "99": {
            "Time": [
                714.213913329122,
                638.4169489975083,
                579.8839216297154,
                501.9911442133404,
                434.5612966133076,
                358.5290595651732,
                347.2188131490702,
                401.0959343675753,
                455.966267479149,
                608.446977163625,
                761.5010975893047,
                953.0558017280963,
                1136.8010204294133,
                1492.8422611972615
            ],
            "Temperature": [
                287.28606356968214,
                321.51589242053797,
                331.7848410757947,
                354.0342298288509,
                396.82151589242056,
                434.4743276283619,
                456.7237163814181,
                470.4156479217604,
                472.1271393643032,
                470.4156479217604,
                470.4156479217604,
                468.70415647921766,
                468.70415647921766,
                466.99266503667485
            ]
        }
    },
	"C": 0.38,
    "Mn": 1.14,
    "Si": 1.05,
    "P": 0.035,
    "S": 0.019,
    "Cr": 0.23,
    "V": 0.02,
    "Ms:": 320,
    "Mf:": "",
    "Ac1:": 720,
    "Ac3:": 790,
    "Austenitization Temp:": 860.0,