{
    "Ferrite": {
        "1": {
            "Time": [
                19926.38749192328,
                4174.182457506698,
                1426.5457829751836,
                608.135001278718,
                372.75937203149397,
                271.82269518353377,
                195.11277884073593,
                121.49864332998071,
                88.59894926614447,
                71.02783406586595,
                50.184711122642106,
                33.28784758496409,
                28.878287023696497,
                22.43143941013124,
                20.08432048839207,
                16.8821817479457,
                14.416410590632275,
                13.322061327230143,
                12.310784081150203,
                12.117933682881006,
                12.50670358980454,
                14.87892068106207,
                17.15085259224514,
                19.15515692838057,
                22.43143941013124
            ],
            "Temperature": [
                776.6666666666666,
                778.3333333333334,
                778.3333333333334,
                771.6666666666666,
                771.6666666666666,
                768.3333333333333,
                763.3333333333333,
                761.6666666666666,
                760.0,
                755.0,
                745.0,
                731.6666666666666,
                726.6666666666666,
                718.3333333333333,
                711.6666666666666,
                700.0,
                688.3333333333333,
                680.0,
                668.3333333333333,
                648.3333333333333,
                631.6666666666666,
                610.0,
                598.3333333333333,
                593.3333333333333,
                588.3333333333333
            ]
        }
    },
    "Pearlite": {
        "1": {
            "Time": [
                20243.505233647884,
                4888.131234449257,
                902.4612671313843,
                479.8912784632293,
                146.844316742702,
                59.703528658383725,
                37.17797356536732,
                34.355794789987456,
                27.54228703338167,
                29.804765848561992,
                31.250512414079704,
                40.23198202446985,
                58.76826334920852,
                80.59084590652478,
                108.7856042997419,
                131.4792272326197,
                166.61507222486546,
                189.04771330809302,
                276.1486072075287,
                464.9738954516375,
                1056.8175092136582
            ],
            "Temperature": [
                733.3333333333333,
                730.0,
                718.3333333333333,
                710.0,
                705.0,
                691.6666666666666,
                686.6666666666666,
                685.0,
                661.6666666666666,
                623.3333333333333,
                610.0,
                590.0,
                581.6666666666666,
                573.3333333333333,
                546.6666666666666,
                528.3333333333333,
                506.66666666666663,
                498.3333333333333,
                478.3333333333333,
                466.66666666666663,
                455.0
            ]
        },
        "99": {
            "Time": [
                21225.461552791334,
                11648.921383134752,
                7486.618692932296,
                5907.837911587944,
                4736.184055770135,
                2290.867652767771,
                1618.612377617265,
                1237.5747175617707,
                874.4083289366408,
                472.3737049628341,
                308.4202303158792,
                214.5006296836408,
                192.05630600693328,
                169.26666150378753,
                158.90693722724356,
                158.90693722724356,
                192.05630600693328,
                255.18617533260343,
                372.75937203149397,
                561.9714929272791,
                860.7105828488403,
                1644.371723214932,
                2116.96796306365,
                2812.825931247279,
                3918.707581618107,
                6809.933282962404,
                8361.529268283022
            ],
            "Temperature": [
                710.0,
                708.3333333333333,
                708.3333333333333,
                708.3333333333333,
                706.6666666666666,
                706.6666666666666,
                705.0,
                701.6666666666666,
                700.0,
                691.6666666666666,
                686.6666666666666,
                681.6666666666666,
                678.3333333333333,
                668.3333333333333,
                653.3333333333333,
                635.0,
                621.6666666666666,
                613.3333333333333,
                596.6666666666666,
                586.6666666666666,
                578.3333333333333,
                568.3333333333333,
                568.3333333333333,
                565.0,
                561.6666666666666,
                543.3333333333333,
                526.6666666666666
            ]
        }
    },
    "Bainite": {
        "1": {
            "Time": [
                37.7696410225883,
                16.617719675320338,
                11.022642302550725,
                8.295778406900162,
                5.005282236996436,
                4.012624970464054,
                3.826988373761551,
                4.552874868399658,
                5.084938612259335,
                5.7695621657942215,
                6.54636174067275,
                7.545956298610856,
                8.295778406900162,
                10.512700352137676,
                11.55732012329971,
                13.113369109432515,
                14.87892068106207,
                16.101159153591638,
                17.982792905312074
            ],
            "Temperature": [
                590.0,
                578.3333333333333,
                571.6666666666666,
                565.0,
                545.0,
                530.0,
                513.3333333333333,
                485.0,
                471.66666666666663,
                458.3333333333333,
                450.0,
                438.3333333333333,
                433.3333333333333,
                423.3333333333333,
                420.0,
                406.66666666666663,
                378.33333333333326,
                356.66666666666663,
                333.33333333333326
            ]
        },
        "99": {
            "Time": [
                598.6084693840016,
                580.0007717396942,
                561.9714929272791,
                553.168119761723,
                570.914967042843,
                617.8131428057436,
                668.5637992651671,
                860.7105828488403,
                1007.9258218045184,
                1161.8307244348377,
                1199.1048038628785,
                1593.256556281327,
                1670.541014945962,
                2327.3255795711175,
                3399.6058776422424,
                4661.990976319566,
                6598.2470372972375,
                7726.805850957021,
                11648.921383134752
            ],
            "Temperature": [
                321.66666666666663,
                345.0,
                363.33333333333326,
                378.33333333333326,
                401.66666666666663,
                420.0,
                428.3333333333333,
                451.66666666666663,
                458.3333333333333,
                465.0,
                465.0,
                470.0,
                470.0,
                470.0,
                466.66666666666663,
                465.0,
                465.0,
                465.0,
                463.3333333333333
            ]
        }
    },