{
    "Ferrite": {
        "1": {
            "Time": [
                2.5630620724274356,
                3.1358145072569226,
                3.7726136847372587,
                6.793863052548245,
                10.876679972710004,
                29.81621797677034,
                54.60422875269859,
                88.90068544382824,
                128.67348130251446,
                183.13599932506696,
                239.64150798318266,
                383.6556566345652,
                461.5657517678016,
                790.3331872382493,
                1308.5439720555362,
                1712.287326802875,
                3297.981196536755,
                5105.393217481594,
                9833.332623922961,
                17122.87326802877,
                26065.039905107093
            ],
            "Temperature": [
                594.6428571428571,
                625.0,
                646.4285714285714,
                683.9285714285714,
                710.7142857142857,
                737.5,
                753.5714285714286,
                753.5714285714286,
                760.7142857142857,
                762.5,
                762.5,
                766.0714285714286,
                767.8571428571429,
                769.6428571428571,
                769.6428571428571,
                769.6428571428571,
                771.4285714285714,
                775.0,
                778.5714285714286,
                778.5714285714286,
                776.7857142857142
            ]
        }
    },
    "Pearlite": {
        "1": {
            "Time": [
                21304.294320497578,
                12867.348130251441,
                7026.116207448577,
                2981.6217976770326,
                1496.8644761350279,
                764.2081743948911,
                278.77605911984085,
                120.30729738658499,
                79.03331872382498,
                62.46265468501694,
                62.46265468501694,
                72.66309105547144,
                83.12047745422186,
                157.4273887895084,
                202.56730167910473,
                243.7032460390612,
                269.56092271594457,
                341.0725084921484,
                410.3351170955345,
                485.43533642464973,
                527.9924801735732,
                603.9790821830381,
                656.9287187116015,
                1106.1031278702737,
                2437.0324603906124,
                4388.698704426615,
                6680.631519708759
            ],
            "Temperature": [
                737.5,
                732.1428571428571,
                728.5714285714286,
                732.1428571428571,
                730.3571428571429,
                730.3571428571429,
                721.4285714285714,
                705.3571428571429,
                691.0714285714286,
                669.6428571428571,
                651.7857142857142,
                626.7857142857142,
                616.0714285714286,
                598.2142857142858,
                596.4285714285713,
                596.4285714285713,
                591.0714285714286,
                580.3571428571429,
                551.7857142857142,
                530.3571428571429,
                517.8571428571429,
                503.57142857142856,
                498.21428571428567,
                485.71428571428567,
                492.85714285714283,
                492.85714285714283,
                492.85714285714283
            ]
        },
        "99": {
            "Time": [
                23171.999136847528,
                13307.227794492082,
                8173.513026666531,
                5369.415439980639,
                4243.627218286162,
                2606.5039905107087,
                1183.021672287509,
                817.3513026666536,
                446.30837502126116,
                260.6503990510708,
                224.06032599149896,
                199.1911656141187,
                209.49221237140577,
                239.64150798318266,
                269.56092271594457,
                410.3351170955345,
                477.3447130469531,
                690.9013772217802,
                889.0068544382826,
                1244.2008994060725,
                1712.287326802875,
                2695.609227159446,
                4103.351170955342,
                6246.265468501697,
                8312.047745422175,
                13085.439720555363,
                15742.738878950848,
                21304.294320497578,
                24370.32460390613
            ],
            "Temperature": [
                721.4285714285714,
                716.0714285714286,
                716.0714285714286,
                714.2857142857142,
                714.2857142857142,
                712.5,
                703.5714285714286,
                701.7857142857142,
                691.0714285714286,
                676.7857142857142,
                667.8571428571429,
                658.9285714285714,
                642.8571428571429,
                632.1428571428571,
                626.7857142857142,
                614.2857142857142,
                605.3571428571429,
                594.6428571428571,
                587.5,
                576.7857142857142,
                573.2142857142858,
                567.8571428571429,
                560.7142857142858,
                558.9285714285713,
                558.9285714285713,
                557.1428571428571,
                550.0,
                532.1428571428571,
                523.2142857142858
            ]
        }
    },
    "Bainite": {
        "1": {
            "Time": [
                3.1889641357478062,
                3.032157979099793,
                2.787760591198409,
                2.356474658497128,
                2.0256730167910475,
                1.7708231157450263,
                1.655686479050853,
                1.5480358780828785,
                1.522235170295561,
                1.5480358780828785,
                1.712287326802877,
                1.8624001274962003,
                2.2785797507387793,
                2.6956092271594456,
                2.9319278895297427,
                3.3538794248790884,
                5.27992480173573,
                7.02611620744858,
                11.830216722875084,
                18.624001274962,
                27.87760591198408,
                38.365565663456536,
                53.69415439980637,
                67.93863052548247
            ],
            "Temperature": [
                287.5,
                305.3571428571428,
                328.57142857142856,
                357.1428571428571,
                385.71428571428567,
                412.5,
                435.71428571428567,
                460.71428571428567,
                496.4285714285714,
                516.0714285714286,
                533.9285714285713,
                544.6428571428571,
                566.0714285714286,
                582.1428571428571,
                582.1428571428571,
                587.5,
                596.4285714285713,
                600.0,
                601.7857142857142,
                601.7857142857142,
                610.7142857142858,
                614.2857142857142,
                616.0714285714286,
                616.0714285714286
            ]
        },