{
    "Ferrite": {
        "1": {
            "Time": [
                78905.96337893211,
                48092.895465469184,
                27941.05335054331,
                21640.142467144004,
                15976.005747087427,
                10546.816435147211,
                7541.481107230859,
                4978.629711722233,
                3339.6382148915213,
                2350.164522048731,
                1627.6487673656272,
                1240.6281139005303,
                756.1582881487392,
                405.5949000575128,
                251.18864315095786,
                200.858480727235,
                179.61196331824323,
                171.20877171259843,
                182.50370114424942,
                204.09228573477736,
                255.23275963097086,
                380.4931309138487,
                499.1900220412617,
                756.1582881487392,
                976.3271707983274,
                1280.8977148674223,
                1653.85377855246,
                2586.5254918016744,
                3794.8162483851133,
                5840.822231226915,
                11607.531860399466,
                22342.56077626871,
                29312.443511336664
            ],
            "Temperature": [
                828.117359413203,
                821.2713936430318,
                816.1369193154035,
                811.0024449877751,
                804.1564792176039,
                797.3105134474328,
                788.7530562347188,
                780.1955990220049,
                773.3496332518338,
                766.5036674816627,
                761.3691931540343,
                759.6577017114914,
                751.1002444987776,
                742.5427872860636,
                733.9853300733496,
                722.0048899755501,
                711.7359413202935,
                692.9095354523228,
                679.2176039119804,
                670.6601466992665,
                658.679706601467,
                648.4107579462103,
                638.1418092909536,
                617.6039119804401,
                610.757946210269,
                603.9119804400978,
                595.3545232273839,
                583.3740831295844,
                579.9511002444988,
                564.5476772616137,
                545.7212713936431,
                533.7408312958435,
                525.1833740831296
            ]
        }
    },
    "Pearlite": {
        "1": {
            "Time": [
                38456.61888130239,
                18445.734519503403,
                9737.316946003544,
                7188.650986321127,
                5222.988566602566,
                3234.6447429487653,
                1432.4166621318,
                1182.5850105356164,
                1008.0178161582597,
                960.8574450193219,
                960.8574450193219,
                1057.4928913331505,
                1301.5200626492574,
                1680.4806882625323,
                2670.481633274296,
                3393.4061152738936,
                6962.650031405401,
                16494.57160036098,
                20627.702871443704,
                31749.29630965478
            ],
            "Temperature": [
                745.9657701711492,
                740.8312958435208,
                737.4083129584352,
                737.4083129584352,
                737.4083129584352,
                737.4083129584352,
                722.0048899755501,
                715.158924205379,
                699.7555012224939,
                686.0635696821516,
                674.083129584352,
                665.5256723716382,
                653.5452322738387,
                643.2762836185819,
                627.8728606356968,
                621.0268948655257,
                598.7775061124694,
                586.79706601467,
                585.0855745721271,
                576.5281173594133
            ]
        },
        "99": {
            "Time": [
                15473.742866130895,
                9134.686385257824,
                6428.245959980978,
                4176.468868909164,
                3559.959741569867,
                2892.488735424785,
                2846.657779476592,
                2713.476167769259,
                2628.1683393291505,
                2586.5254918016744,
                2846.657779476592,
                3393.4061152738936,
                5058.785240302234,
                6852.328112787738,
                9737.316946003544,
                15473.742866130895,
                20959.807189858624,
                31246.234505910088,
                36076.586072538164
            ],
            "Temperature": [
                730.5623471882641,
                730.5623471882641,
                725.4278728606357,
                718.5819070904646,
                715.158924205379,
                708.3129584352079,
                706.6014669926651,
                698.0440097799511,
                696.3325183374084,
                680.9290953545233,
                667.2371638141809,
                658.679706601467,
                643.2762836185819,
                638.1418092909536,
                631.2958435207825,
                624.4498777506112,
                615.8924205378974,
                610.757946210269,
                609.0464547677261
            ]
        }
    },
    "Bainite": {
        "1": {
            "Time": [
                13.947895037913815,
                13.947895037913815,
                13.947895037913815,
                15.10743559415038,
                17.166512770298915,
                22.164847106988947,
                30.506547733256312,
                55.972780137488016,
                79.53861688709472,
                141.34778828822607,
                239.43671828713644,
                374.46428671890607,
                709.3605824022267,
                1387.3835211301039,
                2388.0019774174725,
                4899.7442328590605,
                6743.754224829761,
                12373.300178969814,
                17865.82688127448,
                21640.142467144004,
                30263.897367927788
            ],
            "Temperature": [
                360.88019559902204,
                362.5916870415648,
                388.26405867970664,
                401.95599022004893,
                417.35941320293404,
                432.7628361858191,
                446.4547677261614,
                461.8581907090465,
                470.4156479217604,
                482.39608801955995,
                489.2420537897311,
                492.66503667481663,
                496.08801955990225,
                499.5110024449878,
                501.22249388753056,
                502.93398533007337,
                504.6454767726162,
                504.6454767726162,
                506.35696821515893,
                508.06845965770174,
                504.6454767726162
            ]
        },
        "40": {
            "Time": [
                41.322346122011766,
                31.496761069816372,
                32.00385633061972,
                54.21307559981737,
                96.34186049795265,
                145.93580218872037,
                263.51737068311246,
                405.5949000575128,
                567.2274314705792,
                1057.4928913331505,
                1409.7202816281829,
                2465.5142356528672,
                3855.9124776421518,
                9281.75408420698,
                12774.925658247537,
                19351.079730053967,
                31749.29630965478
            ],