{
    "Ferrite": {
        "1": {
            "Time": [
                38373.25198002073,
                25008.80658703647,
                16569.473196054274,
                9623.06608846854,
                4294.338801959463,
                3245.809324673146,
                2259.39856521295,
                1448.4577782759466,
                1008.267306748761,
                737.3940728372814,
                749.6369985032106,
                991.8004811884451,
                1169.3325026461512,
                2013.4147871111595,
                3089.362649002429,
                4155.215609554198,
                5681.586285994084,
                8575.389866216177,
                15010.683804062579,
                21564.064973350276,
                25846.14099698485,
                39010.361619027804
            ],
            "Temperature": [
                790.2985074626865,
                781.592039800995,
                774.6268656716418,
                764.1791044776119,
                750.2487562189054,
                741.542288557214,
                729.3532338308457,
                715.4228855721393,
                703.2338308457711,
                684.0796019900497,
                656.2189054726368,
                644.0298507462686,
                635.3233830845771,
                624.8756218905473,
                612.6865671641791,
                605.7213930348258,
                602.2388059701493,
                597.0149253731342,
                586.5671641791045,
                584.8258706467661,
                584.8258706467661,
                579.6019900497513
            ]
        }
    },
    "Pearlite": {
        "1": {
            "Time": [
                30472.59333806186,
                20865.456480010584,
                14765.532235536948,
                13157.988767596917,
                9782.83748769625,
                7516.971579062829,
                5232.542365128407,
                3642.3577387367413,
                2115.374992492523,
                1764.9088808433976,
                1547.0748390346068,
                1679.8409980288457,
                2046.8434360267092,
                2413.22786484835,
                2892.433672862959,
                4087.35343634869,
                5775.917446395656,
                6922.868062722824,
                7768.651679824453,
                15259.905614729965,
                20865.456480010584
            ],
            "Temperature": [
                751.9900497512438,
                750.2487562189054,
                743.2835820895523,
                743.2835820895523,
                734.5771144278607,
                731.094527363184,
                724.1293532338309,
                717.1641791044776,
                704.9751243781095,
                696.2686567164179,
                678.8557213930349,
                670.1492537313433,
                657.9601990049752,
                652.7363184079602,
                650.9950248756219,
                638.8059701492537,
                626.6169154228855,
                617.9104477611941,
                616.1691542288556,
                610.9452736318408,
                607.4626865671642
            ]
        },
        "99": {
            "Time": [
                39010.361619027804,
                29003.82686106448,
                22286.063984287066,
                16298.863782340808,
                12731.710942907015,
                9009.651359467249,
                7273.445129118615,
                6481.575319062312,
                5147.085500875447,
                4586.715339890168,
                4898.998094790371,
                5681.586285994084,
                6375.719491524667,
                9465.904044659757,
                13157.988767596917,
                17124.245372546946,
                29485.37629218644,
                40316.490242737316
            ],
            "Temperature": [
                736.318407960199,
                736.318407960199,
                731.094527363184,
                724.1293532338309,
                720.6467661691543,
                711.9402985074627,
                704.9751243781095,
                699.7512437810946,
                689.3034825870647,
                682.3383084577115,
                668.407960199005,
                659.7014925373135,
                656.2189054726368,
                644.0298507462686,
                638.8059701492537,
                635.3233830845771,
                628.3582089552239,
                626.6169154228855
            ]
        }
    },
    "Bainite": {
        "1": {
            "Time": [
                77.26127296611642,
                65.53120479557398,
                44.87109077246908,
                40.64979903460753,
                35.632593830114395,
                33.91511744976429,
                43.41740728756937,
                52.03900247308933,
                65.53120479557398,
                85.2844952445555,
                120.51715410990269,
                173.1326684082072,
                340.0832329240536,
                883.8218211847765,
                3140.655219230584,
                6589.188666867054,
                12118.047707214984,
                20189.480724402372,
                39010.361619027804
            ],
            "Temperature": [
                264.4278606965174,
                274.8756218905472,
                332.3383084577114,
                344.5273631840796,
                368.90547263681594,
                410.6965174129353,
                442.03980099502485,
                450.7462686567164,
                457.71144278606965,
                462.93532338308455,
                466.4179104477612,
                471.6417910447761,
                473.3830845771144,
                480.3482587064676,
                490.79601990049747,
                494.2786069651741,
                496.0199004975124,
                496.0199004975124,
                492.5373134328358
            ]
        },
        "50": {
            "Time": [
                204.12336985054284,
                162.0964635337386,
                149.285176706487,
                118.5488913878347,
                128.7224657783337,
                200.78966667320645,
                313.2047696488679,
                442.59566036581424,
                646.3811412148683,
                883.8218211847765,
                1824.0008223644993,
                3354.484155925948,
                7037.808177118962,
                14765.532235536948,
                27605.854324708074,
                37130.078219255454
            ],
            "Temperature": [
                295.7711442786069,
                323.6318407960199,
                339.30348258706465,
                393.2835820895522,
                407.2139303482587,
                417.66169154228857,
                422.88557213930346,
                428.1094527363184,
                435.07462686567163,
                435.07462686567163,
                436.81592039800995,
                438.55721393034827,
                442.03980099502485,
                442.03980099502485,
                447.2636815920398,
                449.0049751243781
            ]
        },
        "99": {
            "Time": [
                488.5571521489589,
                442.59566036581424,
                400.9580408617678,
                407.61513192101506,
                457.4144632874313,
                585.5722033453663,
                813.9690026313025,
                1401.5322608747472,
                1824.0008223644993,
                2940.456638811464,
                4740.285825925232,
                8297.573962691427,
                18593.806008156924,
                28530.142001597214,
                35340.4237066999
            ],