{
    "Ferrite": {
        "1": {
            "Time": [
                28704.099396033995,
                16054.895260116538,
                7641.481571613827,
                3879.5829920209544,
                2809.300075366547,
                1253.5187691885026,
                735.9061458438966,
                475.9596028381912,
                328.36369965075147,
                212.3747123935602,
                137.35689575985137,
                96.30411837641562,
                56.5374801919898,
                40.28470492671105,
                26.478732748004912,
                16.316117432966028,
                15.54493051271145,
                16.054895260116535,
                18.564856164772863,
                23.271395649827667,
                28.24454477191916,
                36.566560518112226,
                46.58266158002195,
                62.286298589825925,
                90.28331076366189,
                128.7695221604927
            ],
            "Temperature": [
                775.0611246943765,
                769.9266503667482,
                768.2151589242054,
                763.080684596577,
                759.6577017114914,
                757.9462102689487,
                754.5232273838631,
                751.1002444987776,
                745.9657701711492,
                742.5427872860636,
                728.8508557457212,
                722.0048899755501,
                710.0244498777506,
                699.7555012224939,
                686.0635696821516,
                662.1026894865525,
                646.6992665036676,
                634.718826405868,
                621.0268948655257,
                605.6234718826406,
                597.0660146699267,
                590.2200488997555,
                581.6625916870416,
                574.8166259168704,
                566.2591687041565,
                561.1246943765282
            ]
        }
    },
    "Pearlite": {
        "1": {
            "Time": [
                30618.316527628547,
                15544.930512711446,
                8151.076202447941,
                3696.2131632745823,
                2509.1851596681536,
                1731.0824641928732,
                999.9999999999998,
                747.8797526047069,
                568.4246423429125,
                373.61981971471437,
                226.53754353388874,
                153.78567664623773,
                107.82271924832915,
                69.7361462738138,
                56.5374801919898,
                47.34058767532789,
                40.28470492671105,
                39.639744004065655,
                40.940159726201266,
                47.34058767532789,
                57.45737678327277,
                68.6196657305327,
                81.95046116934552,
                115.01319380433586,
                183.66173877747906,
                233.9693014997129,
                312.8434760866932,
                411.6100606323936,
                475.9596028381912,
                550.369306294017,
                701.1232879402677,
                907.7033227533091,
                1101.681546087911,
                1294.6415250589137,
                1649.262254222435,
                2169.9443598788525,
                2948.6699793633056,
                4006.85603186794,
                5022.669241382633,
                6936.198213312051,
                8979.890232993228,
                13228.034749073706,
                21123.523156455503,
                37766.157826240546,
                58392.24060931369,
                86016.03892866391,
                97871.04053000546
            ],
            "Temperature": [
                727.1393643031785,
                727.1393643031785,
                730.5623471882641,
                725.4278728606357,
                722.0048899755501,
                720.2933985330073,
                715.158924205379,
                713.4474327628362,
                713.4474327628362,
                711.7359413202935,
                706.6014669926651,
                701.4669926650367,
                691.19804400978,
                679.2176039119804,
                670.6601466992665,
                663.8141809290953,
                653.5452322738387,
                644.9877750611247,
                634.718826405868,
                626.1613691931541,
                619.3154034229829,
                610.757946210269,
                597.0660146699267,
                579.9511002444988,
                561.1246943765282,
                554.2787286063569,
                547.4327628361858,
                545.7212713936431,
                544.0097799511002,
                542.2982885085576,
                540.5867970660147,
                538.8753056234718,
                535.4523227383863,
                533.7408312958435,
                528.6063569682152,
                526.8948655256725,
                513.2029339853301,
                494.37652811735944,
                480.68459657701715,
                465.28117359413204,
                453.30073349633255,
                443.0317848410758,
                439.60880195599026,
                434.4743276283619,
                434.4743276283619,
                434.4743276283619,
                432.7628361858191
            ]
        },
        "99": {
            "Time": [
                30618.316527628547,
                15797.855272389716,
                11625.738786103999,
                8555.452622669696,
                5357.620684224856,
                4708.658524970049,
                2241.131241445406,
                1596.8753905741482,
                1032.8058557089118,
                784.9822074957309,
                323.10657402266804,
                233.9693014997129,
                144.1711971380497,
                104.39785817666588,
                97.87104053000556,
                107.82271924832915,
                122.68318626437065,
                158.8307473643916,
                186.65001853237413,
                195.9097609827979,
                293.28491084381386,
                385.8767376102655,
                596.624295533178,
                893.1709295386553,
                1337.1133481247637,
                1938.1312209601576,
                3521.5103727546452,
                4633.272575086301,
                8020.576906557647,
                11256.460952309539,
                19802.908096864074,
                28244.54477191915,
                40284.704926711005,
                57457.37678327271,
                75597.01943404893
            ],
            "Temperature": [
                711.7359413202935,
                706.6014669926651,
                708.3129584352079,
                708.3129584352079,
                708.3129584352079,
                708.3129584352079,
                699.7555012224939,
                696.3325183374084,
                692.9095354523228,
                689.4865525672371,
                679.2176039119804,
                672.3716381418093,
                667.2371638141809,
                655.2567237163814,
                648.4107579462103,
                634.718826405868,
                626.1613691931541,
                609.0464547677261,
                602.2004889975551,
                602.2004889975551,
                588.5085574572128,
                581.6625916870416,
                574.8166259168704,
                564.5476772616137,
                557.7017114914426,
                552.5672371638142,
                547.4327628361858,
                544.0097799511002,
                535.4523227383863,
                530.317848410758,
                513.2029339853301,
                502.93398533007337,
                485.8190709046455,
                470.4156479217604,
                451.58924205378975
            ]
        }
    },