{
    "Ferrite": {
        "1": {
            "Time": [
                26165.936878211945,
                9787.349812745328,
                6647.174902049775,
                3270.2862193450214,
                1325.9294601043182,
                611.5956822796168,
                365.11281060472214,
                251.99982162536418,
                173.92955890546915,
                128.04163914736446,
                102.17270447386841,
                89.81017740351595,
                92.75298348248577,
                110.7492320511306,
                138.78964327273326,
                179.62870100781527,
                232.48471186246067,
                371.04641345247353,
                742.1273088306732,
                1110.4719286470367
            ],
            "Temperature": [
                750.1216545012165,
                741.6058394160584,
                738.1995133819951,
                733.0900243309003,
                733.0900243309003,
                733.0900243309003,
                721.1678832116788,
                714.3552311435524,
                709.2457420924575,
                695.6204379562043,
                681.9951338199513,
                670.07299270073,
                644.5255474452555,
                630.9002433090025,
                618.9781021897811,
                600.2433090024331,
                586.6180048661801,
                571.2895377128954,
                557.6642335766423,
                540.6326034063261
            ]
        }
    },
    "Pearlite": {
        "1": {
            "Time": [
                22632.14868582829,
                10108.051467709713,
                5842.890821569395,
                3017.0320935484315,
                2221.047055193785,
                1243.1277254580168,
                945.1395045057437,
                564.2331214919814,
                371.04641345247353,
                225.108588770252,
                191.59333483514703,
                179.62870100781527,
                225.108588770252,
                260.2570885456433,
                300.89368205930407,
                342.31222055125176,
                464.99102889418396,
                778.9003762958114,
                976.1088485126879,
                1325.9294601043182,
                2016.2796109297622,
                2695.080625346315,
                3377.4435420949876,
                3780.9093593773605,
                4232.572774543,
                5219.388246780247,
                6132.411252654939,
                6864.982585713941,
                8603.115944902283,
                11876.2440409059,
                14180.513206138608,
                20545.598005254782
            ],
            "Temperature": [
                716.0583941605839,
                717.7615571776156,
                716.0583941605839,
                714.3552311435524,
                710.948905109489,
                710.948905109489,
                710.948905109489,
                702.4330900243309,
                695.6204379562043,
                687.1046228710462,
                668.3698296836983,
                651.338199513382,
                632.603406326034,
                622.3844282238442,
                610.4622871046229,
                601.9464720194647,
                581.5085158150852,
                569.5863746958637,
                562.7737226277372,
                545.742092457421,
                535.5231143552312,
                527.007299270073,
                521.8978102189781,
                516.7883211678832,
                511.6788321167883,
                496.3503649635037,
                482.7250608272506,
                474.2092457420925,
                460.5839416058394,
                448.661800486618,
                440.1459854014599,
                435.036496350365
            ]
        },
        "99": {
            "Time": [
                23753.591759815667,
                13511.029682071592,
                7441.239353771396,
                4893.447528492029,
                2446.6100805880906,
                1772.3170829740297,
                1347.4777010640428,
                1024.4759091403748,
                754.1879338900313,
                695.7828913118584,
                718.5815782913547,
                830.7810486942883,
                1263.3303203756789,
                1688.643306910696,
                2331.1019099768264,
                2874.5934350281173,
                4098.284470027608,
                4232.572774543,
                6132.411252654939,
                8330.161901267424,
                12265.392399915161,
                16661.097937558265,
                21563.650639309293,
                22632.14868582829,
                28823.272692293092,
                37304.56329753974,
                52334.30539801718,
                69953.18097479215
            ],
            "Temperature": [
                695.6204379562043,
                697.323600973236,
                693.9172749391728,
                690.5109489051094,
                687.1046228710462,
                687.1046228710462,
                687.1046228710462,
                685.4014598540145,
                676.8856447688564,
                670.07299270073,
                649.6350364963504,
                642.8223844282238,
                632.603406326034,
                627.4939172749391,
                615.5717761557178,
                613.8686131386862,
                601.9464720194647,
                601.9464720194647,
                588.3211678832117,
                576.3990267639903,
                566.1800486618006,
                545.742092457421,
                523.6009732360097,
                518.4914841849148,
                494.647201946472,
                477.6155717761557,
                462.2871046228711,
                446.9586374695864
            ]
        }
    },
    "Bainite": {
        "1": {
            "Time": [
                103.83315634687865,
                62.9941011296169,
                43.47834912125186,
                29.528748495837906,
                23.945828714104685,
                17.914672291802628,
                11.972358052037462,
                11.22470740821111,
                12.769807899075564,
                14.066672140057733,
                16.795935597269427,
                21.048470195266063,
                28.591879650057507,
                43.47834912125186,
                56.2719176334183,
                103.83315634687865,
                204.35490401756957,
                260.2570885456433,
                435.95323695585694,
                804.4225702001471,
                1283.8612362156812
            ],
            "Temperature": [
                251.09489051094897,
                285.1581508515816,
                314.1119221411193,
                349.87834549878346,
                366.9099756690998,
                395.8637469586375,
                433.33333333333337,
                450.3649635036497,
                491.2408759124088,
                499.7566909975669,
                504.8661800486618,
                513.3819951338199,
                520.1946472019465,
                523.6009732360097,
                527.007299270073,
                530.4136253041363,
                533.8199513381995,
                533.8199513381995,
                535.5231143552312,
                538.9294403892944,
                540.6326034063261
            ]
        },