{
    "Ferrite": {
        "1": {
            "Time": [
                10000.0,
                5838.792265538471,
                3808.5180107696565,
                2956.5850598613565,
                1959.2787125936268,
                1620.399099368759,
                1218.738842900933,
                976.5415392560968,
                820.5203320013371
            ],
            "Temperature": [
                755.3444180522565,
                748.6935866983373,
                747.0308788598575,
                743.7054631828978,
                740.3800475059383,
                738.7173396674584,
                735.3919239904988,
                733.729216152019,
                730.4038004750594
            ]
        }
    },
    "Pearlite": {
        "1": {
            "Time": [
                6122.680267799558,
                1990.5315802795246,
                1218.738842900933,
                526.8045102589066,
                371.9176040521571,
                238.78490711067857,
                174.00023233541282,
                153.30877388600095,
                92.39229155979046,
                67.3253615227585,
                50.63692841602898,
                39.30988001336646,
                26.465518833161568,
                21.88800531845347,
                18.982373547039934,
                18.982373547039934,
                18.102225006084115,
                19.285165388250036,
                22.5918548991305,
                27.75229920291263,
                35.18777064617435,
                43.225381165744004,
                66.26830187275257,
                80.127218800351,
                98.42992354426691,
                119.01491055976722,
                135.0778664773395,
                220.61884757847284,
                284.1896436279972,
                312.49664626297937,
                349.1044031376478,
                408.96284068886405,
                510.39190778336666,
                758.0975374500364,
                1024.0219794047593
            ],
            "Temperature": [
                728.7410926365795,
                725.41567695962,
                725.41567695962,
                717.1021377672209,
                715.4394299287411,
                710.4513064133016,
                707.1258907363421,
                702.1377672209026,
                688.8361045130641,
                680.5225653206651,
                672.209026128266,
                667.2209026128266,
                657.2446555819478,
                653.9192399049881,
                647.2684085510689,
                647.2684085510689,
                635.6294536817102,
                620.6650831353919,
                607.3634204275534,
                595.7244655581948,
                582.4228028503562,
                574.1092636579572,
                554.1567695961995,
                547.5059382422803,
                540.855106888361,
                534.2042755344419,
                530.8788598574822,
                519.2399049881235,
                509.2636579572447,
                502.6128266033254,
                494.29928741092635,
                485.9857482185273,
                471.02137767220904,
                457.71971496437055,
                461.04513064133016
            ]
        },
        "99": {
            "Time": [
                6319.566456212396,
                4057.396242568864,
                2688.7675901992516,
                1990.5315802795246,
                1277.9951616145117,
                931.2626067332968,
                689.4264997067621,
                408.96284068886405,
                271.0127298150805,
                185.37076282360604,
                111.71460792057944,
                75.21226365626241,
                68.39928255402964,
                76.41199032572361,
                86.72500426996952,
                108.23413762314395,
                139.4215468765155,
                238.78490711067857,
                408.96284068886405,
                543.7448905379573,
                1143.982139312585,
                1383.2270420389718,
                1521.0047985536628,
                1699.184547157427,
                2369.0293799335986,
                3302.9374074625443,
                5480.644278993764,
                6626.830187275254
            ],
            "Temperature": [
                712.1140142517814,
                713.7767220902613,
                713.7767220902613,
                707.1258907363421,
                703.8004750593824,
                703.8004750593824,
                698.812351543943,
                690.498812351544,
                677.1971496437054,
                668.8836104513064,
                658.9073634204276,
                642.2802850356295,
                607.3634204275534,
                599.0498812351543,
                589.0736342042755,
                579.0973871733967,
                570.7838479809976,
                550.83135391924,
                542.5178147268409,
                535.8669833729216,
                517.5771971496438,
                509.2636579572447,
                505.93824228028507,
                500.9501187648456,
                479.3349168646081,
                471.02137767220904,
                464.37054631828977,
                467.69596199524943
            ]
        }
    },
    "Bainite": {
        "1": {
            "Time": [
                63.19566456212399,
                37.4872136617021,
                30.037461712867135,
                22.5918548991305,
                17.81800623329977,
                23.690293799335986,
                28.644726076563167,
                35.18777064617435,
                45.327043041701344,
                60.265495064550265,
                95.36333778926667,
                117.14628547025657,
                135.0778664773395
            ],
            "Temperature": [
                547.5059382422803,
                535.8669833729216,
                527.5534441805225,
                517.5771971496438,
                472.6840855106888,
                431.1163895486936,
                407.83847980997626,
                391.21140142517817,
                371.25890736342046,
                344.6555819477435,
                299.7624703087886,
                276.48456057007127,
                253.20665083135395
            ]
        },
        "99": {
            "Time": [
                1620.399099368759,
                1162.230039524617,
                807.6375354540814,
                647.1374951470544,
                449.6980063381199,
                327.6905501708971,
                250.39487149489642,
                203.83480889055247,
                203.83480889055247,
                213.74546404928182,
                231.34555972232724,
                284.1896436279972,
                396.22159720901055,
                588.5175931436659,
                833.6086247515208,
                1238.1792030477689,
                1810.2225006084118,
                2406.8182668740706,
                3251.078764880378,
                5144.464873352867,
                6626.830187275254
            ],