{
    "Ferrite": {
        "1": {
            "Time": [
                76136.75672746173,
                50786.04947527265,
                39192.274563668085,
                28347.875440921984,
                21876.43514422645,
                12410.424458818025,
                9423.422762043409,
                6598.735593459444,
                4850.815665048059,
                3743.4394162686494,
                2707.6395915891926,
                1896.0199704979868,
                1463.184004854239,
                1204.7334614657027,
                1024.592084683097,
                1008.1310680993893,
                960.3178598013658,
                960.3178598013658,
                1008.1310680993893,
                1129.1586931433962,
                1371.396239579394,
                1511.3565767436025,
                1638.8414076597514,
                1865.5586614131491,
                2123.639970839802,
                2707.6395915891926,
                3342.203004771992,
                5010.519615864456,
                6706.481400996381,
                9272.026786337357,
                12819.014261902625,
                18306.384468913406
            ],
            "Temperature": [
                768.3982683982683,
                764.9350649350649,
                756.2770562770563,
                754.5454545454545,
                749.3506493506493,
                740.6926406926407,
                737.2294372294373,
                732.0346320346321,
                728.5714285714286,
                723.3766233766233,
                718.1818181818182,
                704.3290043290043,
                693.939393939394,
                687.012987012987,
                676.6233766233767,
                666.2337662337662,
                655.8441558441558,
                650.6493506493507,
                643.7229437229437,
                633.3333333333333,
                617.7489177489177,
                612.5541125541126,
                607.3593073593074,
                598.7012987012987,
                593.5064935064935,
                586.5800865800866,
                579.6536796536797,
                567.5324675324675,
                562.3376623376623,
                553.6796536796537,
                548.4848484848485,
                543.2900432900433
            ]
        }
    },
    "Pearlite": {
        "1": {
            "Time": [
                71360.58180202282,
                53314.63304519313,
                34991.49398312039,
                19531.633650855896,
                15823.28317159808,
                11631.899595637442,
                8976.49270536798,
                6927.27964396676,
                5521.877307073629,
                3624.12203798177,
                2621.337017541871,
                2265.7755269585095,
                1958.4428496638798,
                1865.5586614131491,
                1896.0199704979868,
                2158.315296185865,
                2497.013368757452,
                3082.2143426846374,
                4620.753258335879,
                4850.815665048059,
                5891.457420763897,
                7040.390001049896,
                8145.217700562476,
                9892.604992492705,
                12014.857936913546,
                14357.955874373965,
                16081.649702437613,
                18605.295699670973,
                20174.67582671426
            ],
            "Temperature": [
                712.987012987013,
                712.987012987013,
                712.987012987013,
                711.2554112554112,
                709.5238095238095,
                704.3290043290043,
                702.5974025974026,
                697.4025974025974,
                695.6709956709957,
                687.012987012987,
                678.3549783549784,
                673.1601731601731,
                661.038961038961,
                650.6493506493507,
                641.991341991342,
                635.0649350649351,
                619.4805194805194,
                610.8225108225108,
                596.969696969697,
                593.5064935064935,
                590.04329004329,
                583.1168831168832,
                576.1904761904761,
                569.2640692640693,
                562.3376623376623,
                558.8744588744589,
                557.1428571428571,
                551.9480519480519,
                548.4848484848485
            ]
        },
        "99": {
            "Time": [
                74913.54952739034,
                69086.0538647893,
                60690.177214617695,
                49167.308632131826,
                41815.41964341577,
                34991.49398312039,
                27892.44068330305,
                22596.67548390487,
                19217.839946766235,
                17722.89170788467,
                16081.649702437613,
                16081.649702437613,
                15318.936111586654,
                15823.28317159808,
                17722.89170788467,
                22965.639660932462,
                26569.569958918724,
                33876.18454168466,
                42498.1922887452,
                57811.78949636478,
                62688.28675870096,
                74913.54952739034
            ],
            "Temperature": [
                688.7445887445888,
                688.7445887445888,
                688.7445887445888,
                687.012987012987,
                683.5497835497836,
                680.08658008658,
                678.3549783549784,
                674.891774891775,
                673.1601731601731,
                669.6969696969697,
                664.5021645021645,
                661.038961038961,
                655.8441558441558,
                652.3809523809524,
                647.1861471861472,
                635.0649350649351,
                629.8701298701299,
                628.1385281385282,
                624.6753246753246,
                617.7489177489177,
                616.017316017316,
                609.0909090909091
            ]
        }
    },
    "Bainite": {
        "1": {
            "Time": [
                52.88462456147319,
                47.216244597802095,
                44.25429752762868,
                40.811773064154714,
                38.87616977974557,
                37.63704122972925,
                38.87616977974557,
                40.811773064154714,
                44.976892781910486,
                49.56709136688345,
                61.18365317851372,
                73.11548727273332,
                79.28287071867014,
                94.74435447755171,
                101.0856089734582,
                113.22108576542904,
                139.75562117802602,
                146.71390541485857,
                154.01863524802874,
                149.1094868094958
            ],
            "Temperature": [
                513.8528138528138,
                494.8051948051948,
                487.8787878787879,
                479.2207792207792,
                468.83116883116884,
                454.97835497835496,
                441.12554112554113,
                435.9307359307359,
                416.8831168831169,
                408.2251082251082,
                390.90909090909093,
                373.59307359307354,
                366.66666666666663,
                344.1558441558442,
                332.03463203463207,
                316.45021645021643,
                288.7445887445888,
                280.08658008658006,
                266.23376623376623,
                271.42857142857144
            ]
        },