{
    "Ferrite": {
        "1": {
            "Time": [
                8355.757272293573,
                2536.6194557578,
                1554.1372208032185,
                906.6649113412797,
                537.6460431193523,
                351.6408253879899,
                185.99597500953053,
                127.75649214671155,
                65.40377817119527,
                60.2756418885755,
                53.764604311935244,
                48.74648020177972,
                51.19409360119851,
                55.54958913183834,
                68.68777248548803,
                78.27390868337497,
                96.78668222789784,
                106.75022383376006,
                121.6483949025852,
                147.98331982375294,
                180.01933328915453,
                218.99062946059158,
                279.77474632885446,
                308.5756852716053,
                375.37736819256065
            ],
            "Temperature": [
                803.5046728971963,
                800.2336448598131,
                795.3271028037383,
                790.4205607476636,
                780.607476635514,
                769.1588785046729,
                759.3457943925233,
                751.1682242990654,
                734.8130841121496,
                725.0,
                705.3738317757009,
                695.5607476635514,
                679.2056074766355,
                671.0280373831775,
                644.8598130841121,
                631.7757009345794,
                621.9626168224299,
                613.785046728972,
                607.2429906542056,
                600.7009345794393,
                594.1588785046729,
                587.6168224299065,
                579.4392523364486,
                574.5327102803737,
                569.6261682242991
            ]
        }
    },
    "Pearlite": {
        "1": {
            "Time": [
                8220.412614574909,
                4419.672315034602,
                2797.7474632885455,
                1859.959750095306,
                1432.2814550810936,
                1067.5022383376008,
                877.5308866117357,
                782.7390868337492,
                721.366596998221,
                511.940936011985,
                449.2439834714391,
                363.3153005079796,
                289.0632676818965,
                229.98638539612108,
                201.82015668528632,
                174.23474005935424,
                150.4197853284293,
                140.90816855117316,
                140.90816855117316,
                157.97252514848535,
                174.23474005935424,
                198.55111964445837,
                237.62193320625033,
                308.5756852716053,
                381.5577539950052,
                464.1588833612782,
                698.1867959348683,
                863.3168407011585,
                1139.561028855787,
                1504.1978532842909,
                2051.4301665692165,
                2663.9858572587723,
                4073.1375644473583,
                6981.867959348678,
                9838.022272179394,
                13638.034132877443,
                15041.978532842924,
                18905.82983690758
            ],
            "Temperature": [
                785.5140186915887,
                785.5140186915887,
                777.3364485981308,
                775.7009345794393,
                772.4299065420561,
                769.1588785046729,
                769.1588785046729,
                769.1588785046729,
                765.8878504672897,
                757.7102803738318,
                754.4392523364486,
                752.803738317757,
                746.2616822429907,
                739.7196261682243,
                734.8130841121496,
                729.9065420560747,
                721.7289719626168,
                711.9158878504672,
                692.2897196261682,
                685.7476635514018,
                677.5700934579439,
                669.392523364486,
                659.5794392523364,
                648.1308411214953,
                636.6822429906542,
                625.233644859813,
                605.607476635514,
                600.7009345794393,
                594.1588785046729,
                585.981308411215,
                577.803738317757,
                571.2616822429907,
                556.5420560747664,
                548.3644859813085,
                540.1869158878504,
                536.9158878504672,
                535.2803738317757,
                533.6448598130842
            ]
        },
        "99": {
            "Time": [
                8220.412614574909,
                5646.418314067569,
                4073.1375644473583,
                2986.601679363868,
                1921.710412302151,
                1605.7345752835947,
                1319.9800758320348,
                1050.2110796366674,
                698.1867959348683,
                592.9931073697151,
                471.8010089018168,
                400.716180766836,
                351.6408253879899,
                313.6562174129408,
                289.0632676818965,
                266.3985857258772,
                249.553187017888,
                275.2430185576613,
                340.341488251831,
                564.6418314067566,
                664.8061608495073,
                835.575727229357,
                1158.3232862547106,
                1479.833198237531,
                1890.582983690759,
                2797.7474632885455,
                3753.773681925611,
                5739.383544632625,
                8220.412614574909,
                11583.23286254712,
                14798.3319823753,
                18298.325446794857
            ],
            "Temperature": [
                764.2523364485982,
                762.6168224299065,
                762.6168224299065,
                762.6168224299065,
                756.0747663551401,
                752.803738317757,
                751.1682242990654,
                749.5327102803739,
                746.2616822429907,
                744.626168224299,
                741.3551401869158,
                739.7196261682243,
                734.8130841121496,
                731.5420560747664,
                725.0,
                715.1869158878504,
                702.1028037383178,
                692.2897196261682,
                679.2056074766355,
                657.9439252336449,
                653.0373831775701,
                646.4953271028037,
                638.3177570093458,
                631.7757009345794,
                621.9626168224299,
                608.8785046728972,
                605.607476635514,
                599.0654205607477,
                595.7943925233644,
                590.8878504672897,
                590.8878504672897,
                589.252336448598
            ]
        }
    },
    "Bainite": {
        "1": {
            "Time": [
                27.977474632885468,
                24.551098119753313,
                24.551098119753313,
                24.15342501085948,
                23.377298712414145,
                22.998638539612113,
                22.998638539612113,
                23.377298712414145,
                24.15342501085948,
                24.955318701788805,
                26.639858572587723,
                27.977474632885468,
                29.86601679363866,
                31.882039777437637,
                34.59450271974592
            ],