{
    "Ferrite": {
        "1": {
            "Time": [
                13507.786647733934,
                6732.536152275847,
                5226.525316804953,
                3251.078764880378,
                2295.2222338128963,
                1545.2666666652678,
                874.139521619538,
                636.9769416995299,
                435.6876581570783,
                322.5455579950017,
                227.71325755774333,
                165.93242931612875,
                115.30699922332214,
                84.02308545178603,
                61.22680267799561,
                46.7846185390599,
                36.89863574608937,
                32.00034342635653,
                27.316566887203106,
                25.64098519410044,
                26.465518833161568,
                26.887675901992548,
                27.316566887203106,
                28.644726076563167,
                31.497913568465588,
                36.319298953753325,
                43.225381165744004,
                51.44464873352869,
                59.3192807156108,
                70.59878888838139,
                76.41199032572361,
                101.59512107619071,
                111.71460792057944,
                135.0778664773395,
                146.20036390149033,
                163.3271633110103,
                185.37076282360604,
                224.13798531424646,
                275.335710987521,
                327.6905501708971,
                402.54181141451113,
                479.08477682064745,
                535.2076800323695,
                597.9051613089915,
                617.1319154580855,
                711.5962929641279,
                807.6375354540814,
                961.2090904677837,
                1090.939551761541
            ],
            "Temperature": [
                792.6624737945492,
                794.3396226415094,
                790.9853249475891,
                785.9538784067086,
                782.5995807127882,
                779.2452830188679,
                775.8909853249476,
                772.5366876310272,
                767.5052410901468,
                760.796645702306,
                755.7651991614256,
                749.0566037735849,
                740.670859538784,
                733.9622641509434,
                723.8993710691824,
                717.1907756813417,
                707.1278825995807,
                697.0649895178198,
                687.0020964360588,
                676.9392033542977,
                661.8448637316562,
                655.1362683438156,
                645.0733752620545,
                638.3647798742138,
                626.6247379454926,
                619.9161425576519,
                613.2075471698113,
                601.4675052410902,
                594.7589098532494,
                586.3731656184486,
                583.0188679245283,
                572.9559748427673,
                569.601677148847,
                562.8930817610063,
                561.2159329140461,
                557.8616352201258,
                552.8301886792453,
                549.4758909853249,
                547.7987421383648,
                539.412997903564,
                532.7044025157234,
                525.9958071278827,
                520.9643605870021,
                519.2872117400419,
                517.6100628930817,
                512.5786163522013,
                505.8700209643606,
                502.5157232704403,
                497.4842767295598
            ]
        }
    },
    "Pearlite": {
        "1": {
            "Time": [
                552.4182798876392,
                449.6980063381199,
                343.6231970980559,
                242.59381549076352,
                188.327650930501,
                143.90490640967698,
                113.49659117670457,
                103.21568626485856,
                93.8660604752363,
                72.86902444582167,
                58.38792265538474,
                48.28906509148693,
                35.74905819199315,
                34.09149512011197,
                33.029374074625466,
                34.09149512011197,
                35.18777064617435,
                39.30988001336646,
                45.327043041701344,
                52.265253168049526,
                61.22680267799561,
                70.59878888838139,
                88.10837309140722,
                96.88449848930233,
                109.96060316400391,
                135.0778664773395,
                153.30877388600095,
                174.00023233541282,
                197.48433234023963
            ],
            "Temperature": [
                744.0251572327044,
                744.0251572327044,
                742.3480083857443,
                738.9937106918239,
                733.9622641509434,
                728.9308176100628,
                722.2222222222222,
                717.1907756813417,
                715.5136268343815,
                710.4821802935011,
                702.0964360587002,
                695.3878406708595,
                681.9706498951782,
                675.2620545073376,
                665.1991614255766,
                656.8134171907757,
                645.0733752620545,
                640.041928721174,
                631.6561844863731,
                623.2704402515724,
                619.9161425576519,
                614.8846960167715,
                606.4989517819706,
                601.4675052410902,
                596.4360587002097,
                588.0503144654087,
                579.664570230608,
                571.2788259958072,
                562.8930817610063
            ]
        },
        "99": {
            "Time": [
                10823.41376231438,
                7286.902444582162,
                4828.906509148692,
                3463.529574396142,
                2406.8182668740706,
                1646.246426921194,
                1073.8109667130527,
                833.6086247515208,
                636.9769416995299,
                415.48629315448056,
                302.7608085277768,
                254.38897286381228,
                213.74546404928182,
                185.37076282360604,
                146.20036390149033,
                126.7922718362785,
                111.71460792057944,
                104.86210143040424,
                103.21568626485856,
                109.96060316400391,
                117.14628547025657,
                124.80153622848805,
                155.7542344499062,
                224.13798531424646,
                275.335710987521,
                471.56277953678523,
                678.6019765552818,
                961.2090904677837,
                1238.1792030477689,
                1672.506050643054,
                2523.8402122549883,
                3302.9374074625443,
                4905.933414625674,
                7641.19903257235,
                10996.060316400397,
                15330.877388600087,
                22061.884757847274,
                24259.381549076363,
                31249.66462629792
            ],