{
    "Ferrite": {
        "1": {
            "Time": [
                1.3464986488036543,
                1.2499839638799728,
                1.2043527294173813,
                1.1821656367162616,
                1.2043527294173813,
                1.2734438828796093,
                1.3717699723940802,
                1.5917844325005577,
                2.0650921447897397,
                2.396306665044246,
                2.9953449038440043,
                3.744133096094604,
                5.430735871518465,
                7.312478513009147,
                9.486800868153143,
                13.760277334791095,
                21.499881685502256,
                26.37941385093115,
                34.22317696758635,
                49.63953738424998,
                72.0004362557032,
                114.60917356507707,
                154.3210973458797,
                223.83742713701503,
                307.05346124450483,
                470.92040635162283,
                670.4702966644116,
                886.1558201480824,
                1238.4165761592203,
                1548.0008608021653,
                2374.1311739232633,
                3137.8722786583553,
                4385.225437115153,
                7111.341712868224,
                7804.200139389022,
                11748.611449842521
            ],
            "Temperature": [
                465.7894736842105,
                475.65789473684214,
                493.42105263157896,
                517.1052631578948,
                534.8684210526317,
                546.7105263157895,
                558.5526315789474,
                576.3157894736842,
                596.0526315789474,
                607.8947368421052,
                623.6842105263158,
                635.5263157894738,
                647.3684210526316,
                659.2105263157895,
                667.1052631578948,
                676.9736842105264,
                688.8157894736842,
                694.7368421052631,
                700.6578947368421,
                704.6052631578948,
                704.6052631578948,
                708.5526315789474,
                714.4736842105264,
                716.4473684210526,
                722.3684210526316,
                728.2894736842105,
                730.2631578947369,
                730.2631578947369,
                730.2631578947369,
                730.2631578947369,
                732.2368421052631,
                732.2368421052631,
                732.2368421052631,
                732.2368421052631,
                732.2368421052631,
                738.1578947368421
            ]
        }
    },
    "Pearlite": {
        "1": {
            "Time": [
                11319.723032735496,
                6128.420925578253,
                1934.976252075101,
                497.9361080385157,
                69.37202750556631,
                28.94956163896721,
                15.100941936158941,
                13.013708565014568,
                10.606497779614019,
                7.877095004170819,
                6.071708341248697,
                5.136089353869455,
                4.1089241960568375,
                3.475760137530578,
                3.051562064104232,
                2.8328313944494523,
                2.6297789593652263,
                2.4870993610759164,
                2.4870993610759164,
                2.6297789593652263,
                2.9401633997629184,
                3.3488759291291523,
                4.3446444342064705,
                5.8500578601913285,
                7.449720396552423,
                10.411100414936351,
                11.85834895371403,
                13.760277334791095
            ],
            "Temperature": [
                710.5263157894738,
                708.5526315789474,
                708.5526315789474,
                694.7368421052631,
                680.921052631579,
                671.0526315789474,
                655.2631578947369,
                645.3947368421052,
                637.5,
                627.6315789473684,
                617.7631578947369,
                605.921052631579,
                590.1315789473684,
                580.2631578947369,
                566.4473684210527,
                558.5526315789474,
                540.7894736842105,
                526.9736842105264,
                515.1315789473684,
                501.3157894736842,
                493.42105263157896,
                489.47368421052636,
                483.5526315789474,
                477.63157894736844,
                475.65789473684214,
                467.7631578947369,
                467.7631578947369,
                463.8157894736842
            ]
        },
        "99": {
            "Time": [
                12422.604289998113,
                6601.613087880804,
                2704.1594836490563,
                1667.5262464544373,
                634.0936908465277,
                429.1119998610556,
                274.63872648920693,
                172.53512528563493,
                118.95155428359125,
                83.54839067154646,
                57.60108796293078,
                41.99034030640179,
                30.046419895249006,
                26.37941385093115,
                19.591117952007533,
                16.883258048941325,
                15.100941936158941,
                13.506779716225628,
                12.773964550437531,
                12.307645150940166,
                11.85834895371403,
                11.85834895371403,
                12.080908533646584,
                12.080908533646584,
                12.538637200967024,
                12.773964550437531,
                13.760277334791095
            ],
            "Temperature": [
                688.8157894736842,
                684.8684210526316,
                676.9736842105264,
                675.0,
                671.0526315789474,
                669.078947368421,
                669.078947368421,
                667.1052631578948,
                661.1842105263158,
                651.3157894736842,
                647.3684210526316,
                643.421052631579,
                637.5,
                631.578947368421,
                615.7894736842105,
                605.921052631579,
                596.0526315789474,
                582.2368421052631,
                560.5263157894738,
                546.7105263157895,
                530.921052631579,
                523.0263157894738,
                509.2105263157895,
                499.3421052631579,
                489.47368421052636,
                473.6842105263158,
                469.7368421052632
            ]
        }
    },
    "Bainite": {
        "1": {
            "Time": [
                1.5624599099570886,
                2.8328313944494523
            ],
            "Temperature": [
                436.1842105263158,
                347.36842105263156
            ]
        },
        "99": {
            "Time": [
                13.506779716225628,
                13.506779716225628,
                14.28163492878923,
                14.822746030235386,
                16.572227565695776,
                18.52819483845975,
                20.33339791270046,
                23.59461637783813,
                28.94956163896721,
                36.86564218118899,
                45.2325294717179,
                57.60108796293078,
                77.5597871117067,
                116.76017870285993
            ],