{
    "Ferrite": {},
    "Pearlite": {
        "1": {
            "Time": [
                19529.794541375017,
                14862.539548188079,
                12256.658704505806,
                10437.696177211903,
                8747.026960215206,
                7330.207676457682,
                6764.451045687671,
                6656.651397424935,
                6446.1784742643395,
                6656.651397424935,
                7213.39201708222,
                7816.696606980803,
                8888.678726750666,
                10606.727107239594,
                13070.104796093681,
                15347.813444464105,
                19529.794541375017,
                27809.043184538034,
                38967.063067490526,
                58225.90923802999,
                81588.30429310886,
                185115.10617540532,
                346365.70453195437,
                469994.7678660419,
                702282.1465584867,
                865384.8787794296,
                1016194.2757441757
            ],
            "Temperature": [
                683.0945558739255,
                681.3753581661891,
                671.0601719197708,
                665.9025787965616,
                660.7449856733524,
                650.4297994269341,
                643.5530085959886,
                638.3954154727794,
                629.7994269340975,
                617.7650429799427,
                605.730659025788,
                597.1346704871061,
                588.538681948424,
                579.9426934097421,
                573.0659025787966,
                566.189111747851,
                562.7507163323783,
                548.9971346704872,
                542.1203438395416,
                536.9627507163324,
                533.5243553008596,
                521.4899713467048,
                518.051575931232,
                512.8939828080229,
                512.8939828080229,
                511.17478510028656,
                511.17478510028656
            ]
        },
        "99": {
            "Time": [
                1032650.8060552292,
                851593.9318253847,
                658574.106246469,
                462504.83700260695,
                406726.36521672143,
                420006.3088849599,
                501187.2336272722,
                598059.2144385114,
                680077.081662518,
                761018.735588892,
                838022.76016734,
                1016194.2757441757
            ],
            "Temperature": [
                662.4641833810888,
                662.4641833810888,
                657.3065902578796,
                643.5530085959886,
                636.676217765043,
                626.3610315186247,
                617.7650429799427,
                610.8882521489971,
                604.0114613180516,
                597.1346704871061,
                591.9770773638968,
                585.1002865329513
            ]
        }
    },
    "Bainite": {
        "1": {
            "Time": [
                865.3848787794307,
                773.3428828395022,
                637.7510213372622,
                543.1048997862532,
                406.72636521672075,
                335.4141617872615,
                281.08470166017526,
                235.55537752607347,
                231.80151979656893,
                267.8594524594767,
                351.97484625947044,
                525.9327708859664,
                761.0187355888921,
                1314.0280958078895,
                1963.4654146302062,
                3230.7423569842135,
                5315.956216716818,
                11493.839180511872,
                20167.458075243914,
                45757.797949505075,
                79008.60950738979,
                173594.06927773127,
                294962.9321718363,
                543104.8997862525,
                865384.8787794296,
                1016194.2757441757
            ],
            "Temperature": [
                273.92550143266476,
                297.99426934097426,
                318.6246418338109,
                332.37822349570206,
                351.28939828080235,
                358.1661891117479,
                366.7621776504298,
                385.6733524355301,
                399.4269340974212,
                413.18051575931236,
                423.49570200573066,
                428.6532951289399,
                433.810888252149,
                440.68767908309457,
                452.7220630372493,
                459.59885386819485,
                464.756446991404,
                464.756446991404,
                463.0372492836676,
                463.0372492836676,
                464.756446991404,
                466.47564469914045,
                466.47564469914045,
                466.47564469914045,
                464.756446991404,
                464.756446991404
            ]
        },
        "99": {
            "Time": [
                15103.227611890117,
                15103.227611890117,
                15103.227611890117,
                16105.593898448948,
                17452.61326173421,
                20167.458075243914,
                27365.872696117167,
                40239.36908624895,
                53731.94457999909,
                87003.13135540728,
                136421.7828659461,
                203846.06182624373,
                304593.7096636605,
                680077.081662518,
                952949.2387078125
            ],
            "Temperature": [
                272.2063037249284,
                282.5214899713467,
                301.432664756447,
                323.7822349570201,
                335.8166189111748,
                344.41260744985675,
                349.5702005730659,
                356.4469914040115,
                361.60458452722065,
                363.32378223495704,
                368.4813753581662,
                368.4813753581662,
                368.4813753581662,
                368.4813753581662,
                371.919770773639
            ]
        }
    },
	"C": 0.40,
    "Mn": 0.35,
    "Si": 0.20,
    "P": 0.010,
    "S": 0.015,
    "Cr": 1.27,
	"Cu": 0.16,
	"Mo": 0.24,
    "Ni": 4.03,
    "V": 0.04,
    "Ms:": 280,
    "Mf:": 80,
    "Ac1:": 680,
    "Ac3:": 750,
    "Austenitization Temp:": 860.0,
    "Austenitization Time:": 900.0,
    "Status": 1
}