{
    "Ferrite": {},
    "Pearlite": {
        "1": {
            "Time": [
                95194.01088235358,
                52713.89821830867,
                36433.2006998896,
                23387.50843916662,
                13604.727255714577,
                9402.904648067797,
                5889.161658423264,
                3971.2797501008445,
                3181.8067350558513,
                2310.1297000831596,
                2145.6100865542962,
                2145.6100865542962,
                2310.1297000831596,
                2955.2092352028867,
                3688.4586558228602,
                5206.879655352247,
                6660.846290809156,
                8733.261623828428,
                10900.167083351742,
                14291.578986547902,
                18282.35280692573,
                24568.256156440617,
                33015.401077908675,
                42234.606206677854,
                52713.89821830867,
                90618.99707869663
            ],
            "Temperature": [
                670.7509881422925,
                669.1699604743083,
                666.00790513834,
                659.6837944664031,
                651.7786561264822,
                647.0355731225296,
                635.9683794466403,
                628.0632411067194,
                620.1581027667985,
                605.9288537549407,
                593.2806324110672,
                582.2134387351779,
                567.9841897233202,
                556.9169960474308,
                545.8498023715415,
                537.9446640316205,
                531.6205533596838,
                528.4584980237155,
                522.1343873517787,
                515.8102766798419,
                514.2292490118577,
                507.90513833992094,
                503.1620553359684,
                498.4189723320158,
                495.25691699604744,
                490.5138339920949
            ]
        },
        "10": {
            "Time": [
                95194.01088235358,
                70838.17756439642,
                54028.17785626435,
                41207.21484985317,
                27111.595745321138,
                21193.52558926836,
                12950.885544319479,
                10900.167083351742,
                9402.904648067797,
                8520.817888345198,
                7913.99409577203,
                6498.815754172283,
                6035.992105684832,
                5206.879655352247,
                4836.0633204256765,
                4956.637585747078,
                5745.902981943628,
                6498.815754172283,
                7913.99409577203,
                9402.904648067797,
                11735.962593072225,
                13604.727255714577,
                16567.28475602507,
                22263.50732869167,
                31428.684494957102,
                46606.79059380872,
                56755.858226244425,
                74414.53186791597,
                90618.99707869663
            ],
            "Temperature": [
                654.9407114624506,
                653.3596837944664,
                650.197628458498,
                647.0355731225296,
                642.292490118577,
                637.5494071146245,
                635.9683794466403,
                631.2252964426877,
                624.901185770751,
                620.1581027667985,
                618.5770750988142,
                612.2529644268775,
                607.5098814229249,
                601.1857707509881,
                591.699604743083,
                586.9565217391305,
                577.4703557312253,
                572.7272727272727,
                566.403162055336,
                560.0790513833992,
                552.1739130434783,
                549.0118577075099,
                544.2687747035573,
                536.3636363636364,
                528.4584980237155,
                523.7154150197629,
                522.1343873517787,
                515.8102766798419,
                511.0671936758893
            ]
        },
        "50": {
            "Time": [
                95194.01088235358,
                61107.74486184278,
                48959.79291324129,
                26452.08399322472,
                22263.50732869167,
                15771.062853561023,
                10900.167083351742,
                9402.904648067797,
                9174.171298046787,
                10123.894099246774,
                12635.844655661786,
                16980.345556819615,
                20174.967055802546,
                26452.08399322472,
                38272.576564628485,
                50180.47400644963,
                67433.70245951255,
                82118.02631548846,
                95194.01088235358
            ],
            "Temperature": [
                635.9683794466403,
                632.806324110672,
                629.6442687747035,
                616.99604743083,
                613.8339920948617,
                612.2529644268775,
                607.5098814229249,
                599.604743083004,
                594.8616600790514,
                583.794466403162,
                574.308300395257,
                563.2411067193676,
                558.498023715415,
                553.7549407114625,
                550.592885375494,
                545.8498023715415,
                539.5256916996047,
                534.7826086956522,
                533.201581027668
            ]
        },
        "90": {
            "Time": [
                99999.99999999999,
                82118.02631548846,
                56755.858226244425,
                48959.79291324129,
                36433.2006998896,
                32212.27442997559,
                27111.595745321138,
                25180.79971511969,
                26452.08399322472,
                32212.27442997559,
                35546.93327934461,
                42234.606206677854,
                47768.80588651632,
                54028.17785626435,
                69114.98092781065,
                80120.43812766024,
                99999.99999999999
            ],
            "Temperature": [
                618.5770750988142,
                616.99604743083,
                615.4150197628459,
                612.2529644268775,
                605.9288537549407,
                601.1857707509881,
                594.8616600790514,
                590.1185770750988,
                582.2134387351779,
                571.1462450592885,
                564.8221343873518,
                558.498023715415,
                556.9169960474308,
                556.9169960474308,
                555.3359683794466,
                552.1739130434783,
                550.592885375494
            ]
        },
        "99": {
            "Time": [
                90618.99707869663,
                78171.44290714014,
                69114.98092781065,
                67433.70245951255,
                56755.858226244425,
                55375.22553121081,
                55375.22553121081,
                61107.74486184278,
                69114.98092781065,
                76269.8585902344,
                80120.43812766024,
                92878.33866977501
            ],
            "Temperature": [
                599.604743083004,
                599.604743083004,
                594.8616600790514,
                593.2806324110672,
                586.9565217391305,
                582.2134387351779,
                577.4703557312253,
                574.308300395257,
                569.5652173913044,
                566.403162055336,
                566.403162055336,
                563.2411067193676
            ]
        }
    },