{
    "Ferrite": {},
    "Pearlite": {
        "1": {
            "Time": [
                104940.32584652163,
                50910.37344206247,
                32199.81697389363,
                24110.096735768726,
                15621.303761763793,
                12574.086388694726,
                9415.036099153462,
                6100.147189150564,
                3589.003005248788,
                2959.403536686248,
                1659.1868153504329,
                1368.1246079176494,
                1075.01274358849,
                785.7564562227336,
                588.3469519607684,
                419.7944080796709,
                337.9059285438763,
                285.42853089315753,
                259.1866124010268,
                241.10096735768747,
                224.2773109394687,
                241.10096735768747,
                321.9981697389367,
                451.28433837283353,
                696.5173470436298,
                844.6982037963708,
                1049.4032584652168,
                1368.1246079176494,
                1783.646970495721,
                2061.275900204242,
                2623.3012581444746,
                3031.6243919534327,
                3420.041796418476,
                4048.8328032989816,
                4458.765783356001
            ],
            "Temperature": [
                678.8235294117646,
                675.686274509804,
                672.5490196078431,
                670.9803921568628,
                670.9803921568628,
                669.4117647058823,
                666.2745098039215,
                661.5686274509803,
                656.8627450980392,
                655.2941176470588,
                649.0196078431372,
                647.4509803921569,
                642.7450980392157,
                634.9019607843137,
                630.1960784313726,
                620.7843137254902,
                612.9411764705883,
                603.5294117647059,
                598.8235294117646,
                592.5490196078431,
                584.7058823529412,
                576.8627450980392,
                569.0196078431372,
                559.6078431372549,
                547.0588235294117,
                540.7843137254902,
                534.5098039215686,
                523.5294117647059,
                515.686274509804,
                510.98039215686276,
                504.70588235294116,
                501.5686274509804,
                498.4313725490196,
                495.29411764705884,
                490.5882352941177
            ]
        },
        "10": {
            "Time": [
                102440.3855159289,
                56064.9061468746,
                47357.925518277065,
                30683.930809388556,
                20365.755406060613,
                11982.13011753431,
                8345.761481396581,
                3952.3795062928607,
                2820.082282777034,
                2111.5789787161634,
                1368.1246079176494,
                930.2215308275389,
                632.4804710092722,
                632.4804710092722,
                663.7270671927457,
                748.76502420235,
                886.4290474836287,
                1272.6589671399834,
                1506.6433921845762,
                1827.174832819007,
                2325.370435519613,
                2888.9031623432043,
                3676.58851475514,
                5278.531152684754,
                7397.925400479933,
                8971.799947451293,
                11696.68588924935,
                13195.287228519397,
                16793.10061536292
            ],
            "Temperature": [
                667.843137254902,
                663.1372549019608,
                661.5686274509803,
                658.4313725490197,
                652.156862745098,
                649.0196078431372,
                647.4509803921569,
                639.6078431372549,
                633.3333333333333,
                628.6274509803922,
                622.3529411764706,
                614.5098039215686,
                600.3921568627451,
                595.686274509804,
                581.5686274509803,
                573.7254901960785,
                569.0196078431372,
                556.4705882352941,
                553.3333333333333,
                545.4901960784314,
                537.6470588235294,
                529.8039215686274,
                520.3921568627451,
                509.4117647058824,
                501.5686274509804,
                496.8627450980392,
                489.01960784313724,
                485.88235294117646,
                479.6078431372549
            ]
        },
        "99": {
            "Time": [
                102440.3855159289,
                67992.45664058176,
                50910.37344206247,
                39050.17969167115,
                22975.05419511505,
                12880.942571684856,
                8345.761481396581,
                5030.031220223913,
                4048.8328032989816,
                3420.041796418476,
                3259.03485512365,
                3259.03485512365,
                4147.639932594876,
                6249.014297604961,
                8971.799947451293,
                11418.041654509925,
                14885.892182772901,
                25918.66124010265,
                37211.79572930165,
                48513.64147326963,
                66372.70671927455,
                84469.82037963711,
                107501.27435884885
            ],
            "Temperature": [
                625.4901960784314,
                625.4901960784314,
                625.4901960784314,
                625.4901960784314,
                622.3529411764706,
                620.7843137254902,
                616.078431372549,
                612.9411764705883,
                608.2352941176471,
                603.5294117647059,
                595.686274509804,
                589.4117647058824,
                580.0,
                572.1568627450981,
                562.7450980392157,
                554.9019607843138,
                550.1960784313726,
                542.3529411764706,
                537.6470588235294,
                532.9411764705883,
                529.8039215686274,
                526.6666666666667,
                521.9607843137255
            ]
        }
    },
    "Bainite": {
        "1": {
            "Time": [
                8549.430235782578,
                5954.82646656188,
                4048.8328032989816,
                2888.9031623432043,
                1917.4432233459052,
                1401.5121226891335,
                1049.4032584652168,
                824.5753855202195,
                647.9154328148625,
                485.13641473269655,
                381.19907002496666,
                314.3273701257861,
                246.9847604438494,
                213.71890084225657,
                184.93355013135064,
                141.85101925968823,
                128.8094257168486,
                119.82130117534322,
                94.15036099153463,
                81.46944624782628,
                75.78463300432495,
                75.78463300432495,
                87.58069292951085,
                106.21308186910855,
                145.31273098789953,
                194.06987010738013,
                314.3273701257861,
                400.0315462081108,
                485.13641473269655,
                602.7048857598293,
                844.6982037963708,
                1101.2471988774155,
                1435.714421535231,
                1783.646970495721,
                3259.03485512365
            ],