{
    "Ferrite": {},
    "Pearlite": {
        "10": {
            "Time": [
                97630.00989628071,
                76809.80572767749,
                69783.0584859866,
                57599.228535136266,
                49878.87696449103,
                41170.23380295946,
                32390.42650439029,
                28729.848333536644,
                28729.848333536644,
                28729.848333536644,
                29427.271762092805,
                37403.88100367785,
                41170.23380295946,
                48696.752516586304,
                54901.38914342137,
                68129.20690579609,
                76809.80572767749,
                95316.18832347871,
                95316.18832347871,
                80584.21877614818,
                74989.42093324554,
                61896.58188912602,
                53600.23165391792,
                51089.69774506926,
                51089.69774506926,
                63399.13511724843,
                73212.17907829129,
                86596.4323360065,
                95316.18832347871,
                102427.52213815914
            ],
            "Temperature": [
                582.7852998065764,
                578.1431334622824,
                576.5957446808511,
                570.4061895551258,
                564.2166344294004,
                558.027079303675,
                550.2901353965184,
                544.100580270793,
                536.3636363636364,
                528.6266924564798,
                527.0793036750483,
                510.0580270793037,
                505.4158607350097,
                496.1315280464217,
                491.48936170212767,
                486.8471953578337,
                483.752417794971,
                479.110251450677,
                556.4796905222438,
                551.8375241779497,
                550.2901353965184,
                544.100580270793,
                537.9110251450677,
                531.7214700193424,
                527.0793036750483,
                517.7949709864604,
                511.60541586073504,
                505.4158607350097,
                503.86847195357836,
                502.32108317214704
            ]
        }
    },
    "Bainite": {
        "1": {
            "Time": [
                93057.20409296983,
                63399.13511724843,
                52329.91146814946,
                38311.86849557286,
                33176.711278428564,
                27384.19634264361,
                21544.346900318833,
                18656.635785769122,
                14677.99267622069,
                11828.145730152688,
                9763.000989628074,
                8254.041852680182,
                7321.2179078291265,
                6651.455144438633,
                6189.6581889126055,
                5899.746255923562,
                5899.746255923562,
                6493.816315762112,
                7680.980572767749,
                10242.75221381592,
                13990.503141372932,
                19573.4178148766,
                28048.95377121827,
                39241.89758484535,
                44241.85553847916,
                57599.228535136266,
                73212.17907829129,
                84544.10545946918,
                102427.52213815914
            ],
            "Temperature": [
                206.76982591876208,
                219.14893617021278,
                228.43326885880083,
                240.81237911025153,
                247.00193423597682,
                259.3810444874275,
                268.66537717601557,
                274.85493230174086,
                287.23404255319156,
                294.9709864603482,
                307.35009671179887,
                316.6344294003869,
                325.91876208897486,
                336.75048355899423,
                346.0348162475823,
                359.9613152804643,
                369.24564796905224,
                381.62475822050294,
                389.3617021276596,
                400.19342359767893,
                409.477756286267,
                414.11992263056095,
                417.21470019342365,
                418.762088974855,
                418.762088974855,
                418.762088974855,
                418.762088974855,
                417.21470019342365,
                415.6673114119923
            ]
        },
        "10": {
            "Time": [
                97630.00989628071,
                69783.0584859866,
                51089.69774506926,
                38311.86849557286,
                32390.42650439029,
                28048.95377121827,
                27384.19634264361,
                28048.95377121827,
                29427.271762092805,
                33982.08328942559,
                38311.86849557286,
                46415.888336127784,
                46415.888336127784,
                56234.13251903488,
                76809.80572767749,
                102427.52213815914
            ],
            "Temperature": [
                237.71760154738888,
                247.00193423597682,
                257.8336557059962,
                281.04448742746615,
                298.0657640232108,
                316.6344294003869,
                330.56092843326894,
                346.0348162475823,
                352.2243713733076,
                363.05609284332695,
                369.24564796905224,
                373.8878143133462,
                373.8878143133462,
                375.43520309477765,
                375.43520309477765,
                372.3404255319149
            ]
        },
        "50": {
            "Time": [
                102427.52213815914,
                93057.20409296983,
                80584.21877614818,
                71477.05767941855,
                69783.0584859866,
                64938.16315762113,
                68129.20690579609,
                73212.17907829129,
                78674.38076599396,
                88698.57990181915,
                95316.18832347871
            ],
            "Temperature": [
                257.8336557059962,
                267.11798839458413,
                284.1392649903289,
                291.8762088974855,
                299.61315280464225,
                308.8974854932302,
                316.6344294003869,
                319.72920696324957,
                322.8239845261122,
                324.37137330754354,
                324.37137330754354
            ]
        }
    },
    "C": 0.93,
    "Mn": 0.5,
    "Si": 0.3,
    "Ni": 4.25,
    "Cr": 1.18,
    "Mo": 0.16,
    "Ms:": 110,
    "Mf:": "",
    "Ac1:": 660,
    "Ac3:": "",
    "Austenitization Temp:": 865.0,
    "Austenitization Time:": 1800.0,
    "Grain Size:": 18.9,
    "Status": 1
}