{
    "Ferrite": {
        "1": {
            "Time": [
                90941.66194309789,
                65227.838867434264,
                47908.47768206474,
                31249.66462629793,
                19905.31580279524,
                15330.87738860008,
                12679.227183627849,
                9094.166194309788,
                7521.226365626239,
                5931.928071561079,
                5023.783646072933,
                4254.670963315976,
                3778.501401404567,
                3436.231970980561,
                3051.6595595401805,
                3051.6595595401805,
                3436.231970980561,
                3962.215972090106,
                4568.712340164288,
                6369.769416995302,
                8270.385876972707,
                10486.210143040433,
                12679.227183627849,
                13615.093199225837,
                17677.574671401584
            ],
            "Temperature": [
                677.8640776699029,
                676.3106796116505,
                671.6504854368932,
                670.0970873786408,
                665.4368932038835,
                659.2233009708738,
                653.0097087378641,
                642.1359223300972,
                635.9223300970874,
                628.1553398058252,
                618.8349514563107,
                611.0679611650485,
                607.9611650485438,
                600.1941747572815,
                589.3203883495146,
                575.3398058252427,
                566.0194174757282,
                558.252427184466,
                548.9320388349515,
                534.9514563106795,
                520.9708737864078,
                508.54368932038835,
                499.22330097087377,
                491.45631067961165,
                482.1359223300971
            ]
        }
    },
    "Pearlite": {
        "1": {
            "Time": [
                93126.26067332969,
                50237.836460729326,
                45687.123401642886,
                37785.01401404564,
                29101.644139427513,
                22413.79853142462,
                18537.076282360606,
                14620.036390149031,
                12381.792030477696,
                10240.21979404759,
                9094.166194309788,
                9094.166194309788,
                9094.166194309788,
                9999.999999999996,
                10996.0603164004,
                12679.227183627849,
                14277.072840416287,
                20383.480889055227,
                24646.3480571192,
                29101.644139427513,
                33556.23258182367,
                37785.01401404564,
                41548.62931544805,
                46784.61853905987
            ],
            "Temperature": [
                656.1165048543689,
                656.1165048543689,
                654.5631067961165,
                649.9029126213593,
                646.7961165048544,
                639.0291262135922,
                632.8155339805826,
                626.6019417475728,
                620.3883495145631,
                609.5145631067961,
                603.3009708737864,
                593.9805825242718,
                587.7669902912621,
                581.5533980582525,
                575.3398058252427,
                564.4660194174758,
                556.6990291262136,
                539.6116504854369,
                528.7378640776699,
                520.9708737864078,
                514.7572815533981,
                510.09708737864077,
                503.88349514563106,
                497.66990291262135
            ]
        },
        "90": {
            "Time": [
                90941.66194309789,
                78869.16020333298,
                66794.74066932488,
                59319.28071561075,
                62203.444311789994,
                65227.838867434264,
                75212.26365626241,
                80763.75354540814,
                90941.66194309789,
                95363.33778926669
            ],
            "Temperature": [
                598.6407766990292,
                595.5339805825242,
                590.873786407767,
                586.2135922330096,
                580.0,
                578.4466019417475,
                573.7864077669904,
                570.6796116504854,
                564.4660194174758,
                559.8058252427185
            ]
        }
    },
    "Bainite": {
        "1": {
            "Time": [
                95363.33778926669,
                68399.28255402965,
                47908.47768206474,
                34362.319709805626,
                20873.132447169457,
                14277.072840416287,
                8076.375354540812,
                5394.593973546806,
                3869.268484249966,
                2584.4678498546828,
                1329.5704069887229,
                867.2500426996957,
                593.192807156108,
                377.8501401404568,
                298.00723235589516,
                258.44678498546824,
                252.3840212254988,
                252.3840212254988,
                271.0127298150806,
                305.16595595401805,
                360.3305054793617,
                490.5933414625672,
                607.4424725526638,
                734.4789972182189,
                909.4166194309794,
                1329.5704069887229,
                1810.2225006084116,
                2841.896436279974,
                3518.777064617435,
                5023.783646072933,
                6679.4740669324865,
                9536.333778926675,
                13615.093199225837
            ],
            "Temperature": [
                162.13592233009706,
                174.56310679611647,
                188.54368932038835,
                202.52427184466023,
                222.71844660194176,
                242.9126213592233,
                264.6601941747573,
                280.19417475728153,
                295.7281553398059,
                312.8155339805826,
                333.0097087378641,
                350.0970873786408,
                362.52427184466023,
                385.8252427184466,
                398.252427184466,
                410.67961165048547,
                420.0,
                427.7669902912621,
                443.3009708737864,
                451.06796116504853,
                458.8349514563107,
                466.6019417475728,
                468.15533980582524,
                469.7087378640777,
                472.81553398058253,
                474.36893203883494,
                475.9223300970874,
                479.02912621359224,
                479.02912621359224,
                479.02912621359224,
                479.02912621359224,
                479.02912621359224,
                479.02912621359224
            ]
        },
        "10": {
            "Time": [
                86725.00426996952,
                11530.699922332213,
                7521.226365626239,
                6522.783886743431,
                5144.464873352868,
                3603.305054793617,
                3124.9664626297927,
                2523.8402122549874,
                2137.4546404928196,
                1810.2225006084116,
                1607.628019740475,
                1569.9155409485952,
                1767.7574671401599,
                2137.4546404928196,
                2523.8402122549874,
                3276.9055017089718,
                4678.46185390599,
                6522.783886743431,
                10240.21979404759,
                13615.093199225837,
                23503.580150428974,
                38692.684842499635,
                57927.74169758708,
                97654.15392560959
            ],