{
    "Ferrite": {
        "1": {
            "Time": [
                102527.43876254924,
                56321.927184562985,
                38732.53132261009,
                26636.32190249623,
                13919.75003009369,
                5667.447866887246,
                3355.407395874972,
                2250.626991644668,
                1176.1445611505255,
                808.8334034700113,
                584.7061601795496,
                402.1018242054178,
                329.31777777998025,
                276.52501040809085,
                185.4781190070613,
                121.34191373587228,
                94.53872831307937,
                68.34210429867319,
                58.83661738715652,
                48.186660501522425,
                36.61724255586074,
                31.524266221251107,
                31.524266221251107,
                35.71457845608071,
                41.48453045435307,
                53.24603372170441,
                66.65737984243579,
                85.55577358640119,
                101.88965255670915,
                130.77693821066254,
                172.09662670181476,
                263.0596273402639,
                298.0264039560044,
                354.9241094890795,
                382.5214792405722
            ],
            "Temperature": [
                728.9108910891089,
                725.7425742574258,
                725.7425742574258,
                725.7425742574258,
                720.990099009901,
                716.2376237623762,
                716.2376237623762,
                713.0693069306931,
                703.5643564356435,
                698.8118811881188,
                694.059405940594,
                690.8910891089108,
                689.3069306930693,
                686.1386138613861,
                681.3861386138614,
                675.049504950495,
                668.7128712871287,
                659.2079207920792,
                652.8712871287129,
                648.1188118811881,
                637.029702970297,
                629.1089108910892,
                613.2673267326733,
                606.9306930693069,
                597.4257425742574,
                581.5841584158416,
                573.6633663366337,
                559.4059405940594,
                551.4851485148515,
                541.980198019802,
                534.059405940594,
                521.3861386138614,
                518.2178217821781,
                516.6336633663366,
                515.049504950495
            ]
        }
    },
    "Pearlite": {
        "1": {
            "Time": [
                97534.86598996902,
                52258.529090644464,
                35052.21340921043,
                18780.741589628957,
                12915.496650148829,
                7646.608138119475,
                4415.566704201384,
                2961.7248922143767,
                2486.932263926114,
                1753.4865500829585,
                1299.6342206084491,
                850.2356198644337,
                646.09756306364,
                298.0264039560044,
                244.08094458286138,
                180.90583481425261,
                148.16025176256622,
                127.55311142955438,
                121.34191373587228,
                118.35067295194685,
                121.34191373587228,
                140.94558954281112,
                155.7442150091501,
                172.09662670181476,
                204.95245108293534,
                238.06402220594455,
                298.0264039560044,
                412.26470157530343,
                478.8690867172643,
                614.6358476368797,
                788.894576156581,
                963.2518180972786,
                1299.6342206084491,
                1668.1005372000582,
                1889.8301102501432,
                2088.2534031486216,
                2549.7879539629243,
                2961.7248922143767,
                3801.4195112749608,
                4415.566704201384,
                5128.933878890077
            ],
            "Temperature": [
                709.90099009901,
                706.7326732673267,
                705.1485148514852,
                701.980198019802,
                700.3960396039604,
                698.8118811881188,
                697.2277227722773,
                694.059405940594,
                694.059405940594,
                692.4752475247525,
                689.3069306930693,
                686.1386138613861,
                681.3861386138614,
                671.8811881188119,
                667.1287128712871,
                659.2079207920792,
                652.8712871287129,
                644.950495049505,
                635.4455445544554,
                622.7722772277227,
                614.8514851485148,
                600.5940594059406,
                591.0891089108911,
                581.5841584158416,
                573.6633663366337,
                567.3267326732673,
                559.4059405940594,
                548.3168316831683,
                546.7326732673267,
                541.980198019802,
                537.2277227722773,
                535.6435643564356,
                530.8910891089108,
                524.5544554455446,
                519.8019801980198,
                518.2178217821781,
                515.049504950495,
                511.88118811881185,
                505.5445544554455,
                500.7920792079208,
                492.8712871287129
            ]
        },
        "99": {
            "Time": [
                102527.43876254924,
                62235.46522892718,
                47292.987356790676,
                28707.447545161493,
                14632.268208039557,
                11119.12111235155,
                7839.871476222548,
                5002.498785489558,
                3440.213263039761,
                2036.7751582919777,
                1509.599657480242,
                1118.8722115874218,
                871.7248044938885,
                646.09756306364,
                599.4842503189409,
                556.2338986024994,
                630.1703922985774,
                788.894576156581,
                963.2518180972786,
                1236.3485431114195,
                1668.1005372000582,
                2088.2534031486216,
                3616.3094199841717,
                4879.180486577074,
                6420.784232282717,
                9336.620397627225,
                15002.089826569723,
                18780.741589628957,
                22366.266531295656,
                41744.20609967742,
                53579.33141161945,
                74117.14795000645,
                102527.43876254924
            ],