{
    "Ferrite": {},
    "Pearlite": {
        "1": {
            "Time": [
                95158.65081443278,
                35270.6767829628,
                22012.654329122055,
                10456.745827227403,
                6210.169418915607,
                3339.6956934694376,
                1841.1374286129042,
                1149.0656115802497,
                753.6247840270403,
                385.6620421163467,
                223.42817134363835,
                153.99265260594925,
                100.99743512670977,
                51.68470823284739,
                24.551962206133805,
                17.34699039148418,
                10.049748013095142,
                7.461821016361002,
                6.591215592536301,
                6.272111830128072,
                7.100568205356933,
                9.100216490550778,
                11.098355212931546,
                16.507162013445658,
                21.155877054123774,
                31.46623831809344,
                33.06713372750015
            ],
            "Temperature": [
                714.8893360160965,
                722.9376257545272,
                722.9376257545272,
                711.6700201207243,
                710.0603621730382,
                708.4507042253521,
                700.4024144869215,
                697.1830985915493,
                695.5734406438631,
                690.7444668008048,
                689.1348088531187,
                684.3058350100604,
                679.476861167002,
                671.4285714285714,
                660.1609657947686,
                655.3319919517103,
                639.235412474849,
                629.5774647887324,
                616.7002012072435,
                605.4325955734406,
                590.9456740442656,
                565.1911468812878,
                555.5331991951709,
                539.4366197183099,
                529.7786720321931,
                521.7303822937625,
                518.5110663983903
            ]
        },
        "99": {
            "Time": [
                97549.29564811465,
                57933.66910509545,
                34406.29677210337,
                22565.67224075851,
                12752.738320282038,
                6057.9765267068,
                3780.8217868035586,
                2245.3968210302114,
                1436.572624494802,
                990.1241538910518,
                735.155668648003,
                506.6888871380885,
                332.316361476696,
                217.95260742518192,
                183.20234758263032,
                142.94613383568452,
                108.80226365154601,
                96.1077966237592,
                76.87335970497583,
                91.4548825946484,
                123.17348843240484,
                150.21874796695153,
                174.33288221999862,
                300.9180756422446,
                405.2832178846457,
                532.4674980167312
            ],
            "Temperature": [
                682.6961770623742,
                682.6961770623742,
                681.0865191146881,
                682.6961770623742,
                684.3058350100604,
                681.0865191146881,
                677.8672032193159,
                671.4285714285714,
                668.2092555331992,
                666.599597585513,
                663.3802816901408,
                658.5513078470825,
                653.7223340040241,
                640.8450704225352,
                636.0160965794769,
                627.9678068410462,
                619.9195171026156,
                618.3098591549295,
                611.8712273641851,
                592.5553319919517,
                581.2877263581488,
                574.8490945674043,
                571.6297786720322,
                555.5331991951709,
                549.0945674044265,
                542.655935613682
            ]
        }
    },
    "Bainite": {
        "1": {
            "Time": [
                27520.427278468982,
                7388.129220310902,
                3339.6956934694376,
                1509.660563910512,
                942.1887862305439,
                665.695869213343,
                436.6024886722153,
                324.1722699439598,
                192.52306124000194,
                139.44294671292153,
                91.4548825946484,
                64.61670787466966,
                50.41806883892575,
                23.950266199874854,
                18.229546387024993,
                14.947513885045844,
                14.581194511766363,
                14.581194511766363,
                14.581194511766363,
                17.34699039148418,
                19.15700383622934,
                23.363315983826404
            ],
            "Temperature": [
                174.04426559356136,
                214.28571428571422,
                241.64989939637826,
                262.5754527162977,
                278.6720321931589,
                288.3299798792756,
                302.8169014084507,
                314.08450704225345,
                333.40040241448685,
                346.2776659959758,
                360.7645875251509,
                373.6418511066398,
                383.2997987927565,
                407.44466800804827,
                420.3219315895372,
                441.2474849094567,
                447.6861167002012,
                462.17303822937623,
                468.6116700201207,
                497.5855130784708,
                500.80482897384303,
                504.02414486921526
            ]
        },
        "10": {
            "Time": [
                92826.59361772826,
                4967.303427400821,
                150.21874796695153,
                108.80226365154601,
                73.15165193098095,
                61.4883874142391,
                51.68470823284739,
                47.977154073813786,
                45.65441251580291,
                47.977154073813786,
                59.98148882797422,
                73.15165193098095
            ],
            "Temperature": [
                164.38631790744466,
                254.5271629778672,
                373.6418511066398,
                392.9577464788732,
                409.0543259557344,
                423.54124748490943,
                433.19919517102613,
                439.6378269617706,
                458.953722334004,
                481.48893360160963,
                502.41448692152915,
                507.2434607645875
            ]
        },
        "50": {
            "Time": [
                95158.65081443278,
                357.9969365731734,
                165.89281864646517,
                139.44294671292153,
                123.17348843240484,
                123.17348843240484,
                111.53567324978289,
                106.13584184128779,
                117.21022975334797,
                132.69202674790466,
                170.06049868866623,
                265.8085617304793
            ],
            "Temperature": [
                178.87323943661966,
                362.37424547283695,
                397.78672032193157,
                409.0543259557344,
                417.10261569416497,
                417.10261569416497,
                436.41851106639837,
                447.6861167002012,
                463.78269617706235,
                471.83098591549293,
                484.70824949698186,
                492.75653923541245
            ]
        },