{
    "Ferrite": {},
    "Pearlite": {
        "1": {
            "Time": [
                97611.57320183197,
                47265.11102858425,
                22339.907205443975,
                12811.841244764873,
                5769.721566965302,
                3389.8753351251107,
                2661.93134612613,
                1258.1648062512031,
                757.2950042471823,
                526.9686471168731,
                384.85916854796585,
                255.16678809244286,
                165.13828461826535,
                104.32123106717772,
                74.36885175914823,
                53.01630411562775,
                43.69381318560052,
                36.89173954438243,
                36.89173954438243,
                37.79443188370828,
                41.63154919558029,
                48.12987105550173,
                54.313543339789874,
                67.51438647829904,
                79.96264276381697,
                99.39746949684807,
                114.91254787689586,
                142.84190814122644,
                169.17900122028357,
                231.64844878192227,
                281.07285020807274
            ],
            "Temperature": [
                708.2514734774068,
                708.2514734774068,
                708.2514734774068,
                708.2514734774068,
                706.679764243615,
                703.5363457760315,
                703.5363457760315,
                700.392927308448,
                695.6777996070728,
                692.5343811394891,
                689.3909626719058,
                684.6758349705304,
                679.9607072691553,
                673.6738703339882,
                670.5304518664047,
                654.8133595284872,
                643.8113948919449,
                626.5225933202357,
                615.5206286836935,
                604.5186640471513,
                595.0884086444008,
                580.9430255402751,
                571.5127701375245,
                558.9390962671905,
                551.0805500982319,
                541.6502946954813,
                533.7917485265226,
                527.5049115913556,
                521.2180746561886,
                513.3595284872299,
                510.2161100196464
            ]
        },
        "99": {
            "Time": [
                90783.15031264954,
                43958.67762708588,
                33694.50302212161,
                20280.871538024618,
                12207.146966133188,
                8494.422498263793,
                5112.830759482941,
                2793.7930054949034,
                1722.7429147699418,
                1228.1144608535808,
                918.8711014960232,
                704.3183912161373,
                502.0967399614464,
                357.93632457135266,
                267.80675198280977,
                231.64844878192227,
                195.5863683039509,
                181.90411331788226,
                177.55946672842805,
                215.44346900318828,
                261.410383751149,
                366.6945556048418,
                514.3823867311903,
                739.207567424555,
                1142.2016472398848,
                1681.5964613300357,
                2416.5851351732204,
                3734.035802294443,
                6355.498291362295,
                9585.776450011881,
                13775.507626764565,
                22886.535348888996,
                36228.89750924289,
                54642.78277377283,
                95280.19222936612
            ],
            "Temperature": [
                683.1041257367388,
                681.532416502947,
                679.9607072691553,
                678.3889980353634,
                678.3889980353634,
                678.3889980353634,
                678.3889980353634,
                678.3889980353634,
                675.2455795677799,
                670.5304518664047,
                667.3870333988212,
                662.6719056974459,
                656.3850687622789,
                648.5265225933202,
                640.6679764243615,
                634.3811394891945,
                629.6660117878193,
                621.8074656188605,
                612.37721021611,
                595.0884086444008,
                587.2298624754421,
                576.2278978388998,
                571.5127701375245,
                565.2259332023575,
                560.5108055009823,
                552.6522593320236,
                547.9371316306483,
                544.7937131630649,
                541.6502946954813,
                538.5068762278979,
                536.9351669941061,
                535.3634577603143,
                533.7917485265226,
                533.7917485265226,
                535.3634577603143
            ]
        }
    },
    "Bainite": {
        "1": {
            "Time": [
                92.44411413563815,
                85.9771811252588,
                88.08092965317063,
                104.32123106717772,
                120.60486569996546,
                173.31858884240214,
                226.11569515367438,
                324.9458715591841,
                580.469663480544,
                834.1801332506335,
                1114.920997008091,
                1681.5964613300357,
                3152.7364224883754,
                4990.714539478474,
                7711.504344790341,
                16714.643297106,
                21806.334875063287,
                32104.187250207025,
                43958.67762708588,
                61663.22670940927,
                76650.40178861098
            ],
            "Temperature": [
                463.06483300589395,
                445.7760314341847,
                430.05893909626724,
                417.48526522593323,
                404.9115913555992,
                387.62278978388997,
                378.19253438113947,
                365.6188605108056,
                331.04125736738706,
                316.89587426326136,
                302.75049115913555,
                277.60314341846765,
                258.74263261296664,
                239.88212180746564,
                216.30648330058943,
                188.01571709233792,
                180.15717092337923,
                161.29666011787822,
                147.15127701375252,
                133.00589390962682,
                122.00392927308451
            ]
        },
        "10": {
            "Time": [
                88614.861222361,
                53337.67990673935,
                33694.50302212161,
                29145.19256800987,
                23446.53876397052,
                19323.653387220627,
                16714.643297106,
                13775.507626764565,
                11630.993095052929,
                7900.194712408969,
                5910.899064227985,
                3734.035802294443,
                2793.7930054949034,
                1944.0790077491265,
                1563.9602898161165,
                1142.2016472398848,
                834.1801332506335,
                444.9323293188348,
                267.80675198280977,
                190.91493106981585,
                181.90411331788226,
                215.44346900318828,
                255.16678809244286,
                317.184777283324,
                375.66708903115966
            ],