{
    "Ferrite": {},
    "Pearlite": {
        "1": {
            "Time": [
                86376.53130188948,
                53012.907698131494,
                39552.42765781444,
                28798.108100118454,
                19968.86389454517,
                13846.587555424501,
                11671.799247813951,
                8708.218723153814,
                6657.659116476753,
                4616.479953856945,
                3280.2055574234696,
                2274.523662964183,
                1738.9323444658855,
                1235.585467133858,
                877.9360804064589,
                579.7635177047858,
                402.01317169241327,
                285.6474745094829,
                213.11887164363026,
                171.0864235287906,
                151.43003200375603,
                147.77851817262916,
                155.17177243495834,
                162.9349059548641,
                202.96469230136293,
                246.7323802327404,
                299.9382146965905,
                392.31921180014035,
                513.1535643205021,
                608.7686745531361,
                899.6293263537801,
                1176.7152397850764,
                1577.174906516421,
                2113.9189853608177,
                2569.7684506762453,
                3201.1081960653614,
                4086.085223703411,
                5344.599840114153
            ],
            "Temperature": [
                699.5991983967936,
                699.5991983967936,
                699.5991983967936,
                697.995991983968,
                693.186372745491,
                686.7735470941884,
                686.7735470941884,
                683.5671342685371,
                683.5671342685371,
                680.3607214428857,
                675.5511022044088,
                673.9478957915832,
                670.7414829659318,
                669.1382765531062,
                664.3286573146293,
                657.9158316633267,
                651.503006012024,
                645.0901803607214,
                638.6773547094188,
                632.2645290581163,
                621.0420841683367,
                613.0260521042085,
                603.4068136272545,
                596.9939879759519,
                582.5651302605211,
                571.3426853707415,
                560.1202404809619,
                552.1042084168337,
                547.2945891783568,
                540.8817635270541,
                532.8657314629259,
                524.8496993987976,
                516.8336673346694,
                508.8176352705411,
                502.40480961923845,
                497.5951903807615,
                491.1823647294589,
                486.37274549098197
            ]
        },
        "99": {
            "Time": [
                97588.64619995822,
                66037.09890090988,
                53012.907698131494,
                37667.92798511023,
                25489.44762127606,
                16832.49173495773,
                10586.075384780746,
                7521.857271241963,
                4847.439165776632,
                3444.3119107596676,
                2833.327780074204,
                2633.2658057483573,
                2569.7684506762453,
                2633.2658057483573,
                2833.327780074204,
                3361.257364614275,
                4505.160289061452,
                6340.450864823519,
                8093.3292483575615,
                10330.80765371456,
                12868.876588308156,
                18558.85748304475,
                26764.666574617284,
                32536.24960683197,
                48081.58753792421,
                66037.09890090988,
                90697.88778935214
            ],
            "Temperature": [
                672.3446893787575,
                672.3446893787575,
                670.7414829659318,
                670.7414829659318,
                669.1382765531062,
                664.3286573146293,
                659.5190380761524,
                654.7094188376753,
                651.503006012024,
                641.8837675350701,
                635.4709418837675,
                629.058116232465,
                627.4549098196393,
                621.0420841683367,
                613.0260521042085,
                608.2164328657315,
                600.2004008016032,
                588.9779559118236,
                582.5651302605211,
                577.7555110220441,
                574.5490981963928,
                566.5330661322646,
                560.1202404809619,
                555.310621242485,
                550.501002004008,
                547.2945891783568,
                540.8817635270541
            ]
        }
    },
    "Bainite": {
        "1": {
            "Time": [
                13846.587555424501,
                12558.562443673314,
                7898.170445977408,
                6038.356194859661,
                4505.160289061452,
                3123.9181519360945,
                2219.67685018445,
                1616.1459021419375,
                1093.6270860789239,
                815.9447969364567,
                623.81096393711,
                513.1535643205021,
                432.55606206763065,
                411.9466632098693,
                432.55606206763065,
                525.8332647314877,
                639.2249387894226,
                899.6293263537801,
                1297.4009301275273,
                2013.2000188665195,
                2447.3302568409276,
                3705.992991171821
            ],
            "Temperature": [
                188.17635270541075,
                192.98597194388776,
                215.43086172344692,
                229.85971943887773,
                242.68537074148298,
                257.1142284569138,
                273.1462925851703,
                289.17835671342687,
                303.6072144288577,
                321.2424849699398,
                338.877755511022,
                353.3066132264529,
                370.94188376753505,
                404.60921843687373,
                415.8316633266533,
                431.8637274549098,
                441.4829659318637,
                451.1022044088176,
                455.91182364729457,
                465.5310621242485,
                467.13426853707415,
                471.9438877755511
            ]
        },
        "10": {
            "Time": [
                49269.65319244761,
                29509.691159268023,
                18558.85748304475,
                14188.72798691454,
                12255.731070957192,
                9369.824333499846,
                6990.737071572548,
                5611.986372588446,
                4086.085223703411,
                3201.1081960653614,
                2569.7684506762453,
                2166.152588108882,
                1825.9298940867743,
                1781.9002641996153,
                1825.9298940867743,
                2166.152588108882,
                2833.327780074204,
                3797.565736877088,
                4967.216325395343,
                6657.659116476753,
                8708.218723153814,
                11960.202034054792,
                16030.497343115227,
                18558.85748304475,
                24874.806857450814
            ],