{
    "Ferrite": {},
    "Pearlite": {
        "1": {
            "Time": [
                97630.0098962807,
                51089.69774506921,
                32390.426504390285,
                16155.980984398722,
                8869.857990181912,
                6189.6581889126,
                3651.7412725483746,
                1399.050314137293,
                976.3000989628065,
                562.341325190349,
                392.41897584845344,
                294.272717620928,
                186.56635785769117,
                107.46078283213173,
                90.85175756516864,
                88.69857990181916,
                80.58421877614818,
                57.59922853513627,
                45.31583637600818,
                42.16965034285822,
                41.170233802959466,
                43.19332794051544,
                47.54264430111055,
                48.69675251658631
            ],
            "Temperature": [
                671.6504854368932,
                671.6504854368932,
                671.6504854368932,
                671.6504854368932,
                671.6504854368932,
                671.6504854368932,
                670.0970873786408,
                663.8834951456311,
                659.2233009708738,
                653.0097087378641,
                646.7961165048544,
                642.1359223300972,
                634.3689320388349,
                623.495145631068,
                621.9417475728155,
                621.9417475728155,
                620.3883495145631,
                615.7281553398059,
                606.4077669902913,
                600.1941747572815,
                592.4271844660194,
                576.8932038834952,
                562.9126213592233,
                555.1456310679612
            ]
        },
        "10": {
            "Time": [
                1865.6635785769106,
                908.5175756516862,
                697.8305848598663,
                536.002316539179,
                374.0388100367785,
                231.51723835152728,
                177.82794100389225,
                146.77992676220688,
                115.47819846894579,
                97.63000989628073,
                115.47819846894579,
                143.30125702369625,
                177.82794100389225,
                195.73417814876598
            ],
            "Temperature": [
                648.3495145631068,
                643.6893203883495,
                637.4757281553398,
                632.8155339805826,
                628.1553398058252,
                618.8349514563107,
                615.7281553398059,
                611.0679611650485,
                606.4077669902913,
                600.1941747572815,
                584.6601941747573,
                573.7864077669904,
                561.3592233009708,
                550.4854368932039
            ]
        },
        "50": {
            "Time": [
                2428.9393273450773,
                1694.9881513903454,
                1301.9171061900777,
                886.985799018191,
                589.974625592356,
                392.41897584845344,
                294.272717620928,
                273.84196342643605,
                254.82967479793456,
                254.82967479793456,
                273.84196342643605,
                308.73319925702623,
                356.5195365775548,
                442.4185553847916,
                510.89697745069253,
                589.974625592356,
                649.3816315762109,
                825.4041852680181,
                886.985799018191
            ],
            "Temperature": [
                646.7961165048544,
                642.1359223300972,
                637.4757281553398,
                635.9223300970874,
                631.2621359223301,
                625.0485436893205,
                617.2815533980582,
                614.1747572815534,
                603.3009708737864,
                597.0873786407767,
                592.4271844660194,
                583.1067961165049,
                572.2330097087379,
                561.3592233009708,
                555.1456310679612,
                550.4854368932039,
                545.8252427184466,
                536.504854368932,
                531.8446601941748
            ]
        },
        "90": {
            "Time": [
                11006.94171252209,
                6339.91351172484,
                4869.675251658626,
                3480.70058842841,
                2371.3737056616537,
                1736.134364004522,
                1301.9171061900777,
                1049.1397291363096,
                825.4041852680181,
                649.3816315762109,
                562.341325190349,
                498.78876964491025,
                421.69650342858216,
                392.41897584845344,
                392.41897584845344,
                486.967525165863,
                589.974625592356,
                786.7438076599392,
                1127.4137659327844,
                1333.5214321633239,
                1694.9881513903454,
                2260.3030271419198,
                3239.0426504390275,
                3831.186849557286,
                4754.264430111054
            ],
            "Temperature": [
                646.7961165048544,
                645.2427184466019,
                643.6893203883495,
                640.5825242718447,
                637.4757281553398,
                634.3689320388349,
                629.7087378640776,
                628.1553398058252,
                623.495145631068,
                618.8349514563107,
                615.7281553398059,
                612.6213592233009,
                604.8543689320388,
                603.3009708737864,
                595.5339805825242,
                589.3203883495146,
                583.1067961165049,
                573.7864077669904,
                564.4660194174758,
                556.6990291262136,
                547.3786407766991,
                534.9514563106795,
                527.1844660194174,
                522.5242718446602,
                517.8640776699029
            ]
        },
        "99": {
            "Time": [
                97630.0098962807,
                73212.17907829121,
                47542.644301110515,
                28729.848333536625,
                17782.79410038921,
                11547.81984689457,
                9085.175756516865,
                6651.455144438626,
                5232.991146814945,
                3740.3881003677843,
                3087.331992570263,
                2804.895377121827,
                2804.895377121827,
                3014.162529877389,
                3480.70058842841,
                4531.583637600815,
                5360.023165391785,
                7498.94209332455,
                11547.81984689457,
                15399.265260594912,
                17782.79410038921,
                20535.250264571445
            ],
            "Temperature": [
                640.5825242718447,
                640.5825242718447,
                640.5825242718447,
                639.0291262135922,
                635.9223300970874,
                629.7087378640776,
                625.0485436893205,
                618.8349514563107,
                612.6213592233009,
                600.1941747572815,
                590.873786407767,
                580.0,
                572.2330097087379,
                562.9126213592233,
                556.6990291262136,
                547.3786407766991,
                544.2718446601941,
                542.7184466019418,
                539.6116504854369,
                536.504854368932,
                531.8446601941748,
                530.2912621359224
            ]
        }
    },