{
    "Ferrite": {
        "1": {
            "Time": [
                104966.96290308783,
                95268.07029019819,
                76596.78234751834,
                54555.9478116852,
                37018.690558462076,
                25118.864315095783,
                18329.807108324345,
                11288.378916846888,
                6158.482110660264,
                4951.500669473132,
                3200.8340465997658,
                1584.893192461113,
                1404.0042455483156,
                1024.533859387223,
                695.1927961775606,
                572.6572150091957,
                471.7199138213298,
                407.874275896902,
                344.224759568609,
                320.0834046599765,
                283.5512583496651,
                283.5512583496651,
                276.76123707542274,
                270.13381211330045,
                320.0834046599765,
                407.874275896902,
                558.9441576403376,
                747.6256801637684,
                1156.5326417902509,
                1438.4498882876624,
                1924.0241827602397,
                2335.7214690901224,
                3200.8340465997658,
                4832.930238571753,
                6309.57344480193,
                8646.535029500363,
                11288.378916846888,
                18329.807108324345,
                25118.864315095783,
                34422.47595686088,
                39810.71705534969,
                51974.398708720095,
                64643.71632490063,
                69519.27961775605,
                80401.31611167859,
                107542.2076112561
            ],
            "Temperature": [
                671.2031558185404,
                671.2031558185404,
                669.6252465483235,
                669.6252465483235,
                668.0473372781065,
                664.8915187376726,
                663.3136094674556,
                660.1577909270217,
                657.0019723865878,
                657.0019723865878,
                652.2682445759369,
                645.956607495069,
                645.956607495069,
                642.8007889546351,
                633.3333333333333,
                630.1775147928994,
                623.8658777120315,
                619.1321499013807,
                614.3984220907298,
                612.8205128205128,
                606.508875739645,
                606.508875739645,
                603.353057199211,
                592.3076923076924,
                585.9960552268244,
                573.3727810650887,
                565.4832347140039,
                556.0157790927021,
                543.3925049309664,
                537.0808678500987,
                530.7692307692307,
                527.6134122287968,
                519.723865877712,
                510.2564102564102,
                502.36686390532543,
                494.47731755424064,
                488.1656804733728,
                475.5424063116371,
                470.80867850098616,
                466.0749506903353,
                464.4970414201183,
                464.4970414201183,
                464.4970414201183,
                464.4970414201183,
                464.4970414201183,
                461.3412228796844
            ]
        }
    },
    "Pearlite": {
        "1": {
            "Time": [
                90760.05216818143,
                63095.73444801932,
                63095.73444801932,
                46042.39376758777,
                29050.786505108576,
                18779.508018514905,
                14737.406155824792,
                9760.536373079001,
                6309.57344480193,
                4386.3700057795395,
                3526.699214174659,
                2636.6508987303578,
                1704.4291274531945,
                1509.8971606184193,
                1274.2749857031338,
                1049.6696290308782,
                907.6005216818141,
                864.6535029500363,
                823.7387069571016,
                1075.4220761125607,
                1704.4291274531945,
                2573.51270001691,
                3124.185713602667,
                3981.0717055349714,
                5455.594781168518,
                7659.678234751839,
                9526.807029019816,
                11849.068510006664,
                15469.407652461994,
                22251.967709560275,
                32793.62859020879,
                40787.427589690225,
                61584.82110660266,
                74762.56801637687,
                84394.81965654006,
                107542.2076112561
            ],
            "Temperature": [
                653.8461538461538,
                653.8461538461538,
                653.8461538461538,
                653.8461538461538,
                653.8461538461538,
                649.112426035503,
                647.534516765286,
                642.8007889546351,
                641.2228796844181,
                638.0670611439842,
                636.4891518737672,
                631.7554240631164,
                625.4437869822485,
                623.8658777120315,
                619.1321499013807,
                612.8205128205128,
                606.508875739645,
                600.1972386587771,
                592.3076923076924,
                576.5285996055227,
                562.32741617357,
                552.8599605522681,
                548.1262327416173,
                540.2366863905326,
                533.9250493096647,
                526.0355029585799,
                519.723865877712,
                511.8343195266272,
                505.52268244575936,
                499.2110453648915,
                492.89940828402365,
                489.7435897435897,
                485.00986193293886,
                483.43195266272187,
                481.85404339250493,
                475.5424063116371
            ]
        },
        "99": {
            "Time": [
                102453.38593872235,
                92986.74652605268,
                57265.721500919564,
                40787.427589690225,
                29763.514416313166,
                19240.241827602375,
                15469.407652461994,
                11565.3264179025,
                8646.535029500363,
                6785.4545733935765,
                6011.008864405583,
                5072.9800906537275,
                4281.332398719393,
                4078.7427589690196,
                4717.199138213297,
                6464.3716324900615,
                10245.338593872233,
                13375.677515263365,
                21199.020238496087,
                29763.514416313166,
                36132.22756796249,
                51974.398708720095,
                66229.67617148327,
                80401.31611167859,
                90760.05216818143,
                102453.38593872235
            ],
            "Temperature": [
                620.7100591715975,
                620.7100591715975,
                620.7100591715975,
                620.7100591715975,
                620.7100591715975,
                620.7100591715975,
                620.7100591715975,
                619.1321499013807,
                615.9763313609467,
                611.2426035502958,
                609.664694280079,
                604.930966469428,
                603.353057199211,
                598.6193293885601,
                592.3076923076924,
                581.2623274161735,
                571.7948717948718,
                565.4832347140039,
                559.1715976331361,
                557.5936883629191,
                554.4378698224853,
                549.7041420118343,
                543.3925049309664,
                538.6587771203156,
                538.6587771203156,
                537.0808678500987
            ]
        }
    },