{
    "Ferrite": {
        "1": {
            "Time": [
                95268.07029019819,
                57265.721500919564,
                42813.32398719396,
                23930.257311804962,
                15098.971606184188,
                9526.807029019816,
                6464.3716324900615,
                4178.81006029422,
                2905.0786505108613,
                2119.902023849609,
                1473.740615582479,
                1101.8063301098218,
                952.6807029019817,
                843.9481965654002,
                747.6256801637684,
                976.0536373078999,
                1305.5378690230302,
                1546.9407652461991,
                1877.950801851492,
                2573.51270001691,
                3359.8182862837825,
                4078.7427589690196,
                8040.131611167857,
                9760.536373079001,
                13375.677515263365,
                19240.241827602375,
                29763.514416313166,
                37018.690558462076,
                57265.721500919564,
                74762.56801637687,
                97605.36373079005
            ],
            "Temperature": [
                681.1023622047244,
                681.1023622047244,
                681.1023622047244,
                674.8031496062993,
                666.9291338582677,
                657.4803149606299,
                649.6062992125984,
                644.8818897637796,
                640.1574803149606,
                633.8582677165355,
                625.9842519685039,
                616.5354330708661,
                613.3858267716535,
                607.0866141732283,
                596.0629921259842,
                580.3149606299212,
                569.2913385826771,
                566.1417322834645,
                559.8425196850394,
                547.2440944881889,
                537.7952755905512,
                533.0708661417323,
                514.1732283464567,
                507.87401574803147,
                503.14960629921256,
                493.70078740157476,
                487.4015748031496,
                482.67716535433067,
                473.22834645669286,
                473.22834645669286,
                470.0787401574803
            ]
        }
    },
    "Pearlite": {
        "1": {
            "Time": [
                95268.07029019819,
                76596.78234751834,
                46042.39376758777,
                40787.427589690225,
                28355.125834966504,
                23357.21469090122,
                17890.87489923219,
                15469.407652461994,
                10754.220761125607,
                8237.387069571014,
                6011.008864405583,
                4717.199138213297,
                4493.984590721668,
                3885.7395185709747,
                3124.185713602667,
                2767.612370754227,
                2511.88643150958,
                2225.1967709560276,
                2019.58975016438,
                1832.9807108324364,
                1832.9807108324364,
                1924.0241827602397,
                2451.7358879792873,
                3124.185713602667,
                4178.81006029422,
                5324.9531298375305,
                6951.92796177561,
                9760.536373079001,
                13375.677515263365,
                17890.87489923219,
                23357.21469090122,
                43863.700057795344,
                63095.73444801932,
                78475.99703514612,
                99999.99999999997
            ],
            "Temperature": [
                659.0551181102362,
                659.0551181102362,
                659.0551181102362,
                659.0551181102362,
                654.3307086614172,
                651.1811023622047,
                644.8818897637796,
                643.3070866141732,
                637.007874015748,
                632.2834645669291,
                627.5590551181102,
                621.259842519685,
                621.259842519685,
                618.1102362204724,
                613.3858267716535,
                611.8110236220473,
                608.6614173228346,
                607.0866141732283,
                602.3622047244094,
                594.488188976378,
                588.1889763779527,
                581.8897637795276,
                569.2913385826771,
                559.8425196850394,
                551.9685039370079,
                545.6692913385826,
                539.3700787401574,
                531.496062992126,
                525.1968503937007,
                522.0472440944882,
                515.748031496063,
                504.7244094488189,
                496.8503937007874,
                493.70078740157476,
                488.97637795275585
            ]
        },
        "99": {
            "Time": [
                99999.99999999997,
                61584.82110660266,
                55894.41576403379,
                39810.71705534969,
                27013.381211330034,
                19240.241827602375,
                15469.407652461994,
                12139.771890700737,
                12139.771890700737,
                15469.407652461994,
                18779.508018514905,
                29763.514416313166,
                42813.32398719396,
                53249.53129837533,
                72972.27644686389,
                92986.74652605268
            ],
            "Temperature": [
                618.1102362204724,
                614.9606299212599,
                614.9606299212599,
                613.3858267716535,
                608.6614173228346,
                607.0866141732283,
                603.9370078740158,
                599.2125984251968,
                592.9133858267717,
                580.3149606299212,
                574.0157480314961,
                566.1417322834645,
                559.8425196850394,
                555.1181102362204,
                548.8188976377953,
                545.6692913385826
            ]
        }
    },
    "Bainite": {
        "1": {
            "Time": [
                843.9481965654002,
                662.2967617148327,
                388.5739518570975,
                327.9362859020881,
                270.13381211330045,
                239.3025731180498,
                239.3025731180498,
                251.18864315095797,
                312.41857136026664,
                379.2690190732249,
                460.42393767587816,
                586.7067065993101,
                784.759970351461,
                1184.9068510006666,
                1746.2453520016188,
                2835.512583496652,
                5197.439870872009,
                9076.005216818141,
                16636.142493842206,
                20691.380811147887,
                34422.47595686088,
                48329.30238571752,
                71224.85584859917,
                102453.38593872235
            ],
            "Temperature": [
                219.6850393700787,
                240.1574803149606,
                292.1259842519685,
                311.0236220472441,
                334.64566929133855,
                358.267716535433,
                378.7401574803149,
                396.06299212598424,
                413.3858267716535,
                425.9842519685039,
                435.4330708661417,
                441.7322834645669,
                446.4566929133858,
                448.0314960629921,
                448.0314960629921,
                449.6062992125984,
                449.6062992125984,
                449.6062992125984,
                449.6062992125984,
                448.0314960629921,
                448.0314960629921,
                449.6062992125984,
                451.1811023622047,
                452.755905511811
            ]
        },