{
    "Ferrite": {
        "1": {
            "Time": [
                95218.9535408407,
                64344.382633289846,
                30110.876960681115,
                14440.24188595451,
                10762.542851272216,
                6593.999899229983,
                4348.0834671045095,
                2797.7474632885414,
                1756.6322474314445,
                1130.2941747470486,
                612.6804780573312,
                404.00150105702244,
                273.00475589964145,
                193.7465788581982,
                130.9246062927558,
                84.24262963413922,
                61.26804780573315,
                51.61381459705114,
                50.3648633052627,
                56.9271116058699,
                65.93999899229988,
                82.20412614574902,
                97.58019960055456,
                118.70474655681343,
                147.98331982375285,
                184.4834649099562,
                247.52383280349616,
                293.82253839710086,
                357.4304018221048,
                445.5907535446153,
                597.854833401976,
                709.6820647674751,
                842.4262963413915,
                1024.7980677365981,
                1130.2941747470486,
                1374.9847212572054
            ],
            "Temperature": [
                726.7716535433071,
                725.1968503937007,
                720.4724409448819,
                717.3228346456692,
                712.5984251968504,
                707.8740157480315,
                701.5748031496063,
                695.275590551181,
                690.5511811023622,
                685.8267716535433,
                677.9527559055118,
                670.0787401574803,
                665.3543307086613,
                659.0551181102362,
                651.1811023622047,
                640.1574803149606,
                630.7086614173229,
                619.6850393700787,
                613.3858267716535,
                596.0629921259842,
                585.0393700787401,
                572.4409448818897,
                564.5669291338583,
                556.6929133858267,
                548.8188976377953,
                539.3700787401574,
                533.0708661417323,
                528.3464566929133,
                522.0472440944882,
                511.0236220472441,
                500.0,
                493.70078740157476,
                490.5511811023622,
                485.8267716535433,
                484.251968503937,
                477.95275590551176
            ]
        }
    },
    "Pearlite": {
        "1": {
            "Time": [
                95218.9535408407,
                45664.05432338167,
                24752.383280349582,
                18905.829836907567,
                13092.460629275582,
                9066.649113412786,
                5420.539995213584,
                4040.015010570223,
                3011.0876960681135,
                1756.6322474314445,
                1341.7128354799106,
                884.7254301950111,
                612.6804780573312,
                445.5907535446153,
                316.22776601683785,
                273.00475589964145,
                208.52058572487533,
                189.05829836907577,
                171.41252532913126,
                180.01933328915445,
                218.99062946059138,
                286.7126194393073,
                340.3414882518305,
                424.28685259992955,
                503.6486330526269,
                516.1381459705113,
                675.7518355386219,
                842.4262963413915,
                975.8019960055456,
                1374.9847212572054,
                1890.5829836907565,
                2663.985857258768,
                3574.3040182210484,
                4455.907535446148,
                5978.548334019762,
                7453.159674382283
            ],
            "Temperature": [
                711.0236220472441,
                704.7244094488188,
                700.0,
                695.275590551181,
                693.7007874015748,
                688.9763779527559,
                687.4015748031496,
                682.6771653543307,
                681.1023622047244,
                673.2283464566929,
                670.0787401574803,
                662.2047244094488,
                655.9055118110236,
                649.6062992125984,
                640.1574803149606,
                633.8582677165355,
                621.259842519685,
                616.5354330708661,
                605.511811023622,
                594.488188976378,
                581.8897637795276,
                574.0157480314961,
                569.2913385826771,
                562.992125984252,
                556.6929133858267,
                556.6929133858267,
                544.0944881889764,
                537.7952755905512,
                531.496062992126,
                523.6220472440945,
                514.1732283464567,
                506.2992125984252,
                496.8503937007874,
                490.5511811023622,
                481.1023622047244,
                476.3779527559055
            ]
        },
        "99": {
            "Time": [
                92914.84492271164,
                56927.111605869904,
                34034.14882518304,
                26639.85857258769,
                17566.32247431443,
                12164.839490258497,
                8021.495037291356,
                6126.804780573308,
                3846.8600159578555,
                2730.047558996412,
                1800.1933328915432,
                1341.7128354799106,
                1130.2941747470486,
                906.6649113412792,
                975.8019960055456,
                1216.4839490258505,
                1444.0241885954517,
                2136.91493334156,
                2536.6194557577965,
                3321.0590355963413,
                4040.015010570223,
                5289.373746757305,
                6925.09175329439,
                9521.895354084076,
                11302.941747470479,
                23568.960335966913,
                26639.85857258769,
                36629.39851376092,
                61268.0478057331,
                95218.9535408407
            ],
            "Temperature": [
                684.251968503937,
                681.1023622047244,
                677.9527559055118,
                674.8031496062993,
                670.0787401574803,
                665.3543307086613,
                659.0551181102362,
                655.9055118110236,
                648.0314960629921,
                641.732283464567,
                633.8582677165355,
                624.4094488188975,
                618.1102362204724,
                608.6614173228346,
                599.2125984251968,
                592.9133858267717,
                586.6141732283464,
                575.5905511811023,
                569.2913385826771,
                559.8425196850394,
                553.5433070866142,
                545.6692913385826,
                537.7952755905512,
                528.3464566929133,
                525.1968503937007,
                511.0236220472441,
                507.87401574803147,
                501.5748031496063,
                492.1259842519685,
                485.8267716535433
            ]
        }
    },