{
    "Ferrite": {},
    "Pearlite": {
        "1": {
            "Time": [
                102525.1291200083,
                81913.86173346256,
                52289.14641778735,
                32556.325284811697,
                23541.88073673638,
                17023.424596426332,
                12309.848487932964,
                8901.403412546993,
                4771.999187030435,
                3627.1606143277763,
                2558.2456142725596,
                1716.5522985857167,
                1068.7616614475335,
                772.8347517627279,
                531.6572847635215,
                365.74373473425385,
                292.2159862079623,
                222.1111686127598,
                181.93983555203414,
                156.65557260961083,
                145.36333346894344,
                141.78312645555596,
                164.66697150736738,
                206.10067891228354,
                271.1521150540814,
                347.9495230202171,
                545.0823176797309,
                717.1263292167198,
                1016.764130199428,
                1304.738464077239,
                1553.5875779181983,
                2095.5577752775957,
                2756.977444146983,
                3908.928815986072,
                5016.040228087696,
                6599.250056916106,
                8682.16747342758,
                10083.47227000416,
                15407.267817255153,
                17453.288048133356,
                24136.343622617343,
                30209.560311607685
            ],
            "Temperature": [
                686.3453815261045,
                686.3453815261045,
                684.7389558232932,
                681.5261044176707,
                679.9196787148594,
                678.3132530120482,
                676.7068273092369,
                675.1004016064257,
                671.8875502008032,
                670.281124497992,
                667.0682730923695,
                662.2489959839357,
                654.2168674698795,
                649.3975903614457,
                646.1847389558233,
                639.7590361445783,
                634.9397590361446,
                626.9076305220883,
                623.6947791164658,
                612.4497991967871,
                606.0240963855422,
                593.1726907630523,
                583.5341365461848,
                565.863453815261,
                553.0120481927711,
                541.7670682730924,
                528.9156626506024,
                519.277108433735,
                509.6385542168675,
                503.2128514056225,
                498.39357429718876,
                491.96787148594376,
                490.3614457831325,
                483.9357429718876,
                479.1164658634538,
                474.2971887550201,
                469.47791164658634,
                466.26506024096386,
                463.0522088353414,
                461.4457831325301,
                455.02008032128515,
                450.2008032128514
            ]
        },
        "99": {
            "Time": [
                99999.99999999997,
                76009.24627535231,
                62262.10889863921,
                46159.375847846706,
                32556.325284811697,
                22396.51809564981,
                20270.254702224676,
                14657.671421094587,
                10599.143160504696,
                7857.906541639208,
                6436.714699663057,
                5542.201486227202,
                4007.634315798935,
                3537.8259412695693,
                3201.9545455863095,
                3627.1606143277763,
                4892.498328108701,
                6765.889641805461,
                10083.47227000416,
                12939.376725996595,
                18345.85286598053,
                23541.88073673638,
                33378.41453498311,
                57774.055193471664,
                67098.80744088835,
                102525.1291200083
            ],
            "Temperature": [
                663.8554216867469,
                663.8554216867469,
                660.6425702811246,
                660.6425702811246,
                655.8232931726908,
                651.004016064257,
                649.3975903614457,
                646.1847389558233,
                641.3654618473895,
                636.5461847389558,
                631.7269076305221,
                626.9076305220883,
                614.0562248995984,
                610.8433734939758,
                602.8112449799197,
                593.1726907630523,
                580.3212851405622,
                569.0763052208836,
                557.8313253012047,
                551.4056224899598,
                544.9799196787149,
                536.9477911646586,
                527.3092369477912,
                511.2449799196787,
                509.6385542168675,
                500.0
            ]
        }
    },
    "Bainite": {
        "1": {
            "Time": [
                38765.70204506011,
                35085.39366735534,
                21306.879786627727,
                15407.267817255153,
                11422.514889800921,
                8259.761533183257,
                6278.1824855140785,
                4654.467863624622,
                3627.1606143277763,
                3046.172636911144,
                2433.781516179538,
                2043.9455119580398,
                1804.3371437957956,
                1804.3371437957956,
                1804.3371437957956,
                1993.6044260578767,
                2315.3728615621867,
                2558.2456142725596,
                3365.7031738020614,
                4428.018088232856,
                6123.554819585063,
                11141.185568691732,
                14296.662239690917,
                24745.817463937346,
                29465.51793779907
            ],
            "Temperature": [
                164.2570281124498,
                173.89558232931722,
                199.59839357429723,
                218.87550200803219,
                238.15261044176702,
                254.2168674698795,
                267.0682730923695,
                283.132530120482,
                297.5903614457832,
                308.8353413654619,
                326.50602409638554,
                340.96385542168673,
                361.847389558233,
                376.30522088353416,
                392.3694779116466,
                406.82730923694777,
                414.859437751004,
                419.6787148594378,
                427.71084337349396,
                432.5301204819277,
                437.34939759036143,
                438.95582329317267,
                442.1686746987952,
                445.3815261044177,
                445.3815261044177
            ]
        },
        "10": {
            "Time": [
                102525.1291200083,
                88277.16459365367,
                53609.514880586685,
                39744.58607597556,
                28031.957729775506,
                22396.51809564981,
                18345.85286598053,
                14657.671421094587,
                12620.688056730676,
                10599.143160504696,
                8682.16747342758,
                7291.483283691468,
                6123.554819585063,
                5405.7005670677145,
                4771.999187030435,
                4428.018088232856,
                4428.018088232856,
                4654.467863624622,
                5142.701720558471,
                6436.714699663057,
                10599.143160504696,
                13944.544486216926,
                22396.51809564981,
                37810.92730903451,
                63834.30754117005,
                97537.06321398268
            ],