{
    "Ferrite": {
        "1": {
            "Time": [
                102427.52213815914,
                86596.43233600649,
                80584.21877614816,
                61896.58188912602,
                42169.650342858215,
                32390.426504390285,
                22067.340690845893,
                16155.980984398739,
                12409.37760751719,
                10242.75221381592,
                7498.9420933245565,
                5759.922853513624,
                4216.96503428582,
                3162.277660168379,
                2206.7340690845886,
                1539.9265260594916,
                1024.2752213815922,
                768.0980572767751,
                536.0023165391791,
                421.69650342858216,
                365.1741272548377,
                273.84196342643605,
                242.89393273450787,
                205.35250264571457,
                186.5663578576912,
                169.49881513903466,
                153.9926526059492,
                146.77992676220697,
                153.9926526059492,
                182.14475363959448,
                231.5172383515273,
                280.48953771218277,
                339.8208328942559,
                562.341325190349,
                681.2920690579613,
                886.9857990181915,
                1182.814573015269,
                1577.3085833909724,
                2154.4346900318833,
                2738.41963426436,
                3651.741272548376,
                5490.13891434214,
                6651.455144438633,
                7498.9420933245565,
                9763.000989628068,
                12115.276586285876,
                17361.343640045226,
                25482.967479793446,
                30873.319925702635,
                43193.327940515446,
                57599.22853513626,
                74989.42093324552,
                88698.57990181913,
                99999.99999999997
            ],
            "Temperature": [
                704.6511627906976,
                704.6511627906976,
                703.1007751937984,
                703.1007751937984,
                700.0,
                698.4496124031008,
                693.7984496124031,
                690.6976744186046,
                689.1472868217054,
                689.1472868217054,
                689.1472868217054,
                689.1472868217054,
                686.046511627907,
                682.9457364341085,
                679.8449612403101,
                675.1937984496124,
                672.0930232558139,
                672.0930232558139,
                667.4418604651163,
                662.7906976744187,
                659.6899224806201,
                655.0387596899225,
                650.3875968992248,
                647.2868217054263,
                644.1860465116279,
                639.5348837209302,
                631.7829457364342,
                627.1317829457364,
                616.2790697674418,
                605.4263565891472,
                591.4728682170543,
                583.7209302325582,
                577.5193798449612,
                560.4651162790698,
                554.2635658914728,
                546.5116279069767,
                540.3100775193798,
                531.0077519379845,
                526.3565891472867,
                521.7054263565891,
                512.4031007751937,
                498.44961240310073,
                493.7984496124031,
                490.6976744186046,
                487.5968992248062,
                482.9457364341085,
                478.29457364341084,
                472.09302325581393,
                470.5426356589147,
                465.891472868217,
                459.6899224806201,
                455.0387596899225,
                453.48837209302326,
                448.83720930232556
            ]
        }
    },
    "Pearlite": {
        "1": {
            "Time": [
                97630.0098962807,
                82540.41852680178,
                73212.17907829127,
                63399.135117248414,
                48696.75251658627,
                37403.88100367785,
                33982.08328942559,
                29427.271762092805,
                24289.39327345078,
                19573.417814876597,
                15034.304197873333,
                13019.171061900779,
                9763.000989628068,
                7498.9420933245565,
                6189.658188912606,
                4987.887696449104,
                3924.189758484535,
                3317.6711278428565,
                3014.1625298773897,
                2673.5193599339905,
                2206.7340690845886,
                1615.5980984398736,
                1240.9377607517192,
                953.1618832347873,
                908.5175756516867,
                825.4041852680183,
                697.8305848598663,
                649.3816315762111,
                562.341325190349,
                510.8969774506927,
                510.8969774506927,
                562.341325190349,
                633.9913511724843,
                865.9643233600654,
                1127.413765932785,
                1467.7992676220692,
                1865.6635785769124,
                2371.3737056616546,
                2942.727176209281,
                4117.0233802959465,
                6042.963902381327,
                7321.217907829126,
                10242.75221381592,
                14330.125702369623,
                18656.63578576911,
                24289.39327345078,
                33982.08328942559,
                51089.69774506925,
                69783.05848598659,
                95316.1883234787
            ],
            "Temperature": [
                686.046511627907,
                686.046511627907,
                686.046511627907,
                686.046511627907,
                684.4961240310078,
                682.9457364341085,
                681.3953488372093,
                681.3953488372093,
                681.3953488372093,
                678.2945736434108,
                675.1937984496124,
                675.1937984496124,
                675.1937984496124,
                673.6434108527131,
                670.5426356589147,
                670.5426356589147,
                667.4418604651163,
                664.3410852713178,
                664.3410852713178,
                662.7906976744187,
                662.7906976744187,
                661.2403100775193,
                658.1395348837209,
                655.0387596899225,
                653.4883720930233,
                650.3875968992248,
                644.1860465116279,
                642.6356589147287,
                637.984496124031,
                628.6821705426356,
                620.9302325581396,
                611.6279069767442,
                605.4263565891472,
                593.0232558139535,
                582.1705426356589,
                571.3178294573643,
                565.1162790697674,
                555.8139534883721,
                549.6124031007752,
                543.4108527131782,
                537.2093023255813,
                532.5581395348837,
                526.3565891472867,
                520.1550387596899,
                513.953488372093,
                507.7519379844961,
                503.1007751937984,
                490.6976744186046,
                486.04651162790697,
                481.39534883720927
            ]
        },