{
    "Ferrite": {},
    "Pearlite": {
        "1": {
            "Time": [
                95218.95354084077,
                88472.54301950114,
                64344.382633289904,
                36629.39851376088,
                19374.65788581981,
                11870.474655681342,
                7637.983632839308,
                5692.711160586989,
                4140.199576459223,
                2797.747463288544,
                2136.9149333415608,
                1800.1933328915447,
                1516.530202126291,
                1187.047465568134,
                929.148449227118,
                842.4262963413922,
                727.2808086810284,
                727.2808086810284,
                782.739086833749,
                906.6649113412793,
                1102.9433117916126,
                1341.712835479912,
                1672.6468435651757,
                2244.2117392363557,
                2730.047558996415,
                3011.087696068116,
                3753.773681925604,
                4795.689579154605
            ],
            "Temperature": [
                666.6666666666667,
                665.0793650793651,
                663.4920634920635,
                660.3174603174604,
                649.2063492063492,
                638.0952380952381,
                628.5714285714287,
                623.8095238095239,
                617.4603174603175,
                611.1111111111111,
                604.7619047619048,
                600.0,
                593.6507936507937,
                582.5396825396825,
                574.6031746031747,
                568.2539682539682,
                558.7301587301588,
                549.2063492063492,
                544.4444444444445,
                536.5079365079365,
                531.7460317460318,
                525.3968253968254,
                517.4603174603175,
                509.5238095238095,
                503.1746031746032,
                500.0,
                495.23809523809524,
                488.8888888888889
            ]
        },
        "10": {
            "Time": [
                95218.95354084077,
                80214.95037291359,
                69250.91753294393,
                51613.81459705113,
                36629.39851376088,
                20347.480375857896,
                12164.839490258508,
                6126.804780573313,
                4242.868525999295,
                3403.414882518306,
                2189.9062946059144,
                1890.582983690758,
                1554.1372208032171,
                1409.0816855117312,
                1409.0816855117312,
                1409.0816855117312,
                1592.6768208766646,
                1800.1933328915447,
                2034.748037585789,
                2415.342501085946,
                2599.5227168436545,
                3162.277660168379,
                3574.30401822105,
                4140.199576459223,
                4679.643463562061,
                5978.5483340197625,
                6757.51835538622,
                7637.983632839308,
                8424.262963413925,
                11302.9417474705,
                14090.816855117304
            ],
            "Temperature": [
                652.3809523809524,
                650.7936507936508,
                649.2063492063492,
                649.2063492063492,
                647.6190476190476,
                634.9206349206349,
                623.8095238095239,
                609.5238095238095,
                603.1746031746031,
                598.4126984126984,
                584.1269841269841,
                579.3650793650794,
                571.4285714285714,
                558.7301587301588,
                557.1428571428571,
                550.7936507936508,
                542.8571428571429,
                538.0952380952381,
                531.7460317460318,
                530.1587301587301,
                526.984126984127,
                523.8095238095239,
                519.047619047619,
                512.6984126984128,
                507.93650793650795,
                501.5873015873016,
                500.0,
                498.41269841269843,
                495.23809523809524,
                490.4761904761905,
                487.30158730158735
            ]
        },
        "50": {
            "Time": [
                92914.84492271172,
                54205.39995213585,
                34878.12995310741,
                24752.383280349604,
                19374.65788581981,
                13092.460629275582,
                9291.484492271178,
                6126.804780573313,
                5161.381459705114,
                4140.199576459223,
                3487.812995310745,
                3011.087696068116,
                2599.5227168436545,
                3085.7568527160524,
                3942.254711206793,
                4679.643463562061,
                5161.381459705114,
                6278.737700530888,
                8424.262963413925,
                10502.110796366658,
                11583.232862547093,
                13092.460629275582,
                16321.72128563273,
                18905.829836907586,
                23568.960335966935
            ],
            "Temperature": [
                647.6190476190476,
                646.031746031746,
                638.0952380952381,
                628.5714285714287,
                622.2222222222222,
                614.2857142857142,
                604.7619047619048,
                593.6507936507937,
                587.3015873015873,
                576.1904761904761,
                569.8412698412699,
                558.7301587301588,
                550.7936507936508,
                544.4444444444445,
                536.5079365079365,
                530.1587301587301,
                530.1587301587301,
                525.3968253968254,
                519.047619047619,
                515.8730158730159,
                514.2857142857143,
                511.11111111111114,
                507.93650793650795,
                503.1746031746032,
                500.0
            ]
        },
        "90": {
            "Time": [
                97580.19960055451,
                65939.99899229985,
                54205.39995213585,
                44559.075354461536,
                28671.261943930716,
                24752.383280349604,
                19855.111964445816,
                13749.847212572058,
                11583.232862547093,
                8847.25430195012,
                7096.820647674753,
                6278.737700530888,
                6434.438263328988,
                8847.25430195012,
                11302.9417474705,
                13749.847212572058,
                19374.65788581981,
                23568.960335966935,
                34034.148825183074,
                39422.54711206792,
                56927.111605869904,
                70968.20647674748,
                84242.62963413919,
                99999.99999999997
            ],