{
    "Ferrite": {
        "1": {
            "Time": [
                88676.37538906532,
                52259.20988166605,
                31546.86146758943,
                19506.883552911593,
                13602.27939121118,
                7458.497645970651,
                4291.09223597985,
                2717.928300835388,
                1988.5596466134568,
                1454.9204505961472,
                760.3299318883212,
                505.2997234423309,
                378.6937174482351,
                223.17369619773598,
                171.324889069636,
                116.62881029664659,
                83.30442258235159,
                47.92747520125996,
                34.23314219973428,
                21.68287720106157,
                14.760541714054327,
                9.576589150290326,
                6.519229082028829,
                4.12920446526576,
                3.3259879240681185
            ],
            "Temperature": [
                766.3212435233161,
                766.3212435233161,
                766.3212435233161,
                766.3212435233161,
                766.3212435233161,
                761.6580310880829,
                755.4404145077721,
                753.8860103626943,
                752.3316062176166,
                749.2227979274611,
                746.1139896373057,
                744.559585492228,
                739.8963730569949,
                736.7875647668394,
                735.2331606217617,
                730.5699481865286,
                725.9067357512954,
                719.6891191709844,
                718.1347150259068,
                711.9170984455959,
                705.699481865285,
                696.3730569948186,
                688.6010362694301,
                671.5025906735751,
                659.0673575129533
            ]
        },
        "10": {
            "Time": [
                93043.22601117981,
                53530.49416899482,
                35575.27168784063,
                25410.33779413469,
                12963.87587955142,
                8211.169372243588,
                4839.047849162531,
                3064.9970625327746,
                1680.6207782041527,
                1144.0766311665654,
                837.0583656206218,
                530.1831086955879,
                343.98099370343175,
                188.61408136149493,
                122.3721730645299,
                89.53303335843252,
                59.501822955477266,
                38.604579911546054,
                25.6558143179569,
                18.770957658454737,
                15.119614206654763,
                11.06219567104695,
                8.698757070498953,
                7.3517090131682545,
                6.677819185404806,
                5.781016053252999,
                5.126395496684755
            ],
            "Temperature": [
                733.6787564766839,
                733.6787564766839,
                733.6787564766839,
                733.6787564766839,
                733.6787564766839,
                733.6787564766839,
                733.6787564766839,
                730.5699481865286,
                724.3523316062176,
                721.2435233160622,
                719.6891191709844,
                716.5803108808291,
                711.9170984455959,
                704.1450777202073,
                701.0362694300518,
                697.9274611398964,
                694.8186528497409,
                690.1554404145078,
                682.3834196891191,
                674.6113989637306,
                668.3937823834196,
                657.5129533678756,
                649.740932642487,
                640.4145077720207,
                635.7512953367875,
                620.2072538860104,
                609.3264248704663
            ]
        }
    },
    "Pearlite": {
        "1": {
            "Time": [
                88676.37538906532,
                49806.498674559356,
                33100.380440608875,
                21997.83591438604,
                13279.241759477134,
                9259.703428582072,
                6007.664021208084,
                4502.4062270854365,
                3064.9970625327746,
                1941.3337677494414,
                1116.906199298133,
                724.6449349420636,
                448.08147959963026,
                264.0656430052055,
                163.28400065151968,
                67.09997188587666,
                58.088726854553634,
                38.604579911546054,
                33.42014660796888,
                24.45169539906035,
                21.16793517562897,
                18.770957658454737,
                16.64540487733382,
                17.46510455861894,
                19.227589581963407,
                23.30409007793451,
                30.356709684508886,
                34.23314219973428,
                37.68776797804246
            ],
            "Temperature": [
                702.5906735751296,
                701.0362694300518,
                697.9274611398964,
                696.3730569948186,
                696.3730569948186,
                694.8186528497409,
                694.8186528497409,
                694.8186528497409,
                694.8186528497409,
                690.1554404145078,
                682.3834196891191,
                677.720207253886,
                673.0569948186528,
                669.9481865284974,
                663.7305699481865,
                648.1865284974093,
                655.958549222798,
                648.1865284974093,
                646.6321243523316,
                637.3056994818653,
                634.1968911917098,
                629.5336787564767,
                612.4352331606217,
                607.7720207253885,
                604.6632124352332,
                596.8911917098446,
                587.5647668393783,
                584.4559585492228,
                582.9015544041451
            ]
        },
        "99": {
            "Time": [
                90833.56228386634,
                73164.53660687993,
                54832.70436857654,
                36440.69395535321,
                30797.66178391612,
                26661.664868765478,
                21997.83591438604,
                19506.883552911593,
                20965.398975490887,
                22532.96652995638,
                24806.87310218883,
                27974.613298468,
                32314.286566229443,
                35575.27168784063,
                39165.338002118006,
                41094.02734997974
            ],
            "Temperature": [
                626.4248704663212,
                626.4248704663212,
                626.4248704663212,
                624.8704663212436,
                623.3160621761658,
                617.0984455958549,
                612.4352331606217,
                603.1088082901554,
                595.3367875647668,
                592.2279792746115,
                587.5647668393783,
                581.3471502590673,
                576.6839378238342,
                572.020725388601,
                567.3575129533679,
                564.2487046632125
            ]
        }
    },
    "Bainite": {
        "50": {
            "Time": [
                5.004649823555078,
                4.885795462446756,
                4.65648764639847,
                4.545901714568312,
                4.545901714568312,
                4.545901714568312,
                4.885795462446756,
                5.509692340277167,
                6.0657010489786565,
                6.364405301188771,
                7.3517090131682545,
                8.093604201267839,
                10.048186394823608,
                13.407525851271624,
                17.88996963124831
            ],