{
    "Ferrite": {
        "1": {
            "Time": [
                10147.112951749157,
                6086.325566645319,
                4656.676944521788,
                2660.401266296136,
                1802.2455152499997,
                1281.806324685297,
                827.080094519474,
                508.31283776346316,
                379.5606519544879,
                178.47838343505074,
                99.51437851313555,
                69.075409341698,
                46.7940112182595,
                32.48088897238731,
                19.962338540170776,
                19.01383704071981,
                14.547578108480483,
                12.268597707752278,
                11.130421932675226,
                10.346635611251338,
                9.38676307432443,
                9.618042255679686,
                9.618042255679686,
                9.618042255679686
            ],
            "Temperature": [
                682.286995515695,
                677.5784753363229,
                676.0089686098654,
                669.7309417040359,
                666.5919282511211,
                663.4529147982063,
                660.3139013452915,
                657.1748878923767,
                654.0358744394618,
                643.0493273542601,
                632.0627802690583,
                625.7847533632287,
                619.506726457399,
                614.7982062780269,
                602.2421524663678,
                599.1031390134528,
                584.9775784753363,
                575.5605381165919,
                564.57399103139,
                556.7264573991031,
                544.170403587444,
                536.3228699551569,
                534.7533632286995,
                526.9058295964126
            ]
        }
    },
    "Pearlite": {
        "1": {
            "Time": [
                10147.112951749157,
                5388.911570447832,
                4023.936908624901,
                2861.93403504989,
                2355.5537752607343,
                1557.3599658335152,
                1029.6390125555529,
                807.1918051887908,
                546.8189439232198,
                388.9125953415342,
                297.5588959759299,
                211.6320288223404,
                126.93870994314621,
                94.78599776522385,
                78.01490605419787,
                61.160263045223495,
                50.33878724937287,
                43.49885258552537,
                36.684451469590634,
                28.067450140533424,
                25.463591689950086
            ],
            "Temperature": [
                671.3004484304932,
                666.5919282511211,
                661.8834080717488,
                658.7443946188341,
                657.1748878923767,
                650.896860986547,
                647.7578475336322,
                643.0493273542601,
                636.7713004484305,
                630.493273542601,
                624.2152466367713,
                613.2286995515694,
                608.5201793721973,
                600.6726457399103,
                595.9641255605382,
                591.2556053811659,
                584.9775784753363,
                578.6995515695068,
                569.2825112107623,
                548.8789237668161,
                530.0448430493273
            ]
        },
        "99": {
            "Time": [
                20554.002542801078,
                14618.569020717196,
                9903.111530855616,
                8351.7194766766,
                6547.381595494111,
                3927.1757581420748,
                3232.3154796412837,
                1716.6126336037196,
                1378.9067060798495,
                1220.9018761146476,
                934.1178935914453,
                827.080094519474,
                847.4584087116058,
                1004.8799127736143,
                1281.806324685297,
                1716.6126336037196,
                2473.060109362962,
                3232.3154796412837,
                3927.1757581420748,
                4544.700681272481
            ],
            "Temperature": [
                657.1748878923767,
                650.896860986547,
                641.4798206278027,
                639.9103139013453,
                635.2017937219731,
                625.7847533632287,
                622.6457399103139,
                614.7982062780269,
                611.6591928251121,
                608.5201793721973,
                602.2421524663678,
                595.9641255605382,
                583.4080717488789,
                580.2690582959641,
                572.4215246636771,
                567.713004484305,
                564.57399103139,
                559.8654708520179,
                556.7264573991031,
                555.1569506726457
            ]
        }
    },
    "Bainite": {
        "1": {
            "Time": [
                9.38676307432443,
                11.973582240072218,
                14.547578108480483,
                20.454187890042586,
                31.699840895083593,
                41.43202425182385,
                69.075409341698,
                97.1214170991842,
                133.27102237759033,
                201.5764285595808,
                263.4625045696012,
                388.9125953415342,
                533.6699231206312,
                697.5121821709901,
                934.1178935914453,
                1378.9067060798495,
                1986.5397134939103,
                3004.7010482393484,
                3832.74136388217,
                5657.736358102838,
                7043.363896263493,
                8557.496359312307,
                11184.7374208402,
                14267.045229719071,
                18647.177628303638,
                25587.851796299983,
                32639.392877382008,
                43711.12319189499,
                57130.89608730284,
                64524.575873233734,
                90722.85356330613
            ],
            "Temperature": [
                495.5156950672646,
                462.5560538116592,
                448.4304932735426,
                431.1659192825112,
                409.1928251121076,
                401.3452914798206,
                387.21973094170403,
                376.2331838565022,
                366.8161434977578,
                349.5515695067264,
                338.56502242152465,
                324.43946188340806,
                315.0224215246636,
                313.4529147982062,
                305.60538116591925,
                296.1883408071749,
                283.63228699551564,
                271.0762331838565,
                260.0896860986546,
                245.96412556053804,
                239.68609865470853,
                230.2690582959641,
                222.42152466367713,
                214.57399103139005,
                208.29596412556054,
                202.01793721973092,
                197.30941704035877,
                189.46188340807169,
                183.18385650224207,
                181.61434977578472,
                175.3363228699551
            ]
        },