{
    "Ferrite": {},
    "Pearlite": {
        "1": {
            "Time": [
                99999.99999999999,
                69435.91429214278,
                56555.552251424124,
                41101.85153009275,
                29870.84613180924,
                22209.28889966336,
                15776.832036995187,
                11730.240887216129,
                9554.281212853748,
                7267.518376864185,
                6338.408101544682,
                4821.346193585809,
                4301.930267113849,
                4017.5417261727252,
                3926.9864788746922,
                4204.964912240358,
                5046.267831325149,
                6195.540608875716,
                8332.821508477355,
                10466.512108254263,
                14077.153669117264,
                17681.729913172567,
                22209.28889966336,
                29197.558324778947,
                38384.72343622809,
                51626.33404228445,
                64845.700799978644,
                69435.91429214278,
                95542.81212853748
            ],
            "Temperature": [
                667.1641791044776,
                668.6567164179105,
                668.6567164179105,
                668.6567164179105,
                667.1641791044776,
                662.6865671641791,
                653.7313432835821,
                647.7611940298507,
                638.8059701492537,
                628.3582089552239,
                622.3880597014925,
                610.4477611940299,
                605.9701492537313,
                594.0298507462687,
                580.5970149253731,
                576.1194029850747,
                570.1492537313433,
                556.7164179104477,
                546.2686567164178,
                537.3134328358209,
                529.8507462686566,
                522.3880597014925,
                514.9253731343283,
                505.97014925373134,
                498.5074626865671,
                491.04477611940297,
                485.07462686567163,
                483.58208955223876,
                480.5970149253731
            ]
        },
        "10": {
            "Time": [
                99999.99999999999,
                61955.40608875713,
                47126.732222448176,
                37519.53313824315,
                24890.842912355773,
                20741.09511842093,
                16893.621992017874,
                14077.153669117264,
                11465.841675756217,
                10466.512108254263,
                8922.674486302234,
                7961.411998850883,
                7781.962056190476,
                7781.962056190476,
                9774.600356461508,
                10954.787571223313,
                13759.855127211702,
                16512.840354510394,
                18506.604023110223,
                22721.42910168382,
                27896.16829636371,
                32722.877394666804,
                37519.53313824315,
                56555.552251424124,
                71037.0877170872,
                79614.11998850881,
                95542.81212853748
            ],
            "Temperature": [
                655.2238805970148,
                653.7313432835821,
                649.2537313432836,
                647.7611940298507,
                638.8059701492537,
                635.8208955223881,
                631.3432835820895,
                625.3731343283582,
                620.8955223880597,
                616.4179104477612,
                610.4477611940299,
                602.9850746268656,
                594.0298507462687,
                591.044776119403,
                576.1194029850747,
                570.1492537313433,
                556.7164179104477,
                550.7462686567164,
                547.7611940298507,
                541.7910447761194,
                534.3283582089553,
                529.8507462686566,
                523.8805970149253,
                511.94029850746267,
                507.46268656716416,
                505.97014925373134,
                501.4925373134328
            ]
        },
        "50": {
            "Time": [
                95542.81212853748,
                43019.30267113847,
                31985.304904635635,
                26652.7836664554,
                22721.42910168382,
                16512.840354510394,
                15421.222805264646,
                14077.153669117264,
                16512.840354510394,
                18506.604023110223,
                23781.411280961453,
                28539.446400918994,
                37519.53313824315,
                44011.31616874804,
                55280.792119664766,
                71037.0877170872,
                83328.21508477352,
                99999.99999999999
            ],
            "Temperature": [
                638.8059701492537,
                628.3582089552239,
                625.3731343283582,
                620.8955223880597,
                617.9104477611941,
                608.955223880597,
                602.9850746268656,
                586.5671641791045,
                576.1194029850747,
                570.1492537313433,
                559.7014925373135,
                550.7462686567164,
                543.2835820895523,
                538.8059701492537,
                531.3432835820895,
                523.8805970149253,
                520.8955223880597,
                516.4179104477612
            ]
        },
        "90": {
            "Time": [
                95542.81212853748,
                66341.0251418743,
                55280.792119664766,
                40175.41726172724,
                31985.304904635635,
                29870.84613180924,
                26652.7836664554,
                26652.7836664554,
                26652.7836664554,
                28539.446400918994,
                31985.304904635635,
                40175.41726172724,
                47126.732222448176,
                52816.82335805867,
                63384.081015446805,
                81450.00008709283,
                99999.99999999999
            ],
            "Temperature": [
                625.3731343283582,
                625.3731343283582,
                622.3880597014925,
                614.9253731343283,
                608.955223880597,
                604.4776119402985,
                594.0298507462687,
                591.044776119403,
                585.0746268656717,
                576.1194029850747,
                571.641791044776,
                564.1791044776119,
                558.2089552238806,
                553.7313432835821,
                547.7611940298507,
                543.2835820895523,
                534.3283582089553
            ]
        },
        "99": {
            "Time": [
                99999.99999999999,
                85249.74121288687,
                72675.18376864184,
                63384.081015446805,
                56555.552251424124,
                52816.82335805867,
                52816.82335805867,
                56555.552251424124,
                61955.40608875713,
                71037.0877170872,
                77819.62056190475,
                91284.28949429003,
                97746.00356461505
            ],
            "Temperature": [
                608.955223880597,
                608.955223880597,
                605.9701492537313,
                602.9850746268656,
                595.5223880597015,
                592.5373134328358,
                586.5671641791045,
                583.5820895522388,
                579.1044776119403,
                568.6567164179105,
                565.6716417910447,
                559.7014925373135,
                559.7014925373135
            ]
        }
    },