{
    "Ferrite": {},
    "Pearlite": {
        "1": {
            "Time": [
                99999.99999999988,
                61912.8536790272,
                33788.360819800044,
                10320.449904927853,
                6389.685048655296,
                3576.223539965968,
                1594.9230186589389,
                870.4143199994015,
                566.7932343211245,
                429.414507118146,
                252.77826347720833,
                164.60323116285915,
                121.59942094859665,
                99.37114041991438,
                61.52350876736236,
                50.27705873230935,
                43.21320106658346,
                39.06436974650982,
                32.739232427906686,
                29.595990327355477,
                29.595990327355477,
                30.352312210964104,
                32.739232427906686,
                35.313861181927095,
                43.21320106658346,
                49.02425006658319,
                55.61673366635644,
                63.09573444801932
            ],
            "Temperature": [
                709.0534979423868,
                709.0534979423868,
                709.0534979423868,
                705.761316872428,
                705.761316872428,
                704.1152263374486,
                700.8230452674898,
                694.238683127572,
                690.9465020576132,
                689.3004115226338,
                687.6543209876543,
                686.0082304526749,
                682.716049382716,
                679.4238683127572,
                669.5473251028807,
                659.6707818930041,
                653.0864197530864,
                646.5020576131687,
                634.9794238683128,
                626.7489711934156,
                620.164609053498,
                608.641975308642,
                602.0576131687243,
                590.5349794238683,
                577.366255144033,
                570.7818930041152,
                559.2592592592592,
                551.0288065843622
            ]
        },
        "99": {
            "Time": [
                95078.47160314007,
                55968.69818675299,
                35537.34115629611,
                23141.076692263232,
                15848.931924611126,
                10063.283925033782,
                6720.433070617705,
                3956.0363547246357,
                2849.669673103875,
                1720.34852071769,
                1239.2264800103317,
                827.5766320702959,
                566.7932343211245,
                463.18386746751946,
                378.5142131047714,
                286.770350130025,
                272.6568659146015,
                317.2267946601261,
                378.5142131047714,
                463.18386746751946,
                626.9895087731757,
                848.7252508620572,
                1208.3473134063274,
                1441.7969736172186,
                1809.3985859369575,
                2511.8864315095775,
                3152.318835713074,
                4267.14092851856,
                7624.156120766324,
                10584.187729729367,
                14327.300952232417,
                23141.076692263232,
                29041.142553511992,
                34651.81821442077,
                46906.48359397063,
                53214.18281213908
            ],
            "Temperature": [
                690.9465020576132,
                690.9465020576132,
                690.9465020576132,
                690.9465020576132,
                689.3004115226338,
                687.6543209876543,
                687.6543209876543,
                686.0082304526749,
                684.3621399176955,
                682.716049382716,
                679.4238683127572,
                674.4855967078189,
                667.9012345679012,
                661.3168724279835,
                654.7325102880659,
                639.917695473251,
                626.7489711934156,
                608.641975308642,
                600.4115226337449,
                593.8271604938271,
                588.8888888888889,
                583.9506172839506,
                575.7201646090534,
                570.7818930041152,
                564.1975308641975,
                554.320987654321,
                549.3827160493827,
                542.798353909465,
                532.9218106995885,
                529.6296296296296,
                526.3374485596707,
                518.1069958847736,
                514.8148148148148,
                514.8148148148148,
                509.8765432098765,
                504.9382716049383
            ]
        }
    },
    "Bainite": {
        "1": {
            "Time": [
                15.356822687587977,
                15.356822687587977,
                17.867129885052165,
                20.26979306872653,
                24.185866081790838,
                29.595990327355477,
                41.0864511048994,
                52.879540325560804,
                66.361746654261,
                85.40963173770407,
                131.16205704081082,
                160.5016317533687,
                211.84947752657268,
                286.770350130025,
                398.1071705534971,
                596.1320420535714,
                938.864114633907,
                1270.894759909477,
                2158.9698394884695,
                2709.422370925363,
                4267.14092851856,
                5632.28900767819,
                9097.12389753099,
                13282.739984823964,
                17532.16771172929,
                20919.33839490458,
                24960.901930441607
            ],
            "Temperature": [
                491.76954732510285,
                491.76954732510285,
                453.90946502057614,
                444.0329218106996,
                427.57201646090533,
                414.40329218106996,
                397.9423868312757,
                386.41975308641975,
                378.1893004115226,
                366.66666666666663,
                350.20576131687244,
                341.9753086419753,
                332.09876543209873,
                320.57613168724276,
                305.761316872428,
                292.5925925925926,
                276.1316872427983,
                264.60905349794234,
                246.50205761316874,
                234.97942386831278,
                220.16460905349788,
                210.28806584362133,
                197.11934156378595,
                183.95061728395058,
                172.4279835390946,
                164.19753086419746,
                155.96707818930042
            ]
        },
        "10": {
            "Time": [
                55.61673366635644,
                46.61150767820872,
                43.21320106658346,
                37.141805696381006,
                34.43390693590558,
                32.739232427906686,
                35.313861181927095,
                44.31750909162115,
                54.230870458495026,
                75.28567156644911,
                109.92485221306086,
                160.5016317533687,
                217.26326480357093,
                301.6143878784796,
                429.414507118146,
                581.2775655381862,
                748.1223040837173,
                1270.894759909477,
                1764.3118150444186,
                2709.422370925363,
                4057.1323759874913,
                5632.28900767819,
                6389.685048655296,
                9329.599777050464,
                14693.433361500189,
                21453.92950821687,
                33788.360819800044,
                54574.06469255617
            ],