{
    "Ferrite": {},
    "Pearlite": {
        "1": {
            "Time": [
                14918.62555150333,
                12887.524132383674,
                8307.905069688544,
                3806.3478502011017,
                2336.9211966894377,
                1333.5214321633243,
                947.7524488556602,
                596.2435978032759,
                413.5475228346397,
                301.1712831781408,
                180.44960353219065,
                98.06757216915773,
                69.69800367277871,
                52.01177736751103,
                41.76021364659422,
                33.52924149249557,
                31.163345010621324,
                27.585316176291826,
                27.585316176291826,
                31.93282111649543,
                34.357135615150405,
                36.07475496224571
            ],
            "Temperature": [
                703.6117381489842,
                703.6117381489842,
                702.0316027088036,
                698.8713318284424,
                695.7110609480812,
                690.9706546275395,
                687.8103837471783,
                684.6501128668172,
                683.0699774266366,
                679.9097065462754,
                673.5891647855531,
                668.8487584650113,
                664.1083521444696,
                657.7878103837472,
                648.3069977426637,
                641.9864559819413,
                640.4063205417607,
                630.9255079006772,
                626.1851015801354,
                613.5440180586908,
                600.902934537246,
                596.1625282167042
            ]
        },
        "10": {
            "Time": [
                902.6273206568659,
                641.5099397156099,
                455.9301423032939,
                348.63652276780846,
                253.89901553522517,
                235.98334667821936,
                155.8822300467104,
                119.19860873910916,
                95.70446578184665,
                78.73837374657664,
                71.41896618290234,
                66.37948800475618,
                64.77996036660986,
                66.37948800475618,
                71.41896618290234,
                78.73837374657664,
                88.95134973108233,
                95.70446578184665
            ],
            "Temperature": [
                678.3295711060948,
                675.1693002257337,
                672.0090293453725,
                670.4288939051919,
                665.6884875846501,
                664.1083521444696,
                656.2076749435666,
                649.8871331828443,
                648.3069977426637,
                641.9864559819413,
                637.2460496613995,
                630.9255079006772,
                621.4446952595937,
                608.803611738149,
                602.4830699774266,
                597.7426636568848,
                588.2618510158013,
                580.3611738148984
            ]
        },
        "50": {
            "Time": [
                924.9147277217328,
                742.613280865649,
                657.3499135734766,
                540.8176384914934,
                444.9437233718033,
                348.63652276780846,
                273.17482778841526,
                219.33184652985278,
                203.85531258606798,
                189.47083666624437,
                189.47083666624437,
                198.94306911349085,
                214.04666942175226,
                235.98334667821936,
                266.5922116787199,
                286.83168133420116,
                357.2449527618746
            ],
            "Temperature": [
                670.4288939051919,
                668.8487584650113,
                667.2686230248307,
                665.6884875846501,
                662.528216704289,
                657.7878103837472,
                654.6275395033861,
                645.1467268623024,
                638.8261851015801,
                632.5056433408578,
                629.3453724604966,
                623.0248306997743,
                615.1241534988714,
                610.3837471783296,
                599.3227990970654,
                594.5823927765236,
                583.5214446952596
            ]
        },
        "90": {
            "Time": [
                1922.6414681699484,
                1209.559170911739,
                1180.4127676778364,
                902.6273206568659,
                779.7388128923144,
                610.9658685233692,
                515.0678076168123,
                467.1878346444273,
                478.7234985980695,
                527.7857097140044,
                610.9658685233692,
                779.7388128923144,
                1097.1202656737714,
                1180.4127676778364,
                1400.1882881348658
            ],
            "Temperature": [
                673.5891647855531,
                665.6884875846501,
                665.6884875846501,
                659.3679458239278,
                654.6275395033861,
                648.3069977426637,
                641.9864559819413,
                632.5056433408578,
                619.8645598194131,
                616.7042889390519,
                610.3837471783296,
                599.3227990970654,
                581.941309255079,
                578.7810383747178,
                570.8803611738149
            ]
        },
        "99": {
            "Time": [
                92943.78167664845,
                67687.5000945853,
                43634.55070297807,
                28823.436765397262,
                22040.44399727618,
                15664.453730149085,
                12576.977129738088,
                10602.87713341093,
                7535.613995947505,
                6509.675230458173,
                4515.033915554433,
                3208.89814510982,
                2514.338403853192,
                2018.7602546790395,
                1660.8827826277154,
                1470.1880261868416,
                1301.387945586072,
                1209.559170911739,
                1180.4127676778364,
                1180.4127676778364,
                1239.4252485211955,
                1366.4483492953248,
                1543.687267390547,
                2119.6843162604337,
                2772.021600830157,
                3131.5742394067224,
                3625.1170499885334,
                4515.033915554433,
                5355.666917706904
            ],
            "Temperature": [
                678.3295711060948,
                675.1693002257337,
                673.5891647855531,
                668.8487584650113,
                665.6884875846501,
                662.528216704289,
                662.528216704289,
                662.528216704289,
                662.528216704289,
                662.528216704289,
                662.528216704289,
                662.528216704289,
                659.3679458239278,
                657.7878103837472,
                656.2076749435666,
                653.0474040632055,
                651.4672686230249,
                646.726862302483,
                640.4063205417607,
                635.6659142212189,
                629.3453724604966,
                626.1851015801354,
                618.2844243792325,
                608.803611738149,
                599.3227990970654,
                594.5823927765236,
                591.4221218961625,
                581.941309255079,
                569.3002257336343
            ]
        }
    },