{
    "Ferrite": {},
    "Pearlite": {
        "1": {
            "Time": [
                110113.61082737271,
                68019.89908343961,
                41017.6439865153,
                28580.31069068535,
                17654.7643324626,
                12601.388761098506,
                9213.722891703996,
                6736.772520436866,
                4694.054386689176,
                3432.138883855163,
                2334.537405201776,
                1706.9373177541572,
                1309.6486865340783,
                1278.4818315598425,
                957.5722415976966,
                717.2136320151675,
                651.3396723857842,
                383.4263968078152,
                236.8519624488708,
                139.428470871403,
                101.94553300259763,
                71.03369973418329,
                57.19027379787431,
                38.90076652285694,
                29.846636576473283,
                20.301652079118117,
                15.205768286764846,
                10.096808060104818,
                8.129088300381738,
                7.0352629574941,
                7.2067687348068015,
                8.951232654895836,
                10.595088837115583,
                14.49064997549286,
                16.74362051460031,
                20.796566148655813,
                26.46026213153177,
                29.846636576473283,
                38.90076652285694
            ],
            "Temperature": [
                698.8394584139265,
                697.2920696324952,
                695.7446808510638,
                694.1972920696326,
                694.1972920696326,
                694.1972920696326,
                692.6499032882011,
                691.1025145067698,
                688.0077369439072,
                686.4603481624758,
                684.9129593810445,
                681.8181818181819,
                678.7234042553191,
                678.7234042553191,
                677.1760154738879,
                677.1760154738879,
                677.1760154738879,
                675.6286266924565,
                669.4390715667312,
                664.7969052224371,
                661.7021276595744,
                657.0599613152805,
                655.5125725338492,
                652.4177949709865,
                649.3230174081239,
                640.0386847195358,
                635.3965183752418,
                624.5647969052225,
                612.1856866537718,
                599.8065764023211,
                582.7852998065764,
                571.953578336557,
                565.7640232108317,
                553.384912959381,
                548.7427466150871,
                544.100580270793,
                536.3636363636364,
                533.2688588007737,
                528.6266924564798
            ]
        },
        "99": {
            "Time": [
                112797.9625753825,
                69678.08950724031,
                48550.361573789996,
                33023.906947137046,
                21406.414622449167,
                15279.193058541332,
                10646.249815314477,
                7241.568380547794,
                5045.786497926112,
                3432.138883855163,
                2509.4675833909514,
                1879.5703151390087,
                980.9159563416267,
                683.483498050522,
                537.1870357166224,
                422.20465039037583,
                225.71295439524164,
                204.98188434588354,
                157.27247439295323,
                149.87604271147413,
                157.27247439295323,
                169.05712256715287,
                181.72481103893617,
                215.09780731846885,
                254.5996138265348,
                323.93677265187824,
                374.3016635679197,
                432.49716357541695,
                563.69739146109,
                789.7498275580464
            ],
            "Temperature": [
                674.0812379110251,
                674.0812379110251,
                674.0812379110251,
                674.0812379110251,
                672.5338491295938,
                669.4390715667312,
                666.3442940038685,
                663.2495164410059,
                660.1547388781431,
                655.5125725338492,
                652.4177949709865,
                649.3230174081239,
                644.6808510638298,
                643.1334622823985,
                638.4912959381045,
                636.943907156673,
                624.5647969052225,
                621.4700193423598,
                613.7330754352031,
                604.4487427466152,
                590.5222437137331,
                581.2379110251451,
                573.5009671179885,
                567.3114119922631,
                564.2166344294004,
                558.027079303675,
                554.9323017408124,
                548.7427466150871,
                539.4584139264991,
                533.2688588007737
            ]
        }
    },
    "Bainite": {
        "1": {
            "Time": [
                22462.828178851618,
                12008.75288236015,
                5294.797710365758,
                2570.6434329833287,
                1791.1752321461217,
                1054.4173715038378,
                869.6220516271159,
                752.608359112666,
                550.282591729173,
                392.7735729722377,
                308.70221735358786,
                242.62594419955462,
                195.34170726240353,
                136.1103696312691,
                90.37887801782578,
                66.08207659540324,
                44.94896181243459,
                32.86520924487808,
                27.105310916798864,
                22.354882161927364
            ],
            "Temperature": [
                164.99032882011613,
                191.29593810444874,
                216.05415860735013,
                240.81237911025153,
                251.6441005802708,
                267.11798839458413,
                274.85493230174086,
                281.04448742746615,
                293.42359767891685,
                304.2553191489362,
                315.0870406189556,
                325.91876208897486,
                336.75048355899423,
                350.67698259187625,
                363.05609284332695,
                375.43520309477765,
                386.2669245647969,
                417.21470019342365,
                431.1411992263056,
                468.27852998065765
            ]
        },
        "10": {
            "Time": [
                68019.89908343961,
                717.2136320151675,
                220.34146585195896,
                157.27247439295323,
                106.97657836811526,
                94.83910518031138,
                84.07873955784513,
                76.35635497382512,
                72.76536064890874,
                71.03369973418329,
                74.53923602711848,
                84.07873955784513,
                92.58213606528594,
                112.25590746637126,
                149.87604271147413
            ],
            "Temperature": [
                160.34816247582205,
                327.4661508704062,
                375.43520309477765,
                389.3617021276596,
                406.3829787234043,
                412.5725338491296,
                423.40425531914894,
                431.1411992263056,
                443.5203094777563,
                451.257253384913,
                457.44680851063833,
                468.27852998065765,
                476.0154738878143,
                482.2050290135397,
                486.8471953578337
            ]
        },