{
    "Ferrite": {},
    "Pearlite": {
        "1": {
            "Time": [
                97599.12189023283,
                47078.56525347446,
                28260.987638384064,
                19627.997294484983,
                12985.43385511319,
                7425.272578731756,
                4566.995743722185,
                2878.0802705339647,
                1727.6947695816784,
                1088.7779426273596,
                774.7865234576599,
                453.933343064391,
                293.10178928023083,
                208.57450123176582,
                128.2860459699312,
                54.80072191516083,
                46.22827112512941,
                47.365458038773276,
                60.395229863056265,
                82.8334604363686,
                103.08432040513465,
                141.3825395689381,
                180.27548617599763,
                235.5220985185204,
                279.1967060773877
            ],
            "Temperature": [
                679.5275590551181,
                679.5275590551181,
                676.3779527559055,
                676.3779527559055,
                674.8031496062993,
                673.2283464566929,
                670.0787401574803,
                668.503937007874,
                668.503937007874,
                668.503937007874,
                665.3543307086613,
                662.2047244094488,
                659.0551181102362,
                654.3307086614172,
                651.1811023622047,
                637.007874015748,
                630.7086614173229,
                618.1102362204724,
                603.9370078740158,
                589.7637795275591,
                580.3149606299212,
                572.4409448818897,
                566.1417322834645,
                561.4173228346456,
                558.267716535433
            ]
        },
        "99": {
            "Time": [
                100000.00000000007,
                60029.415693160714,
                41692.00396997316,
                29668.494875941975,
                19156.75300405597,
                13632.159028619772,
                10183.933793682969,
                7247.000834798442,
                4794.44991642967,
                3669.811856584082,
                2741.54085968795,
                2257.158232451493,
                1950.9110429524358,
                1950.9110429524358,
                1998.9022494962355,
                2202.966614545758,
                2675.7198053173774,
                3852.582777923092,
                5823.331371564303,
                8590.865887927286,
                10954.128631023257,
                14311.093634226498,
                23267.762243911704,
                29668.494875941975,
                40691.02977313479,
                72911.63443479576,
                82331.73780632284,
                97599.12189023283
            ],
            "Temperature": [
                640.1574803149606,
                640.1574803149606,
                640.1574803149606,
                640.1574803149606,
                640.1574803149606,
                640.1574803149606,
                640.1574803149606,
                640.1574803149606,
                640.1574803149606,
                640.1574803149606,
                637.007874015748,
                627.5590551181102,
                611.8110236220473,
                605.511811023622,
                597.6377952755905,
                586.6141732283464,
                577.1653543307086,
                566.1417322834645,
                555.1181102362204,
                548.8188976377953,
                544.0944881889764,
                540.9448818897638,
                536.2204724409448,
                531.496062992126,
                528.3464566929133,
                520.4724409448819,
                518.8976377952756,
                517.3228346456692
            ]
        }
    },
    "Bainite": {
        "1": {
            "Time": [
                987.9226786051265,
                551.346728684658,
                382.92476672851274,
                286.0647725820658,
                203.56688168913624,
                180.27548617599763,
                137.98811712539455,
                110.88042483739392,
                91.2897806556601,
                75.16046285338537,
                63.40314749969147,
                52.20091316040216,
                48.53061904803198,
                47.365458038773276,
                46.22827112512941,
                45.118386683162356,
                46.22827112512941,
                50.947632863235505,
                54.80072191516083,
                63.40314749969147,
                64.96282576291959
            ],
            "Temperature": [
                203.93700787401576,
                235.43307086614175,
                249.6062992125984,
                262.2047244094488,
                274.80314960629914,
                285.82677165354323,
                301.5748031496063,
                314.17322834645665,
                326.771653543307,
                340.9448818897638,
                356.6929133858267,
                377.1653543307086,
                383.46456692913387,
                397.6377952755905,
                414.9606299212598,
                437.00787401574803,
                448.0314960629921,
                460.6299212598425,
                468.503937007874,
                479.5275590551181,
                482.67716535433067
            ]
        },
        "10": {
            "Time": [
                7795.080068446323,
                4794.44991642967,
                2741.54085968795,
                1770.194993685262,
                1143.0033240595367,
                774.7865234576599,
                593.0442114668797,
                453.933343064391,
                347.4538254676517,
                265.9512958821807,
                218.96232361823505,
                180.27548617599763,
                155.81603083820625,
                134.67519062725108,
                128.2860459699312,
                128.2860459699312,
                131.44180345619418,
                155.81603083820625,
                224.34866152227917,
                300.3119122422788,
                392.34447945052034,
                525.1902109956936,
                774.7865234576599,
                964.2038592730698,
                1171.1204997776952,
                1493.284235180661,
                1645.7309590599305
            ],
            "Temperature": [
                200.78740157480308,
                225.98425196850394,
                249.6062992125984,
                273.22834645669286,
                290.5511811023622,
                306.29921259842513,
                325.19685039370074,
                337.7952755905511,
                350.3937007874016,
                362.99212598425197,
                374.01574803149606,
                385.03937007874015,
                396.06299212598424,
                407.0866141732283,
                424.4094488188976,
                440.1574803149606,
                446.4566929133858,
                455.9055118110236,
                463.7795275590551,
                468.503937007874,
                471.6535433070866,
                474.8031496062992,
                477.95275590551176,
                479.5275590551181,
                481.1023622047244,
                484.251968503937,
                484.251968503937
            ]
        },