{
    "Ferrite": {},
    "Pearlite": {
        "1": {
            "Time": [
                88753.71253757871,
                66655.22471363275,
                50058.96491083371,
                39432.55541228865,
                31061.897286787476,
                22777.861786226644,
                17106.478731401407,
                13157.427463875623,
                9648.41463054935,
                5441.909252318258,
                4496.242650475461,
                3627.3168408447063,
                2996.980642344616,
                2476.18098023571,
                2305.1240428519354,
                2145.883881406861,
                1950.5426028668894,
                1904.5516114940826,
                1650.503996692347,
                1611.5874844556536,
                1573.588567649025,
                1772.9833746196925,
                1904.5516114940826,
                2045.8831666274205,
                2417.796191340484,
                2857.317816685046,
                3896.4900819288705,
                5065.976984987224,
                7246.088382581968,
                9198.787151679999,
                10614.675837582266,
                14824.650245818959,
                20216.1979719546,
                25058.999679440818,
                38502.79242576954,
                53773.703496291724,
                73330.55536152155,
                86661.027547453
            ],
            "Temperature": [
                674.7572815533981,
                674.7572815533981,
                668.5436893203884,
                662.3300970873786,
                657.6699029126214,
                646.7961165048544,
                639.0291262135922,
                629.7087378640776,
                621.9417475728155,
                609.5145631067961,
                603.3009708737864,
                593.9805825242718,
                587.7669902912621,
                581.5533980582525,
                580.0,
                576.8932038834952,
                572.2330097087379,
                569.126213592233,
                561.3592233009708,
                556.6990291262136,
                548.9320388349515,
                538.0582524271845,
                534.9514563106795,
                528.7378640776699,
                522.5242718446602,
                516.3106796116505,
                510.09708737864077,
                505.4368932038835,
                497.66990291262135,
                491.45631067961165,
                491.45631067961165,
                486.79611650485435,
                482.1359223300971,
                479.02912621359224,
                472.81553398058253,
                466.6019417475728,
                463.49514563106794,
                460.3883495145631
            ]
        },
        "10": {
            "Time": [
                88753.71253757871,
                73330.55536152155,
                57764.10265089799,
                43381.61337134745,
                37594.95191427295,
                29614.37631046706,
                23891.220797594266,
                19739.52907728264,
                15182.634958570055,
                11959.697835837525,
                9198.787151679999,
                7421.06646470834,
                6279.534649342152,
                5707.90431199401,
                4946.528528199387,
                4604.817632481773,
                4716.014476258919,
                5441.909252318258,
                6431.172453295691,
                8164.265105545795,
                10614.675837582266,
                13800.549306075038,
                18819.643787010715,
                23327.900146216034,
                29614.37631046706,
                48878.64645997704,
                60587.55398375441,
                73330.55536152155,
                90896.93155195778
            ],
            "Temperature": [
                659.2233009708738,
                654.5631067961165,
                648.3495145631068,
                642.1359223300972,
                639.0291262135922,
                631.2621359223301,
                623.495145631068,
                618.8349514563107,
                611.0679611650485,
                601.747572815534,
                593.9805825242718,
                589.3203883495146,
                580.0,
                575.3398058252427,
                566.0194174757282,
                561.3592233009708,
                558.252427184466,
                550.4854368932039,
                541.1650485436894,
                530.2912621359224,
                522.5242718446602,
                516.3106796116505,
                508.54368932038835,
                505.4368932038835,
                500.77669902912623,
                494.56310679611653,
                489.90291262135923,
                489.90291262135923,
                488.3495145631068
            ]
        },
        "50": {
            "Time": [
                88753.71253757871,
                62050.61838996414,
                53773.703496291724,
                45502.06307061911,
                32580.1716348798,
                30329.50238906006,
                25058.999679440818,
                18375.90363297585,
                16309.29668659388,
                13475.15218675921,
                12248.499859720661,
                10614.675837582266,
                10364.397036107297,
                11133.510533631934,
                14824.650245818959,
                15924.746909466623,
                19739.52907728264,
                25058.999679440818,
                26918.559364464447,
                31061.897286787476,
                34172.65770850814,
                40384.770256365045,
                48878.64645997704,
                63549.012782548416,
                73330.55536152155,
                88753.71253757871
            ],
            "Temperature": [
                631.2621359223301,
                623.495145631068,
                618.8349514563107,
                615.7281553398059,
                606.4077669902913,
                603.3009708737864,
                597.0873786407767,
                587.7669902912621,
                583.1067961165049,
                575.3398058252427,
                572.2330097087379,
                566.0194174757282,
                561.3592233009708,
                556.6990291262136,
                544.2718446601941,
                542.7184466019418,
                536.504854368932,
                530.2912621359224,
                528.7378640776699,
                524.0776699029127,
                522.5242718446602,
                516.3106796116505,
                511.65048543689323,
                508.54368932038835,
                505.4368932038835,
                505.4368932038835
            ]
        },
        "90": {
            "Time": [
                88753.71253757871,
                60587.55398375441,
                53773.703496291724,
                44429.18981624877,
                38502.79242576954,
                31061.897286787476,
                25664.122812420253,
                23891.220797594266,
                21716.386615316365,
                21716.386615316365,
                23327.900146216034,
                26283.858420388762,
                32580.1716348798,
                44429.18981624877,
                53773.703496291724,
                60587.55398375441,
                75101.33695580404,
                93091.90488299883
            ],