{
    "Ferrite": {
        "1": {
            "Time": [
                99999.99999999997,
                58338.79397552113,
                47956.895791546056,
                22442.117392363554,
                15926.768208766642,
                11302.9417474705,
                6757.51835538622,
                5289.373746757306,
                3662.9398513760925,
                2599.5227168436545,
                2299.8638539612093,
                1632.1721285632748,
                1341.712835479912,
                1130.2941747470497,
                763.7983632839308,
                479.5689579154607,
                324.06960357871674,
                247.52383280349625,
                189.05829836907583,
                167.26468435651756,
                151.65302021262912,
                144.4024188595452,
                140.90816855117313,
                171.4125253291313,
                213.69149333415612,
                247.52383280349625,
                308.57568527160527,
                375.3773681925605,
                456.6405432338168,
                542.0539995213583,
                675.7518355386219,
                802.1495037291359,
                975.801996005546,
                1158.3232862547102,
                1341.712835479912,
                1714.1252532913127,
                2136.9149333415608,
                2867.1261943930717,
                3753.773681925604,
                4795.689579154605,
                5289.373746757306
            ],
            "Temperature": [
                706.2992125984251,
                706.2992125984251,
                707.8740157480315,
                707.8740157480315,
                709.4488188976378,
                706.2992125984251,
                701.5748031496063,
                700.0,
                693.7007874015748,
                685.8267716535433,
                685.8267716535433,
                682.6771653543307,
                682.6771653543307,
                679.5275590551181,
                673.2283464566929,
                666.9291338582677,
                657.4803149606299,
                651.1811023622047,
                644.8818897637796,
                633.8582677165355,
                627.5590551181102,
                619.6850393700787,
                607.0866141732283,
                592.9133858267717,
                583.4645669291339,
                572.4409448818897,
                566.1417322834645,
                558.267716535433,
                550.3937007874015,
                542.5196850393701,
                534.6456692913385,
                526.7716535433071,
                520.4724409448819,
                517.3228346456692,
                512.5984251968504,
                504.7244094488189,
                498.42519685039366,
                488.97637795275585,
                481.1023622047244,
                474.8031496062992,
                473.22834645669286
            ]
        }
    },
    "Pearlite": {
        "1": {
            "Time": [
                105021.10796366663,
                55549.58913183829,
                35743.04018221049,
                30110.876960681144,
                23568.960335966935,
                16726.46843565175,
                12164.839490258508,
                10502.110796366658,
                6593.999899229983,
                4566.405432338167,
                3162.277660168379,
                2663.985857258771,
                2085.205857248753,
                1756.6322474314454,
                1277.564921467114,
                999.9999999999998,
                782.739086833749,
                709.6820647674754,
                643.4438263328993,
                627.8737700530891,
                627.8737700530891,
                643.4438263328993,
                709.6820647674754,
                802.1495037291359,
                929.148449227118,
                1076.2542851272228,
                1246.6504003942787,
                1554.1372208032171,
                1800.1933328915447,
                2189.9062946059144,
                2797.747463288544,
                3403.414882518306,
                4566.405432338167,
                6434.438263328988,
                8847.25430195012,
                11583.232862547093,
                13749.847212572058,
                25366.19455757799,
                36629.39851376088,
                46796.43463562062,
                64344.382633289904,
                90666.49113412797,
                107625.42851272227
            ],
            "Temperature": [
                695.275590551181,
                696.8503937007874,
                693.7007874015748,
                693.7007874015748,
                692.1259842519685,
                688.9763779527559,
                687.4015748031496,
                685.8267716535433,
                682.6771653543307,
                677.9527559055118,
                673.2283464566929,
                670.0787401574803,
                666.9291338582677,
                662.2047244094488,
                655.9055118110236,
                651.1811023622047,
                646.4566929133858,
                643.3070866141732,
                633.8582677165355,
                627.5590551181102,
                625.9842519685039,
                616.5354330708661,
                610.2362204724409,
                602.3622047244094,
                596.0629921259842,
                589.7637795275591,
                583.4645669291339,
                575.5905511811023,
                569.2913385826771,
                564.5669291338583,
                558.267716535433,
                553.5433070866142,
                544.0944881889764,
                536.2204724409448,
                528.3464566929133,
                517.3228346456692,
                512.5984251968504,
                500.0,
                492.1259842519685,
                484.251968503937,
                476.3779527559055,
                465.3543307086614,
                459.0551181102362
            ]
        },
        "99": {
            "Time": [
                99999.99999999997,
                56927.111605869904,
                47956.895791546056,
                37537.73681925603,
                26639.858572587713,
                18448.346490995616,
                13749.847212572058,
                9291.484492271178,
                7637.983632839308,
                5289.373746757306,
                3942.254711206793,
                2663.985857258771,
                2189.9062946059144,
                1844.8346490995625,
                1592.6768208766646,
                1554.1372208032171,
                1592.6768208766646,
                1756.6322474314454,
                1937.4657885819825,
                2189.9062946059144,
                2867.1261943930717,
                3753.773681925604,
                5289.373746757306,
                7096.820647674753,
                8847.25430195012,
                14798.33198237528,
                22998.638539612086,
                34034.148825183074,
                45664.05432338168,
                59785.48334019763,
                99999.99999999997
            ],