{
    "Ferrite": {
        "1": {
            "Time": [
                95490.44557518081,
                37945.32847236941,
                25049.415421745056,
                13129.145852124651,
                7722.813571388655,
                4648.733708020256,
                2798.296875655115,
                1646.0115023085507,
                903.4660211810534,
                507.47052394904716,
                211.17830444482433,
                98.62521794868779,
                76.51869154570821,
                49.36132098237917,
                32.58562476153225,
                23.59095330508636,
                18.303116756206126,
                13.250872919979532,
                11.01752813788387,
                10.766241770454931,
                10.280732238308653,
                8.74749630155442,
                8.547984528840411
            ],
            "Temperature": [
                787.1287128712871,
                787.1287128712871,
                787.1287128712871,
                787.1287128712871,
                778.2178217821782,
                772.2772277227723,
                767.8217821782179,
                761.8811881188119,
                754.4554455445544,
                747.029702970297,
                736.6336633663366,
                724.7524752475248,
                718.8118811881188,
                708.4158415841584,
                696.5346534653465,
                686.1386138613861,
                675.7425742574258,
                659.4059405940594,
                647.5247524752475,
                640.09900990099,
                635.6435643564357,
                617.8217821782177,
                607.4257425742574
            ]
        },
        "10": {
            "Time": [
                95490.44557518081,
                69132.03779678125,
                45637.16281924759,
                29440.004751000357,
                17317.17133723354,
                12251.135766041201,
                8087.524908770454,
                5991.769669310618,
                2551.6060737271864,
                1805.148879221109,
                1013.9394576752923,
                751.1929493320972,
                543.83974284648,
                412.31625910297527,
                248.19302891862552,
                163.84336455779854,
                108.16036303107106,
                82.00260619934132,
                58.01323103833381,
                47.135345347869126,
                41.0418050290471,
                34.92095984787271,
                34.92095984787271,
                36.57010880777492,
                42.98001206490797,
                45.009751296080466,
                50.51342468816766,
                60.752916890160726,
                66.6265452458115
            ],
            "Temperature": [
                754.4554455445544,
                752.970297029703,
                752.970297029703,
                748.5148514851485,
                742.5742574257426,
                741.0891089108911,
                739.6039603960396,
                736.6336633663366,
                729.2079207920792,
                724.7524752475248,
                715.8415841584158,
                711.3861386138614,
                705.4455445544554,
                703.9603960396039,
                695.049504950495,
                690.5940594059406,
                683.1683168316831,
                677.2277227722773,
                666.8316831683169,
                660.8910891089109,
                654.950495049505,
                643.0693069306931,
                641.5841584158416,
                632.6732673267327,
                616.3366336633663,
                611.8811881188119,
                605.940594059406,
                598.5148514851485,
                595.5445544554456
            ]
        }
    },
    "Pearlite": {
        "1": {
            "Time": [
                97719.21283717998,
                57480.30158125352,
                38830.98049059608,
                27471.207892708117,
                18991.405823619363,
                10667.339377348579,
                7546.6726308439,
                5463.550352214882,
                3690.9169106627774,
                2436.5400091254664,
                2025.8777117350169,
                1571.7837177731626,
                1247.936205471311,
                1277.0633013086444,
                1400.53054539322,
                1723.7447080636207,
                2171.067602537268,
                2998.844231231029,
                4757.236139187897,
                6571.057546036273,
                8667.138797389236,
                10916.317341936154,
                13435.58290220826,
                18558.252277555195,
                21811.0892419152,
                26844.64810961963
            ],
            "Temperature": [
                687.6237623762377,
                687.6237623762377,
                686.1386138613861,
                684.6534653465346,
                683.1683168316831,
                677.2277227722773,
                675.7425742574258,
                671.2871287128713,
                665.3465346534654,
                657.9207920792079,
                654.950495049505,
                649.009900990099,
                637.1287128712871,
                628.2178217821782,
                625.2475247524753,
                616.3366336633663,
                610.3960396039604,
                604.4554455445544,
                594.059405940594,
                589.6039603960396,
                585.1485148514852,
                580.6930693069307,
                577.7227722772277,
                577.7227722772277,
                574.7524752475247,
                574.7524752475247
            ]
        },
        "99": {
            "Time": [
                97719.21283717998,
                75815.76457522126,
                66014.49092734895,
                56169.298241638164,
                44596.27626819092,
                35407.739089652765,
                30127.14070881166,
                25049.415421745056,
                22841.12207303825,
                20827.506301905145,
                21811.0892419152,
                30127.14070881166,
                33039.85069871856,
                45637.16281924759,
                61599.77960380168,
                74086.56834939563,
                87072.24849239926,
                97719.21283717998
            ],
            "Temperature": [
                660.8910891089109,
                660.8910891089109,
                660.8910891089109,
                657.9207920792079,
                654.950495049505,
                653.4653465346535,
                650.4950495049504,
                647.5247524752475,
                643.0693069306931,
                635.6435643564357,
                629.7029702970297,
                622.2772277227723,
                620.7920792079208,
                616.3366336633663,
                610.3960396039604,
                607.4257425742574,
                605.940594059406,
                604.4554455445544
            ]
        }
    },
    "Bainite": {
        "1": {
            "Time": [
                2.7598263924661803,
                2.1412201548157297,
                2.044660666579117,
                1.7803320164301142,
                1.6233824316122787,
                1.4465073385216465,
                1.4135155848353955,
                1.4802691267395092,
                1.5863565335085905,
                1.7000469752067175,
                1.9079242247652657,
                2.242339683219846,
                2.516527051405392,
                2.7598263924661803,
                3.3192662047331893
            ],