{
    "Ferrite": {
        "1": {
            "Time": [
                7.872820437903267,
                7.6903666658314,
                7.6903666658314,
                7.338046307100581,
                6.83959757876725,
                6.681088898486457,
                7.001866873837949,
                7.6903666658314,
                9.277125718460164,
                12.006867974590323,
                14.484253940730065,
                19.190916817960158,
                26.03026653577135,
                40.640711583628296,
                55.12444062782927,
                88.10695320078673,
                147.58518698358407,
                241.48605513737715,
                395.13121890951624,
                744.2013057743991,
                1730.9686634336756,
                2702.538528148882,
                5723.180914595642,
                8135.550877423663,
                13003.281162691992,
                18055.900158147415,
                34006.99269399552,
                53094.66885419552,
                82896.00571574293,
                104801.28284813213
            ],
            "Temperature": [
                602.2556390977444,
                606.7669172932331,
                608.2706766917294,
                617.2932330827068,
                627.8195488721805,
                639.8496240601504,
                647.3684210526316,
                653.3834586466165,
                662.406015037594,
                669.9248120300751,
                678.9473684210526,
                684.9624060150376,
                686.4661654135339,
                690.9774436090225,
                696.9924812030075,
                703.0075187969925,
                709.0225563909775,
                712.0300751879699,
                715.0375939849624,
                719.5488721804511,
                730.0751879699249,
                734.5864661654135,
                739.0977443609022,
                743.609022556391,
                745.1127819548872,
                749.624060150376,
                754.1353383458647,
                755.6390977443609,
                755.6390977443609,
                757.1428571428571
            ]
        },
        "10": {
            "Time": [
                93207.33738282608,
                68717.47763624495,
                47220.91732687824,
                34813.8078126306,
                26275.557222466876,
                20301.85125640445,
                16439.39940554057,
                13627.605470850744,
                10779.200695859296,
                7762.835202325626,
                6587.752445278738,
                5590.545354778935,
                4219.437734731103,
                2968.2815432634884,
                2088.120710386582,
                1434.9038821776996,
                1009.4232875548327,
                798.4363963941763,
                646.5329025649171,
                487.9676583780288,
                351.418683345277,
                291.31205183208954,
                209.7936122195544,
                169.8801227755208,
                134.37224474625484,
                101.41681785985466,
                82.12214512758598,
                69.69107913223684,
                64.95719925251628,
                60.544875861727476,
                55.12444062782927,
                51.3800233563765,
                50.18928375492708,
                49.02613971894923,
                50.18928375492708,
                51.3800233563765,
                53.84692360515248,
                57.771120940822016,
                59.141739454930764
            ],
            "Temperature": [
                718.0451127819549,
                716.5413533834587,
                715.0375939849624,
                713.5338345864661,
                710.5263157894738,
                710.5263157894738,
                710.5263157894738,
                710.5263157894738,
                709.0225563909775,
                707.5187969924812,
                706.015037593985,
                706.015037593985,
                704.5112781954888,
                703.0075187969925,
                700.0,
                696.9924812030075,
                695.4887218045113,
                692.4812030075188,
                687.9699248120301,
                684.9624060150376,
                683.4586466165414,
                681.9548872180451,
                677.4436090225564,
                675.9398496240601,
                672.9323308270677,
                666.9172932330828,
                665.4135338345865,
                660.9022556390978,
                656.390977443609,
                650.375939849624,
                644.3609022556391,
                638.3458646616541,
                633.8345864661654,
                624.812030075188,
                621.8045112781955,
                618.796992481203,
                611.2781954887218,
                608.2706766917294,
                602.2556390977444
            ]
        }
    },
    "Pearlite": {
        "1": {
            "Time": [
                95418.67931608256,
                75474.52827878812,
                61115.40763694414,
                47220.91732687824,
                30244.870628136927,
                19371.758345576673,
                14281.905354933817,
                11034.936984171432,
                8935.52682495092,
                6285.946379897906,
                4634.338796838754,
                3184.6007263054935,
                2039.7282056728736,
                1730.9686634336756,
                1246.588207582704,
                1134.984202349049,
                798.4363963941763,
                693.6502218805406,
                575.0083275773569,
                395.13121890951624,
                351.418683345277,
                253.08048368331936,
                253.08048368331936,
                195.5430399490979,
                169.8801227755208,
                147.58518698358407,
                134.37224474625484,
                125.24479150951842,
                125.24479150951842,
                128.2162213042506,
                147.58518698358407,
                158.34073918173894,
                182.26046097398986,
                209.7936122195544,
                247.2153062351604,
                277.9661125467622,
                319.9570247665209,
                359.7560835160326,
                395.13121890951624,
                414.10258635063457
            ],
            "Temperature": [
                701.5037593984962,
                701.5037593984962,
                701.5037593984962,
                696.9924812030075,
                692.4812030075188,
                692.4812030075188,
                692.4812030075188,
                690.9774436090225,
                690.9774436090225,
                687.9699248120301,
                684.9624060150376,
                683.4586466165414,
                677.4436090225564,
                675.9398496240601,
                674.4360902255639,
                672.9323308270677,
                671.4285714285714,
                671.4285714285714,
                669.9248120300751,
                668.421052631579,
                665.4135338345865,
                660.9022556390978,
                660.9022556390978,
                656.390977443609,
                650.375939849624,
                644.3609022556391,
                633.8345864661654,
                621.8045112781955,
                614.2857142857142,
                606.7669172932331,
                594.7368421052631,
                593.2330827067669,
                588.7218045112782,
                582.7067669172932,
                581.203007518797,
                576.6917293233082,
                570.6766917293234,
                567.6691729323309,
                566.1654135338347,
                563.1578947368421
            ]
        },