{
    "Ferrite": {
        "1": {
            "Time": [
                88742.72903135758,
                56368.61243536859,
                39394.508337787964,
                26247.451199286916,
                19241.20936217161,
                12819.875791276847,
                8747.998777869961,
                6567.912916845579,
                4590.137826458048,
                2846.7992744805906,
                2296.126710135635,
                1683.220759850171,
                1095.0125259435897,
                729.5760005651111,
                474.6227460489123,
                308.76392712003184,
                200.86513654101094,
                165.92698140770003,
                115.96190805697789,
                75.43855499145135,
                68.56454290369837,
                51.47759600904551,
                36.84597401556795,
                33.48854397469895,
                29.71864783601408,
                29.71864783601408,
                29.017206585383644,
                31.9263578809871,
                35.12716927267214,
                36.84597401556795,
                40.54000682088819
            ],
            "Temperature": [
                773.2891832229581,
                773.2891832229581,
                773.2891832229581,
                773.2891832229581,
                768.6534216335541,
                760.9271523178808,
                753.2008830022075,
                750.1103752759382,
                747.0198675496689,
                742.384105960265,
                739.2935982339956,
                737.7483443708609,
                733.1125827814569,
                725.3863134657837,
                716.1147902869757,
                708.3885209713025,
                702.2075055187638,
                697.5717439293599,
                691.3907284768212,
                685.2097130242826,
                680.5739514348786,
                674.39293598234,
                666.6666666666667,
                662.0309050772627,
                651.2141280353201,
                646.5783664459161,
                637.3068432671082,
                632.6710816777043,
                624.9448123620309,
                617.2185430463576,
                603.3112582781457
            ]
        },
        "10": {
            "Time": [
                88742.72903135758,
                71576.71855751287,
                55038.15923907428,
                34134.61593405957,
                22206.13772574666,
                11651.720049657511,
                7401.071601623591,
                5425.500827110066,
                3977.269888662406,
                2587.3970016453864,
                1458.479788021835,
                1204.7941859795853,
                617.243366867882,
                339.71938714936863,
                267.53825625041526,
                210.69365265880978,
                182.5621696198187,
                158.18675767260655,
                150.80760278213984,
                147.2481315005463,
                143.77267346212318,
                137.0659121497177,
                137.0659121497177,
                143.77267346212318,
                154.4531181831078,
                174.04594141851464,
                191.4951047100371,
                226.34545808258218
            ],
            "Temperature": [
                736.2030905077263,
                736.2030905077263,
                733.1125827814569,
                726.9315673289184,
                725.3863134657837,
                725.3863134657837,
                720.7505518763796,
                716.1147902869757,
                714.5695364238411,
                708.3885209713025,
                703.7527593818985,
                700.6622516556291,
                689.8454746136865,
                677.4834437086092,
                671.3024282560707,
                663.5761589403974,
                657.3951434878587,
                654.3046357615895,
                649.6688741721855,
                646.5783664459161,
                643.4878587196467,
                635.7615894039735,
                629.5805739514349,
                621.8543046357615,
                618.7637969094923,
                612.5827814569536,
                603.3112582781457,
                590.9492273730684
            ]
        }
    },
    "Pearlite": {
        "1": {
            "Time": [
                86648.15826960566,
                51232.26639461397,
                33328.94577629545,
                21170.257528135837,
                11933.380417604309,
                7226.386099480487,
                6261.530464650636,
                4814.737497596341,
                3364.8906421245874,
                2408.478304681603,
                1851.9738698332428,
                1493.7360379133938,
                1493.7360379133938,
                1390.444078719906,
                1294.2947662613353,
                1529.8445472374278,
                1723.909737660708,
                2351.6316391309306,
                3058.2795339113845,
                3791.7367189999204,
                4481.798038075912,
                4931.125526948298,
                6567.912916845579,
                7950.8752201673715,
                9625.038816293136
            ],
            "Temperature": [
                694.4812362030905,
                694.4812362030905,
                691.3907284768212,
                685.2097130242826,
                677.4834437086092,
                672.8476821192053,
                671.3024282560707,
                668.2119205298013,
                662.0309050772627,
                654.3046357615895,
                643.4878587196467,
                634.2163355408388,
                632.6710816777043,
                624.9448123620309,
                615.673289183223,
                606.4017660044151,
                604.8565121412803,
                594.0397350993378,
                587.8587196467992,
                580.1324503311258,
                573.9514348785872,
                572.4061810154526,
                566.225165562914,
                563.1346578366447,
                556.9536423841059
            ]
        },
        "99": {
            "Time": [
                93084.99249052223,
                62019.908379903834,
                42321.00930963616,
                34959.761787438736,
                23292.704495421003,
                17075.174286628153,
                13129.774322739539,
                9176.046414544953,
                6889.286944589493,
                5969.440255395184,
                5828.545162811805,
                6261.530464650636,
                6889.286944589493,
                7950.8752201673715,
                8541.522115906006,
                10096.000829758616,
                10846.00273324037,
                13772.226272223363,
                16278.645185857742,
                18343.63824906224,
                21682.01223040217,
                26881.938359204098,
                34134.61593405957,
                43344.04719616539,
                59126.780554532765,
                82606.1626547237,
                93084.99249052223
            ],