{
    "Ferrite": {
        "1": {
            "Time": [
                93247.16301051511,
                65737.58799840751,
                48555.09607777643,
                29077.880876220886,
                17824.286152558132,
                10674.316628218581,
                7182.494525483936,
                4402.756798419295,
                2239.7648728742533,
                1113.1628510809117,
                593.3068359712798,
                418.2707449804195,
                301.8263035836407,
                207.88050596071702,
                176.58896565728344,
                157.1651586617298,
                150.00763370184407,
                160.87098937790563,
                189.3773064574312,
                239.07959425821517,
                331.3163856585102,
                540.497291844452,
                682.3514160651692,
                1037.992778319915,
                1372.9408335669314,
                1947.4830399087577,
                2698.821051272746,
                3487.467117629757,
                5182.924694477587,
                6697.47237839934,
                9500.200990674519
            ],
            "Temperature": [
                741.5948275862069,
                740.0862068965517,
                734.051724137931,
                732.5431034482758,
                729.5258620689656,
                726.5086206896551,
                723.4913793103449,
                721.9827586206897,
                718.9655172413793,
                711.4224137931035,
                702.3706896551724,
                697.8448275862069,
                690.301724137931,
                679.7413793103449,
                670.6896551724138,
                664.6551724137931,
                654.0948275862069,
                643.5344827586207,
                635.9913793103449,
                625.4310344827586,
                614.8706896551724,
                605.8189655172414,
                601.2931034482758,
                595.2586206896551,
                590.7327586206897,
                586.2068965517242,
                583.1896551724137,
                580.1724137931035,
                577.1551724137931,
                574.1379310344828,
                572.6293103448277
            ]
        }
    },
    "Pearlite": {
        "1": {
            "Time": [
                95445.85770737445,
                53299.19475799628,
                46343.82791207352,
                37574.98236437431,
                26489.692876105248,
                20499.387768957986,
                15141.257429181314,
                12565.804059158945,
                8654.599266552383,
                6245.202986270244,
                4301.334712047297,
                3251.9641481143317,
                2636.6508987303614,
                1815.9726848258506,
                1280.22837711408,
                1062.4678308940415,
                784.759970351462,
                621.6161185226988,
                528.0463740383714,
                503.9983907936147,
                553.2417924906682,
                784.759970351462,
                1087.5199859403806,
                1405.3136976027533,
                1733.270704763672,
                2292.5767653673875,
                2827.593691438135,
                3653.869535461573,
                5063.530628420713,
                6392.459956277742,
                7182.494525483936,
                11183.635292947689,
                14118.792996830425,
                15863.713515575073,
                19115.09752907781,
                23575.97355122095
            ],
            "Temperature": [
                717.4568965517242,
                712.9310344827586,
                711.4224137931035,
                711.4224137931035,
                708.4051724137931,
                706.8965517241379,
                705.3879310344828,
                702.3706896551724,
                699.3534482758621,
                696.3362068965517,
                693.3189655172414,
                688.7931034482758,
                684.2672413793103,
                679.7413793103449,
                678.2327586206897,
                672.198275862069,
                666.1637931034483,
                660.1293103448276,
                654.0948275862069,
                645.0431034482758,
                642.0258620689656,
                635.9913793103449,
                631.4655172413793,
                626.9396551724137,
                620.9051724137931,
                614.8706896551724,
                610.344827586207,
                604.3103448275863,
                598.2758620689656,
                589.2241379310344,
                586.2068965517242,
                578.6637931034483,
                578.6637931034483,
                575.6465517241379,
                572.6293103448277,
                568.1034482758621
            ]
        },
        "99": {
            "Time": [
                93247.16301051511,
                67287.62857283387,
                64223.254222293646,
                54555.94781168517,
                38460.97086838735,
                30465.31465552982,
                25283.314569648013,
                18244.568788229488,
                15498.276359715152,
                12565.804059158945,
                9953.497426573482,
                8858.667904100837,
                7702.641338990667,
                8070.168285988943,
                9724.208251195056,
                10674.316628218581,
                12565.804059158945,
                15498.276359715152,
                19115.09752907781,
                24700.887097166706,
                32671.572701996763,
                42218.81825982125,
                57159.05239067278,
                68874.21788376711,
                95445.85770737445
            ],
            "Temperature": [
                666.1637931034483,
                663.1465517241379,
                663.1465517241379,
                663.1465517241379,
                658.6206896551724,
                657.1120689655172,
                657.1120689655172,
                655.6034482758621,
                652.5862068965517,
                649.5689655172414,
                646.551724137931,
                645.0431034482758,
                640.5172413793103,
                634.4827586206897,
                632.9741379310344,
                629.9568965517242,
                628.448275862069,
                623.9224137931035,
                619.3965517241379,
                613.3620689655172,
                610.344827586207,
                604.3103448275863,
                598.2758620689656,
                593.75,
                586.2068965517242
            ]
        }
    },
    "Bainite": {
        "1": {
            "Time": [
                32.21789531176602,
                27.36824591832825,
                23.248597631780974,
                18.849665324754604,
                15.283067326587688,
                12.391315330265853,
                10.774290078442954,
                8.941636362467863,
                8.534421519231937,
                8.337822234717894,
                8.534421519231937,
                9.368281219580881,
                10.283613577250433,
                13.922739466795784,
                18.415443660424444,
                24.357890630579643,
                42.614231012959166,
                76.31169378899253,
                157.1651586617298,
                244.71690288028645,
                355.30988285525575,
                553.2417924906682,
                749.020884646091,
                1405.3136976027533,
                1902.6207406437743,
                2575.9129003744547,
                3407.1296819233976,
                4105.445808778568,
                5305.133978621548
            ],