{
    "Ferrite": {
        "1": {
            "Time": [
                88786.53499529709,
                65170.27997874931,
                47835.69257132907,
                30441.852292673957,
                18917.315375107646,
                14912.61202002068,
                10437.465219901476,
                7481.125531268569,
                4992.833774831464,
                3253.843749931229,
                2223.8599725966565,
                1449.2957704765813,
                990.5303081884679,
                559.6723921459848,
                356.1663556682192,
                232.11461117908667,
                113.70645607937266,
                70.65998708485209,
                41.869794220294864,
                27.943512223471973,
                16.956602636832077,
                12.153762454518418,
                7.73445562409293,
                5.6771743432948245,
                4.583075637954613,
                3.973503077522869,
                3.445006793326694,
                2.9165943695438066,
                2.7810889277570627,
                2.7157156655968824,
                2.7157156655968824,
                2.7157156655968824,
                3.058702162147368,
                3.2077339977133437,
                3.788893487796156
            ],
            "Temperature": [
                769.7674418604652,
                769.7674418604652,
                769.7674418604652,
                768.2170542635658,
                768.2170542635658,
                766.6666666666666,
                763.5658914728682,
                762.015503875969,
                758.9147286821706,
                754.2635658914728,
                751.1627906976744,
                749.6124031007752,
                746.5116279069767,
                741.8604651162791,
                737.2093023255813,
                731.0077519379845,
                724.8062015503876,
                718.6046511627907,
                709.3023255813953,
                703.1007751937984,
                693.7984496124031,
                686.046511627907,
                676.7441860465117,
                668.9922480620155,
                662.7906976744187,
                656.5891472868217,
                648.8372093023256,
                639.5348837209302,
                630.2325581395348,
                620.9302325581396,
                610.077519379845,
                597.6744186046511,
                579.0697674418604,
                575.968992248062,
                562.015503875969
            ]
        },
        "10": {
            "Time": [
                95353.98397522313,
                46711.24982522772,
                31925.097435450618,
                20805.675382171685,
                14562.0708757416,
                8425.968567942016,
                4760.8659175623225,
                2689.9986751959314,
                1593.9670474050322,
                780.8398753833276,
                496.9137243117115,
                308.794404054256,
                191.8924338572063,
                125.05683640277776,
                72.36092872555871,
                47.157819845669884,
                26.018919425175483,
                13.052763804649027,
                9.135741481888568,
                7.032462710685077,
                6.867155149380992,
                7.37511157636832,
                7.920641019561779,
                8.30656537813866,
                9.811502914399423
            ],
            "Temperature": [
                731.0077519379845,
                729.4573643410853,
                729.4573643410853,
                729.4573643410853,
                727.9069767441861,
                723.2558139534883,
                717.0542635658915,
                712.4031007751938,
                707.7519379844962,
                700.0,
                695.3488372093022,
                692.2480620155038,
                684.4961240310078,
                678.2945736434108,
                670.5426356589147,
                664.3410852713178,
                653.4883720930233,
                637.984496124031,
                628.6821705426356,
                616.2790697674418,
                600.7751937984497,
                588.3720930232557,
                583.7209302325582,
                577.5193798449612,
                560.4651162790698
            ]
        }
    },
    "Pearlite": {
        "1": {
            "Time": [
                90923.82259947111,
                46711.24982522772,
                32693.6049013006,
                21306.513849323706,
                11479.351529114208,
                6642.232137861873,
                3753.0138341600077,
                2070.6929385656163,
                1349.4763855634058,
                1142.4869279186098,
                780.8398753833276,
                533.6699231206308,
                308.794404054256,
                178.67595651192306,
                125.05683640277776,
                98.5829143695403,
                74.10281578084077,
                58.415611275627846,
                51.865197147952024,
                46.04931141614625,
                44.96685997870469,
                46.04931141614625,
                50.64603543891705,
                57.0424732101548,
                64.24676130584017,
                77.71339244734202
            ],
            "Temperature": [
                672.0930232558139,
                668.9922480620155,
                664.3410852713178,
                659.6899224806201,
                658.1395348837209,
                651.937984496124,
                650.3875968992248,
                647.2868217054263,
                644.1860465116279,
                644.1860465116279,
                641.0852713178294,
                636.4341085271317,
                633.3333333333333,
                624.031007751938,
                617.8294573643411,
                616.2790697674418,
                613.1782945736434,
                608.5271317829457,
                605.4263565891472,
                599.2248062015503,
                594.5736434108527,
                583.7209302325582,
                571.3178294573643,
                566.6666666666666,
                560.4651162790698,
                548.062015503876
            ]
        },
        "99": {
            "Time": [
                88786.53499529709,
                63638.36427638485,
                41473.30017281646,
                28345.187806809055,
                20805.675382171685,
                14219.769675857719,
                9718.591005592118,
                6333.632968333943,
                4760.8659175623225,
                3177.357745341629,
                2565.0209056800427,
                1632.3373477220925,
                1519.911082952933,
                1286.7794964395503,
                1256.5320014660874,
                1256.5320014660874,
                1349.4763855634058,
                1795.2801598682308,
                2120.5390819012177,
                2388.3566151258633,
                2754.7528727107406,
                3412.3836407052595,
                4030.62042031756,
                4648.955315699884,
                5113.0222891958765
            ],