{
    "Ferrite": {
        "1": {
            "Time": [
                91081.89310229645,
                70448.24566160256,
                62684.51116071596,
                45203.53656360241,
                31110.042794592773,
                24062.388941289868,
                18611.307139138473,
                12513.047211803061,
                9023.504797071826,
                6818.226112121774,
                4916.811627803809,
                3802.9595304778823,
                2679.11827244239,
                1977.6345676047936,
                1426.1270420848623,
                1077.5920062348039,
                814.2363882277822,
                644.6598589122526,
                498.6189303050334,
                376.76010453357605,
                327.501264936643,
                298.2943520382619,
                271.6921428536775,
                278.1115765153358,
                319.94180743144983,
                376.76010453357605,
                433.42787208962955,
                534.8040976681508,
                675.4832814152386,
                833.4748410745822,
                1052.718786338557,
                1155.7937044152354,
                1459.823003416699,
                1602.7587412759774,
                1759.6897546649334,
                1977.6345676047936,
                2121.1530613131827
            ],
            "Temperature": [
                722.3427331887202,
                723.8611713665944,
                723.8611713665944,
                723.8611713665944,
                722.3427331887202,
                720.824295010846,
                719.3058568329718,
                716.2689804772234,
                713.232104121475,
                708.6767895878525,
                707.1583514099783,
                707.1583514099783,
                707.1583514099783,
                704.1214750542299,
                701.0845986984816,
                696.5292841648591,
                691.9739696312365,
                687.418655097614,
                682.8633405639913,
                673.7527114967462,
                667.6789587852495,
                655.531453362256,
                641.8655097613882,
                634.2733188720174,
                625.1626898047723,
                614.5336225596529,
                608.4598698481561,
                600.8676789587853,
                588.7201735357918,
                582.6464208242951,
                575.054229934924,
                572.0173535791757,
                564.4251626898048,
                562.9067245119306,
                561.3882863340564,
                556.8329718004338,
                549.240780911063
            ]
        },
        "10": {
            "Time": [
                88979.52045792651,
                72112.76873118732,
                68822.14348609702,
                52002.514140777166,
                34963.149536530706,
                26418.41108228254,
                19961.944314634613,
                15439.775229322233,
                11397.120285294332,
                8412.969027604802,
                6660.8462908091515,
                4803.32068123108,
                3802.9595304778823,
                3154.901475636249,
                2440.191640990065,
                2024.3613289325197,
                1719.0722018585748,
                1529.6222015392766,
                1459.823003416699,
                1565.763505248121,
                1887.3918221350978,
                2328.8416490540662,
                2807.2162039411787,
                3383.8551534282387,
                3715.178767340438,
                4175.318936560405,
                4692.449358090981,
                5273.628509056509,
                6507.09914576001,
                7485.819497036636,
                9023.504797071826,
                10625.984262255011,
                13111.339374215646,
                15083.390881437701,
                19051.047686220805,
                21916.47937336444,
                23506.975493618713
            ],
            "Temperature": [
                714.7505422993493,
                714.7505422993493,
                714.7505422993493,
                713.232104121475,
                711.7136659436009,
                711.7136659436009,
                710.1952277657267,
                708.6767895878525,
                702.6030368763558,
                698.0477223427332,
                693.4924078091107,
                688.9370932754881,
                684.3817787418656,
                681.3449023861172,
                676.7895878524946,
                672.234273318872,
                663.123644251627,
                657.0498915401301,
                646.4208242950109,
                634.2733188720174,
                622.1258134490239,
                614.5336225596529,
                605.4229934924078,
                596.3123644251627,
                591.7570498915402,
                584.1648590021692,
                581.1279826464208,
                576.5726681127983,
                568.9804772234273,
                562.9067245119306,
                558.3514099783081,
                553.7960954446855,
                547.7223427331887,
                541.6485900216919,
                535.5748373101953,
                534.0563991323211,
                532.5379609544468
            ]
        }
    },
    "Pearlite": {
        "1": {
            "Time": [
                91081.89310229645,
                64165.59580594404,
                52002.514140777166,
                40221.89006431688,
                29690.43994204756,
                23506.975493618713,
                16178.004403459932,
                12513.047211803061,
                9678.347626813935,
                8218.778993349537,
                7313.0301357792305,
                6210.169418915607,
                5151.901435360779,
                4803.32068123108,
                3984.792208205739,
                3892.81434249953,
                3892.81434249953,
                3892.81434249953,
                4374.955408239391,
                5656.339871608228,
                7485.819497036636,
                8611.747306590163,
                10141.10297586798,
                13111.339374215646,
                14735.232676844189,
                17762.0423252402,
                22434.313212638128,
                24062.388941289868,
                33367.72303249997,
                35789.244898343546,
                45203.53656360241,
                61237.61324279522,
                86925.67524952926,
                95436.83413771469
            ],
            "Temperature": [
                698.0477223427332,
                698.0477223427332,
                698.0477223427332,
                698.0477223427332,
                698.0477223427332,
                696.5292841648591,
                693.4924078091107,
                690.4555314533623,
                684.3817787418656,
                681.3449023861172,
                676.7895878524946,
                670.7158351409978,
                664.6420824295011,
                661.6052060737527,
                649.4577006507593,
                646.4208242950109,
                635.7917570498915,
                622.1258134490239,
                616.0520607375272,
                603.9045553145336,
                594.7939262472885,
                588.7201735357918,
                585.6832971800434,
                579.6095444685467,
                575.054229934924,
                568.9804772234273,
                562.9067245119306,
                559.8698481561822,
                547.7223427331887,
                546.2039045553146,
                540.1301518438179,
                534.0563991323211,
                524.945770065076,
                521.9088937093276
            ]
        },