{
    "Ferrite": {
        "1": {
            "Time": [
                2.2086635025323873,
                2.5401437792255326,
                3.3598182862837818,
                4.1438965683454905,
                5.110954613006451,
                6.303694270690122,
                8.145751819393672,
                10.774290078442954,
                12.6834927909431,
                15.283067326587688,
                17.991224744181597,
                25.520112884582165,
                32.21789531176602,
                47.88086011515862,
                61.87254436032278,
                100.93657939619372,
                130.4321386719006,
                189.3773064574312,
                339.1285652102666,
                481.04558692433136,
                682.3514160651692,
                1139.4103547946359,
                1507.0846685644308,
                3032.3643102356737,
                4832.930238571757,
                8260.456501097075,
                11447.33660906647,
                17012.54279852591,
                27114.298980653082,
                36709.40352791573,
                59886.36255531957,
                79210.9870543349,
                91099.11753496405
            ],
            "Temperature": [
                623.644251626898,
                626.6811279826464,
                635.7917570498915,
                640.3470715835141,
                646.4208242950109,
                650.9761388286335,
                658.5683297180044,
                667.6789587852495,
                673.7527114967462,
                681.3449023861172,
                685.9002169197397,
                696.5292841648591,
                699.5661605206074,
                705.6399132321042,
                710.1952277657267,
                716.2689804772234,
                720.824295010846,
                723.8611713665944,
                732.9718004338395,
                737.527114967462,
                742.0824295010846,
                745.119305856833,
                746.6377440347071,
                751.1930585683297,
                752.7114967462039,
                758.7852494577007,
                763.3405639913233,
                766.3774403470716,
                770.9327548806941,
                773.9696312364425,
                773.9696312364425,
                778.5249457700651,
                778.5249457700651
            ]
        },
        "10": {
            "Time": [
                91099.11753496405,
                61298.435840055856,
                49699.98701928062,
                31918.949011839533,
                22502.290168826625,
                16620.64116413652,
                12565.804059158945,
                8654.599266552383,
                6697.47237839934,
                4721.598659170812,
                3328.6429026843766,
                2516.5740650423922,
                1654.3350905523423,
                861.4353152765394,
                515.8822760860685,
                233.57214690901216,
                157.1651586617298,
                100.93657939619372,
                40.67351829572089,
                25.520112884582165,
                17.57677815231044,
                9.815283182118703,
                8.145751819393672,
                6.919599707725773,
                6.303694270690122,
                5.481083228698459,
                5.878016072274914,
                6.604471290955849
            ],
            "Temperature": [
                749.6746203904555,
                748.1561822125814,
                746.6377440347071,
                742.0824295010846,
                740.5639913232104,
                736.0086767895879,
                734.4902386117137,
                729.9349240780912,
                728.4164859002169,
                723.8611713665944,
                720.824295010846,
                719.3058568329718,
                714.7505422993493,
                704.1214750542299,
                696.5292841648591,
                684.3817787418656,
                679.8264642082429,
                673.7527114967462,
                660.0867678958786,
                654.0130151843819,
                646.4208242950109,
                632.7548806941431,
                626.6811279826464,
                617.5704989154013,
                605.4229934924078,
                594.7939262472885,
                573.53579175705,
                565.9436008676789
            ]
        }
    },
    "Pearlite": {
        "1": {
            "Time": [
                91099.11753496405,
                72160.51019723357,
                57159.05239067278,
                38460.97086838735,
                26489.692876105248,
                19115.09752907781,
                14451.703020963685,
                9724.208251195056,
                6543.189129712969,
                4832.930238571757,
                2762.4571270698925,
                1993.403156873477,
                1542.6205386274921,
                1166.2767539831164,
                861.4353152765394,
                579.6393953384973,
                355.30988285525575,
                189.3773064574312,
                157.1651586617298,
                103.31658447809131,
                74.55377447774657,
                63.3314502484398,
                50.165466857614234,
                41.632567837735785,
                32.97756792033609,
                29.350218317357356,
                26.121857056211933,
                24.357890630579643,
                22.713041982219565,
                22.713041982219565,
                24.932230516395816,
                26.737789881697886,
                32.21789531176602
            ],
            "Temperature": [
                711.7136659436009,
                711.7136659436009,
                710.1952277657267,
                710.1952277657267,
                708.6767895878525,
                707.1583514099783,
                705.6399132321042,
                702.6030368763558,
                699.5661605206074,
                696.5292841648591,
                693.4924078091107,
                691.9739696312365,
                687.418655097614,
                684.3817787418656,
                679.8264642082429,
                673.7527114967462,
                667.6789587852495,
                661.6052060737527,
                658.5683297180044,
                650.9761388286335,
                644.9023861171366,
                640.3470715835141,
                634.2733188720174,
                629.7180043383948,
                620.6073752711497,
                616.0520607375272,
                608.4598698481561,
                597.8308026030369,
                585.6832971800434,
                576.5726681127983,
                565.9436008676789,
                556.8329718004338,
                544.6854663774404
            ]
        },