{
    "Ferrite": {
        "1": {
            "Time": [
                95353.98397522313,
                69990.8587837517,
                51374.049715216526,
                39546.444000783595,
                27028.265839051604,
                16401.215428119718,
                12929.158154130304,
                8628.800204229841,
                6184.752346670684,
                4227.007883975643,
                2388.3566151258633,
                1882.7531740411775,
                1381.9612567338272,
                1014.374556073151,
                645.5313751207941,
                420.69460451689235,
                287.5263729834206,
                206.08652048371772,
                162.45900972680917,
                128.0672301102812,
                98.5829143695403,
                77.71339244734202,
                59.82180380106276,
                43.90985302845273,
                30.732883225297307,
                24.22688181212674,
                19.55790417955069,
                17.36478543872344,
                15.055179934164386,
                14.355713861864121,
                13.366972600851811,
                13.052763804649027,
                14.701287537958786,
                16.55801472457224,
                17.782794100389225,
                21.00458230321308
            ],
            "Temperature": [
                752.6315789473684,
                751.0964912280701,
                749.561403508772,
                749.561403508772,
                749.561403508772,
                743.421052631579,
                741.8859649122807,
                738.8157894736842,
                735.7456140350877,
                732.6754385964912,
                728.0701754385965,
                726.5350877192982,
                720.3947368421052,
                717.3245614035088,
                715.7894736842105,
                709.6491228070175,
                703.5087719298245,
                698.9035087719299,
                694.2982456140351,
                688.1578947368421,
                683.5526315789473,
                678.9473684210526,
                672.8070175438596,
                666.6666666666666,
                658.9912280701755,
                652.8508771929825,
                645.1754385964912,
                639.0350877192982,
                626.7543859649122,
                619.078947368421,
                606.7982456140351,
                589.9122807017543,
                579.1666666666666,
                566.8859649122807,
                560.7456140350877,
                550.0
            ]
        }
    },
    "Pearlite": {
        "1": {
            "Time": [
                95353.98397522313,
                68345.62884722596,
                56502.29856868707,
                37709.109875277776,
                23997.46070781148,
                16796.028835690668,
                10946.019017531093,
                9049.228825585258,
                6965.867456138798,
                5113.0222891958765,
                3843.3571496916775,
                2388.3566151258633,
                1838.496510544708,
                1169.9891065890654,
                818.8854233780314,
                573.1449402772463,
                451.8129531656058,
                347.7941830600918,
                249.28389103097828,
                191.8924338572063,
                137.540231841842,
                116.4436211135287,
                85.47088125592512,
                64.24676130584017,
                53.11370676664855,
                47.157819845669884,
                40.88558799559006,
                38.98603702549073,
                34.6143514069168,
                36.300896893737566,
                38.98603702549073,
                43.90985302845273,
                49.4555317771761,
                61.26184648017073,
                67.37711276178459,
                85.47088125592512,
                91.79307472757415,
                105.8749914896652
            ],
            "Temperature": [
                737.280701754386,
                737.280701754386,
                737.280701754386,
                737.280701754386,
                734.2105263157895,
                732.6754385964912,
                729.6052631578947,
                728.0701754385965,
                723.4649122807018,
                720.3947368421052,
                717.3245614035088,
                715.7894736842105,
                712.719298245614,
                709.6491228070175,
                705.0438596491229,
                697.3684210526316,
                692.7631578947369,
                688.1578947368421,
                683.5526315789473,
                680.4824561403509,
                672.8070175438596,
                669.7368421052631,
                663.5964912280701,
                657.4561403508771,
                651.3157894736842,
                648.2456140350877,
                640.5701754385965,
                634.4298245614035,
                620.6140350877192,
                612.938596491228,
                600.6578947368421,
                592.9824561403509,
                583.7719298245613,
                569.9561403508771,
                563.8157894736842,
                553.0701754385965,
                548.4649122807018,
                534.6491228070175
            ]
        },
        "99": {
            "Time": [
                100000.00000000001,
                55174.135509923355,
                43494.04025278369,
                31174.65477850894,
                18472.638254199774,
                14912.61202002068,
                10192.118462630157,
                6802.125306494385,
                4227.007883975643,
                3102.6696478882236,
                2171.5851317797765,
                1484.1835142677498,
                1063.7988197081793,
                780.8398753833276,
                601.0707852816855,
                508.8755329730318,
                331.63560958187816,
                261.4299692981391,
                206.08652048371772,
                170.37464293995575,
                119.24667574342583,
                89.63535417474941,
                77.71339244734202,
                68.99902838129188,
                72.36092872555871,
                77.71339244734202,
                98.5829143695403,
                116.4436211135287,
                147.7139418008616,
                191.8924338572063,
                232.11461117908667,
                308.794404054256,
                430.82165095951416,
                521.1252887355284,
                645.5313751207941,
                799.636412342338
            ],