{
    "Ferrite": {
        "1": {
            "Time": [
                110135.85336183483,
                76682.45647285889,
                58801.99130711898,
                40941.083228471114,
                25264.791775530513,
                15219.133867459,
                10097.011993286505,
                6539.034471758196,
                4552.82463384336,
                2878.1902446687936,
                1956.1610722294106,
                1236.6397056542655,
                840.4817774137393,
                599.4842503189411,
                459.6992493124664,
                290.61121419381027,
                166.81005372000584,
                95.74852126495767,
                52.36939637611263,
                44.22850972200409,
                23.613785745644705,
                18.107630975998163,
                15.66637628376946,
                14.928088217498429,
                14.572095627426394,
                16.049101871968688,
                19.003167474928325,
                25.387045380028006,
                31.54654354911442,
                42.14421273301009,
                56.30203715091542,
                63.523586556975204,
                73.4223181424072
            ],
            "Temperature": [
                760.6263982102909,
                762.192393736018,
                762.192393736018,
                760.6263982102909,
                759.0604026845638,
                754.3624161073825,
                754.3624161073825,
                751.2304250559284,
                751.2304250559284,
                746.5324384787472,
                741.834451901566,
                738.7024608501118,
                737.1364653243847,
                734.0044742729307,
                732.4384787472036,
                730.8724832214765,
                724.6085011185683,
                716.7785234899329,
                710.5145413870246,
                708.9485458612976,
                699.552572706935,
                691.7225950782997,
                674.496644295302,
                663.5346756152126,
                649.4407158836689,
                635.3467561521252,
                621.2527964205817,
                604.0268456375838,
                594.6308724832215,
                582.1029082774048,
                574.2729306487695,
                569.5749440715883,
                566.4429530201342
            ]
        },
        "10": {
            "Time": [
                100000.00000000001,
                54694.73124414594,
                50874.35917339736,
                35421.442825543105,
                21337.3490242892,
                14156.092644919901,
                9167.77932442605,
                7377.760082683307,
                5522.533573417236,
                3094.325795144359,
                1863.9757225881451,
                1329.5042423250452,
                800.8735326643973,
                482.43427505027734,
                320.0671407175431,
                212.34597097485945,
                147.84659290713026,
                116.1420581324716,
                84.86354586685283,
                69.96224414056849,
                56.30203715091542,
                46.41588833612778,
                40.15813958121151,
                36.46236748107622,
                36.46236748107622,
                36.46236748107622,
                40.15813958121151,
                44.22850972200409,
                46.41588833612778,
                51.12053471447075,
                57.67748159927353,
                65.07545162067413,
                78.93591238041684,
                98.0876332878384,
                113.37239925261512,
                121.88601504524281,
                140.87922705270165
            ],
            "Temperature": [
                738.7024608501118,
                738.7024608501118,
                738.7024608501118,
                738.7024608501118,
                738.7024608501118,
                735.5704697986578,
                729.3064876957494,
                727.7404921700223,
                724.6085011185683,
                721.4765100671141,
                718.3445190156599,
                716.7785234899329,
                712.0805369127517,
                708.9485458612976,
                705.8165548098434,
                699.552572706935,
                694.8545861297539,
                690.1565995525727,
                687.0246085011186,
                685.4586129753915,
                682.3266219239374,
                679.1946308724832,
                671.3646532438479,
                663.5346756152126,
                660.4026845637584,
                649.4407158836689,
                638.4787472035794,
                625.9507829977629,
                619.6868008948545,
                610.2908277404922,
                605.5928411633109,
                597.7628635346756,
                589.9328859060403,
                578.9709172259508,
                572.7069351230425,
                569.5749440715883,
                566.4429530201342
            ]
        }
    },
    "Pearlite": {
        "1": {
            "Time": [
                104945.63038156225,
                60238.50899970234,
                47320.836256615825,
                36286.77966507225,
                24074.17220104597,
                15971.815975818712,
                10855.239580698282,
                8949.153773762057,
                7030.078389980763,
                4777.990512153968,
                3169.9193873430604,
                2052.905568529886,
                1612.6761746240666,
                1044.402552424569,
                614.1294980880243,
                482.43427505027734,
                427.58971822842017,
                361.1203740801737,
                283.6809604776268,
                222.84781782941545,
                192.8036733662273,
                147.84659290713026,
                121.88601504524281,
                89.060583174115,
                71.67140397149745,
                63.523586556975204,
                63.523586556975204,
                59.086527805689606,
                56.30203715091542,
                63.523586556975204,
                75.21600670120412,
                95.74852126495767,
                116.1420581324716,
                144.32087073993134,
                162.83210676466612,
                207.28212146530888,
                251.43126894281036,
                335.89647847026754,
                427.58971822842017,
                506.2936911282339,
                644.5020731276013
            ],