{
    "Ferrite": {
        "1": {
            "Time": [
                93193.95762340777,
                70297.32115325463,
                54286.7543932386,
                34738.921120831146,
                24420.530945486506,
                18420.699693267146,
                12354.828882567459,
                6866.488450042997,
                6105.40229658532,
                4498.432668969446,
                3556.4803062231276,
                2811.7686979742307,
                2385.3440064314186,
                2275.8459260747873,
                2385.3440064314186,
                2878.6155923545666,
                3556.4803062231276,
                4393.970560760792,
                5689.866029018295,
                9540.954763499936,
                12067.926406393277,
                15264.179671752328,
                20235.896477251572,
                26826.957952797246,
                33932.21771895332,
                44984.32668969447,
                63991.52336349257,
                73679.54559661618,
                82864.27728546837,
                97677.81100894889
            ],
            "Temperature": [
                713.7339055793991,
                712.2317596566523,
                712.2317596566523,
                707.725321888412,
                701.7167381974249,
                698.7124463519314,
                691.2017167381974,
                682.1888412017167,
                679.1845493562232,
                673.175965665236,
                667.1673819742489,
                658.1545064377683,
                652.1459227467811,
                643.1330472103004,
                637.1244635193134,
                628.1115879828326,
                622.1030042918455,
                614.5922746781116,
                607.0815450643777,
                593.5622317596567,
                590.5579399141632,
                587.5536480686695,
                584.549356223176,
                581.5450643776824,
                580.0429184549357,
                575.5364806866953,
                574.0343347639484,
                572.5321888412018,
                572.5321888412018,
                572.5321888412018
            ]
        }
    },
    "Pearlite": {
        "1": {
            "Time": [
                95409.54763499928,
                79060.43210907694,
                67070.356111843,
                48269.574376778684,
                39069.399370546125,
                30888.435964774788,
                26203.98528858348,
                20716.983998953077,
                15998.587196060562,
                12648.552168552962,
                10730.309405261545,
                9102.981779915208,
                7722.449945836258,
                7367.954559661624,
                7906.043210907699,
                9102.981779915208,
                10730.309405261545,
                12648.552168552962,
                14225.293134853693,
                16768.329368110073,
                19306.977288832488,
                24420.530945486506,
                29470.517025518086,
                33144.24749466426,
                40949.15062380427,
                65512.855685955066,
                93193.95762340777
            ],
            "Temperature": [
                688.1974248927039,
                688.1974248927039,
                688.1974248927039,
                688.1974248927039,
                686.6952789699571,
                682.1888412017167,
                677.6824034334763,
                671.6738197424893,
                667.1673819742489,
                664.1630901287554,
                659.6566523605151,
                655.1502145922747,
                649.1416309012875,
                635.6223175965665,
                628.1115879828326,
                623.6051502145923,
                617.5965665236051,
                613.0901287553648,
                613.0901287553648,
                610.0858369098712,
                607.0815450643777,
                602.5751072961373,
                601.0729613733906,
                601.0729613733906,
                596.5665236051502,
                592.0600858369098,
                592.0600858369098
            ]
        },
        "99": {
            "Time": [
                99999.99999999988,
                99999.99999999988,
                79060.43210907694,
                77224.4994583626,
                63991.52336349257,
                61054.02296585322,
                58251.3671246892,
                59636.23316594641,
                63991.52336349257,
                70297.32115325463,
                77224.4994583626,
                84834.28982440721,
                95409.54763499928
            ],
            "Temperature": [
                649.1416309012875,
                649.1416309012875,
                649.1416309012875,
                647.6394849785408,
                640.1287553648069,
                637.1244635193134,
                631.1158798283261,
                628.1115879828326,
                628.1115879828326,
                623.6051502145923,
                620.6008583690987,
                617.5965665236051,
                613.0901287553648
            ]
        }
    },
    "Bainite": {
        "1": {
            "Time": [
                48.269574376778706,
                39.99823395608934,
                34.73892112083115,
                29.470517025518106,
                25.59547922699536,
                23.853440064314196,
                23.29951810515372,
                23.29951810515372,
                23.29951810515372,
                25.001103826179303,
                28.117686979742302,
                33.144247494664256,
                41.92267435236917,
                55.577365864868774,
                80.94001216083123,
                126.48552168552962,
                217.1374302937518,
                372.75937203149397,
                596.362331659464,
                1235.4828882567467,
                1976.5980717016334,
                4393.970560760792,
                7543.1200633546105,
                21209.508879201887,
                36410.31949310674,
                62505.519252739716,
                102377.39663395847
            ],
            "Temperature": [
                321.6738197424893,
                336.69527896995714,
                347.2103004291846,
                363.7339055793992,
                381.7596566523605,
                396.78111587982835,
                411.80257510729615,
                422.3175965665236,
                428.32618025751077,
                438.8412017167382,
                446.3519313304721,
                452.36051502145926,
                458.3690987124464,
                464.3776824034335,
                467.38197424892707,
                470.38626609442065,
                476.39484978540776,
                480.9012875536481,
                483.90557939914163,
                486.9098712446352,
                486.9098712446352,
                491.41630901287556,
                491.41630901287556,
                491.41630901287556,
                494.42060085836914,
                494.42060085836914,
                494.42060085836914
            ]
        },