{
    "Ferrite": {
        "1": {
            "Time": [
                95488.23692395659,
                74075.4307284715,
                56153.060767462666,
                46684.523707037835,
                34581.762019523776,
                26826.957952797246,
                22303.392502884955,
                16521.334063573686,
                12238.249369681918,
                9942.457296427408,
                7893.018264543569,
                6872.151605431111,
                4974.413171377454,
                4432.1713424760865,
                4041.2553329506004,
                4041.2553329506004,
                4331.032859168997,
                4974.413171377454,
                6123.044539605179,
                7196.856730011508,
                8458.9857965743,
                11158.839925077473,
                16144.330888316003,
                19872.18465488054,
                24460.829357967952,
                32267.991199458087,
                47774.70290335773,
                57464.349687159745,
                70733.3227964443,
                75805.24367559257,
                95488.23692395659
            ],
            "Temperature": [
                732.4786324786324,
                732.4786324786324,
                730.982905982906,
                729.4871794871794,
                726.4957264957266,
                722.008547008547,
                719.017094017094,
                716.025641025641,
                710.0427350427351,
                705.5555555555555,
                699.5726495726495,
                695.0854700854701,
                684.6153846153846,
                680.1282051282051,
                668.1623931623932,
                662.1794871794872,
                653.2051282051282,
                642.7350427350427,
                630.7692307692307,
                624.7863247863247,
                620.2991452991453,
                612.8205128205128,
                606.8376068376068,
                603.8461538461538,
                602.3504273504274,
                597.8632478632478,
                591.8803418803418,
                588.8888888888889,
                587.3931623931624,
                587.3931623931624,
                587.3931623931624
            ]
        }
    },
    "Pearlite": {
        "1": {
            "Time": [
                97718.08272983895,
                87066.2068058511,
                79386.99688838224,
                70733.3227964443,
                60179.50643797332,
                47774.70290335773,
                38812.57270691531,
                35389.31695490986,
                32267.991199458087,
                27453.422338387096,
                26826.957952797246,
                26826.957952797246,
                30109.028437025932,
                33792.634819674306,
                37926.9019073225,
                46684.523707037835,
                52396.0135300264,
                66000.75022827087,
                79386.99688838224,
                87066.2068058511,
                99999.99999999988
            ],
            "Temperature": [
                690.5982905982905,
                690.5982905982905,
                690.5982905982905,
                690.5982905982905,
                689.1025641025641,
                687.6068376068376,
                686.1111111111111,
                683.1196581196581,
                678.6324786324786,
                671.1538461538462,
                665.1709401709402,
                656.1965811965812,
                648.7179487179487,
                642.7350427350427,
                638.2478632478633,
                629.2735042735043,
                624.7863247863247,
                618.8034188034188,
                614.3162393162393,
                612.8205128205128,
                612.8205128205128
            ]
        }
    },
    "Bainite": {
        "1": {
            "Time": [
                39.9488019395417,
                39.9488019395417,
                40.88168824391292,
                45.88324610100845,
                51.49670581618341,
                63.38770272838486,
                78.02442493165049,
                100.57875736205835,
                120.97810206889011,
                183.29807108324354,
                401.8000857182089,
                542.4201813838026,
                803.085722139151,
                1216.7827174109227,
                2021.9220618983531,
                3283.1500125630455,
                5090.575902036677,
                10904.204429677517,
                17705.99351226898,
                23902.653468423905,
                38812.57270691531,
                54871.694376085965,
                91180.03390845678
            ],
            "Temperature": [
                343.58974358974353,
                358.54700854700855,
                372.008547008547,
                388.46153846153845,
                403.4188034188034,
                421.36752136752136,
                433.3333333333333,
                443.8034188034188,
                448.29059829059827,
                457.2649572649573,
                467.7350427350427,
                467.7350427350427,
                470.7264957264957,
                472.22222222222223,
                473.71794871794873,
                473.71794871794873,
                475.21367521367523,
                476.70940170940173,
                478.2051282051282,
                478.2051282051282,
                478.2051282051282,
                479.7008547008547,
                482.6923076923077
            ]
        },
        "10": {
            "Time": [
                129.65281629896677,
                132.68047497147242,
                138.94954943731375,
                148.91290324394092,
                159.59067764047313,
                187.57845627201604,
                230.89180630041926,
                297.6351441631318,
                450.9572135676147,
                594.8892077934331,
                841.0310505352606,
                1216.7827174109227,
                1801.5200408020246,
                2432.0075132679453,
                3135.0220625651127,
                4974.413171377454,
                8265.958738801803,
                13422.071527160115,
                19872.18465488054,
                34581.762019523776,
                48890.340015614354,
                72385.09068173254,
                93309.27435461663
            ],
            "Temperature": [
                345.0854700854701,
                357.0512820512821,
                370.51282051282055,
                382.47863247863245,
                391.45299145299145,
                403.4188034188034,
                410.8974358974359,
                418.37606837606836,
                425.85470085470087,
                431.8376068376068,
                436.3247863247863,
                442.3076923076923,
                446.79487179487177,
                448.29059829059827,
                448.29059829059827,
                448.29059829059827,
                448.29059829059827,
                448.29059829059827,
                446.79487179487177,
                446.79487179487177,
                448.29059829059827,
                451.28205128205127,
                452.77777777777777
            ]
        },