{
    "Ferrite": {
        "1": {
            "Time": [
                62.91880821827274,
                74.11714795000641,
                83.31663231669721,
                93.65796462214128,
                121.15276586285886,
                149.5535574010048,
                198.03774271132644,
                244.4620121646218,
                294.7896253273201,
                399.60049383067513,
                481.8666050152245,
                594.8264115930036,
                751.651035612845,
                995.3308833722102,
                1172.4806688357498,
                1481.6025176256621,
                1961.9273742801186,
                2421.8449830368622,
                2852.886887129465,
                3690.3976983064417,
                4663.362617551805,
                6321.396157738217,
                7803.26620195318,
                10577.675602831765,
                16118.219775228428,
                20367.751582919773,
                31036.29839554449,
                44086.83715261007,
                58379.47197454019,
                77305.67598279942,
                91064.60192817841,
                102367.61890830121
            ],
            "Temperature": [
                577.1551724137931,
                581.6810344827586,
                584.698275862069,
                589.2241379310344,
                595.2586206896551,
                602.801724137931,
                608.8362068965517,
                613.3620689655172,
                616.3793103448277,
                623.9224137931035,
                626.9396551724137,
                632.9741379310344,
                639.0086206896551,
                643.5344827586207,
                646.551724137931,
                652.5862068965517,
                660.1293103448276,
                664.6551724137931,
                667.6724137931035,
                672.198275862069,
                675.2155172413793,
                679.7413793103449,
                681.25,
                687.2844827586207,
                690.301724137931,
                696.3362068965517,
                702.3706896551724,
                706.8965517241379,
                708.4051724137931,
                708.4051724137931,
                706.8965517241379,
                703.8793103448276
            ]
        },
        "10": {
            "Time": [
                160.4296192726554,
                198.03774271132644,
                250.24994098824496,
                294.7896253273201,
                372.51023634238527,
                470.7217088314525,
                504.95425079534937,
                653.1916891945965,
                700.694091338597,
                844.9466108283334,
                1200.2405428472814,
                1589.3498753677638,
                1961.9273742801186,
                2421.8449830368622,
                3521.664402741374,
                5002.498785489555,
                6175.191164112934,
                6781.110369299419,
                9192.097752027736,
                12755.311142955436,
                16499.83779430828,
                22895.81448677164,
                29617.248922143805,
                41098.04262220447,
                55710.23101329279,
                58379.47197454019,
                70398.1061016237,
                93220.66466219918
            ],
            "Temperature": [
                566.594827586207,
                571.1206896551724,
                578.6637931034483,
                583.1896551724137,
                589.2241379310344,
                595.2586206896551,
                598.2758620689656,
                604.3103448275863,
                605.8189655172414,
                610.344827586207,
                614.8706896551724,
                617.8879310344828,
                623.9224137931035,
                628.448275862069,
                635.9913793103449,
                643.5344827586207,
                645.0431034482758,
                646.551724137931,
                651.0775862068965,
                654.0948275862069,
                657.1120689655172,
                658.6206896551724,
                661.6379310344828,
                664.6551724137931,
                666.1637931034483,
                666.1637931034483,
                666.1637931034483,
                667.6724137931035
            ]
        }
    },
    "Pearlite": {
        "1": {
            "Time": [
                102367.61890830121,
                91064.60192817841,
                79135.97978455824,
                72064.86497277168,
                59761.6753915757,
                47292.987356790654,
                37425.768914183594,
                33293.36741806102,
                27609.39629988043,
                20367.751582919773,
                17699.764160766532,
                15381.258460038896,
                14006.881788178685,
                14006.881788178685,
                14677.992676220701,
                15381.258460038896,
                17699.764160766532,
                19896.674163306252,
                22895.81448677164,
                27609.39629988043,
                29617.248922143805
            ],
            "Temperature": [
                623.9224137931035,
                623.9224137931035,
                622.4137931034483,
                622.4137931034483,
                620.9051724137931,
                619.3965517241379,
                613.3620689655172,
                610.344827586207,
                607.3275862068965,
                602.801724137931,
                598.2758620689656,
                593.75,
                587.7155172413793,
                581.6810344827586,
                577.1551724137931,
                572.6293103448277,
                568.1034482758621,
                562.0689655172414,
                559.051724137931,
                551.5086206896551,
                550.0
            ]
        }
    },
    "Bainite": {
        "1": {
            "Time": [
                19.076021571856625,
                18.203822895934305,
                15.819290154373077,
                14.405773606943352,
                12.815146556831506,
                12.229209189518544,
                11.400150089399922,
                11.400150089399922,
                11.946364797713253,
                13.429157906124253,
                14.405773606943352,
                15.819290154373077,
                18.634820048852102,
                21.951460202347008,
                28.395664255275666,
                33.449547255342964,
                43.269199615802485,
                46.41588833612778,
                55.97156879584092,
                62.91880821827274
            ],
            "Temperature": [
                539.4396551724137,
                536.4224137931035,
                528.8793103448277,
                516.8103448275863,
                506.25,
                495.6896551724138,
                480.6034482758621,
                473.0603448275862,
                462.5,
                448.9224137931035,
                442.8879310344828,
                429.3103448275862,
                414.2241379310345,
                399.1379310344828,
                381.0344827586207,
                365.94827586206895,
                346.33620689655174,
                337.2844827586207,
                323.7068965517242,
                311.6379310344828
            ]
        },