{
    "Ferrite": {
        "1": {
            "Time": [
                99999.99999999988,
                79107.71304618729,
                61130.72436739214,
                42015.51287048404,
                33237.511356466384,
                25089.447293053898,
                18938.853716208287,
                15701.052045185803,
                13325.45152757951,
                9375.839798683537,
                6596.877542846446,
                5342.387295772221,
                4128.345930706309,
                3044.1115282319447,
                2644.794039716088,
                2408.127012559634,
                2192.637922475772,
                2297.8578306493505,
                2583.5313772135687,
                3343.2821375735075,
                4864.328550848347,
                6596.877542846446,
                11047.32161171235,
                13016.787553232614,
                14982.09405205522,
                18071.635378175088,
                21798.2882838003,
                34025.66452488311
            ],
            "Temperature": [
                706.8965517241379,
                706.8965517241379,
                706.8965517241379,
                702.3706896551724,
                700.8620689655172,
                694.8275862068965,
                690.301724137931,
                685.7758620689656,
                682.7586206896551,
                676.7241379310344,
                670.6896551724138,
                666.1637931034483,
                658.6206896551724,
                643.5344827586207,
                637.5,
                626.9396551724137,
                611.8534482758621,
                598.2758620689656,
                589.2241379310344,
                580.1724137931035,
                571.1206896551724,
                568.1034482758621,
                557.5431034482758,
                556.0344827586207,
                551.5086206896551,
                546.9827586206897,
                545.4741379310344,
                536.4224137931035
            ]
        }
    },
    "Pearlite": {
        "1": {
            "Time": [
                97683.65091638305,
                79107.71304618729,
                64064.254403787156,
                46144.73299618745,
                34832.50698114156,
                27555.19966943465,
                19847.68796946347,
                15701.052045185803,
                13641.434777029432,
                11047.32161171235,
                9375.839798683537,
                7772.938682158391,
                6444.070830335392,
                5867.428920493213,
                5731.518784461494,
                5867.428920493213,
                6294.803654709292,
                6444.070830335392,
                7417.012443612799,
                8739.28347988284,
                10541.459956546383,
                11851.991971009742,
                13641.434777029432,
                16844.69315880665,
                19847.68796946347,
                23940.59060353669,
                31715.55127425481,
                42015.51287048404,
                55660.496218547625,
                64064.254403787156,
                79107.71304618729,
                95420.95656353775
            ],
            "Temperature": [
                676.7241379310344,
                675.2155172413793,
                672.198275862069,
                669.1810344827586,
                666.1637931034483,
                661.6379310344828,
                657.1120689655172,
                651.0775862068965,
                646.551724137931,
                642.0258620689656,
                637.5,
                632.9741379310344,
                629.9568965517242,
                623.9224137931035,
                620.9051724137931,
                611.8534482758621,
                602.801724137931,
                601.2931034482758,
                595.2586206896551,
                586.2068965517242,
                580.1724137931035,
                575.6465517241379,
                572.6293103448277,
                568.1034482758621,
                566.594827586207,
                563.5775862068965,
                562.0689655172414,
                559.051724137931,
                556.0344827586207,
                554.5258620689656,
                551.5086206896551,
                551.5086206896551
            ]
        },
        "99": {
            "Time": [
                95420.95656353775,
                86882.2976815244,
                73736.83260383006,
                61130.72436739214,
                55660.496218547625,
                58331.521945585315,
                64064.254403787156,
                72028.83015752316,
                79107.71304618729,
                80983.57535172718,
                91051.58951500588,
                99999.99999999988
            ],
            "Temperature": [
                623.9224137931035,
                623.9224137931035,
                620.9051724137931,
                614.8706896551724,
                608.8362068965517,
                604.3103448275863,
                599.7844827586207,
                599.7844827586207,
                598.2758620689656,
                598.2758620689656,
                595.2586206896551,
                593.75
            ]
        }
    },
    "Bainite": {
        "1": {
            "Time": [
                82.41960605045938,
                62.214716972633965,
                48.07661059078877,
                39.85739455794441,
                33.82689119614436,
                29.389580305439587,
                24.942878136380724,
                21.67094563279022,
                20.19963451046538,
                19.274684472224585,
                19.274684472224585,
                19.73174046158825,
                21.16897088221397,
                23.80073291221205,
                27.39422592097635,
                30.799922117601028,
                39.85739455794441,
                59.3658780585851,
                97.11299624359023,
                122.76046481951826,
                174.4738240605721,
                292.1789035348358,
                425.10746145151444,
                537.3780192625644,
                728.778278489075,
                988.350397968165,
                1249.3729876770856,
                1579.3314451495187,
                2141.8487740514674,
                2904.720339099855,
                4226.240411755455,
                6148.994027937954,
                8739.28347988284,
                11851.991971009742,
                16454.511263184562,
                21293.363832894313
            ],