{
    "Ferrite": {
        "1": {
            "Time": [
                97683.65091638305,
                75485.33650421056,
                56980.36027153899,
                40091.60428609224,
                28877.51355865571,
                20800.135194879866,
                15701.052045185803,
                10297.282945443076,
                7957.256520655646,
                7077.384222131967,
                6913.447297558563,
                8339.107893303446,
                11047.32161171235,
                14296.057457720015,
                17653.033217698136,
                25089.447293053898,
                34832.50698114156,
                48359.118015612235,
                59714.723393699715,
                77275.30225997155,
                97683.65091638305
            ],
            "Temperature": [
                724.2489270386266,
                721.244635193133,
                716.7381974248927,
                709.2274678111588,
                700.2145922746781,
                692.7038626609442,
                688.1974248927039,
                676.1802575107297,
                664.1630901287554,
                656.6523605150214,
                640.1287553648069,
                629.6137339055795,
                623.6051502145923,
                616.0944206008584,
                607.0815450643777,
                596.5665236051502,
                587.5536480686695,
                583.0472103004292,
                578.5407725321888,
                574.0343347639484,
                571.0300429184549
            ]
        }
    },
    "Pearlite": {
        "1": {
            "Time": [
                79107.71304618729,
                72028.83015752316,
                64064.254403787156,
                48359.118015612235,
                38255.79231145763,
                30263.282405293263,
                23940.59060353669,
                20800.135194879866,
                18500.163751705328,
                17653.033217698136,
                18071.635378175088,
                19387.946231063655,
                22315.185887615473,
                25684.38736440182,
                29562.27914062585,
                34025.66452488311,
                40091.60428609224,
                50679.76653892732,
                61130.72436739214,
                70360.3910102293,
                82903.91953209121,
                95420.95656353775
            ],
            "Temperature": [
                698.7124463519314,
                698.7124463519314,
                697.2103004291846,
                692.7038626609442,
                688.1974248927039,
                683.6909871244635,
                674.6781115879828,
                667.1673819742489,
                659.6566523605151,
                653.6480686695279,
                647.6394849785408,
                640.1287553648069,
                632.618025751073,
                626.6094420600858,
                619.098712446352,
                611.5879828326181,
                607.0815450643777,
                601.0729613733906,
                596.5665236051502,
                595.0643776824035,
                592.0600858369098,
                589.0557939914163
            ]
        },
        "99": {
            "Time": [
                93210.67411059984,
                84869.80037535315,
                68730.59873783463,
                61130.72436739214,
                50679.76653892732,
                47238.95202861241,
                51881.52373861323,
                55660.496218547625,
                61130.72436739214,
                65583.3947674888,
                70360.3910102293,
                73736.83260383006,
                84869.80037535315,
                95420.95656353775
            ],
            "Temperature": [
                673.175965665236,
                673.175965665236,
                668.6695278969958,
                667.1673819742489,
                661.1587982832618,
                652.1459227467811,
                644.6351931330472,
                638.62660944206,
                632.618025751073,
                628.1115879828326,
                628.1115879828326,
                625.1072961373391,
                622.1030042918455,
                617.5965665236051
            ]
        }
    },
    "Bainite": {
        "1": {
            "Time": [
                187.18223607475326,
                162.6282275534013,
                138.022252078547,
                125.67145440192533,
                114.42585679957885,
                109.18624711418224,
                109.18624711418224,
                117.13920981262982,
                138.022252078547,
                158.86119009476567,
                200.81630978513323,
                336.29279074299524,
                604.1857575659429,
                1035.7791763594962,
                1655.1201140997687,
                2707.5094091026795,
                4641.588833612776,
                7957.256520655646,
                14982.09405205522,
                21798.2882838003,
                48359.118015612235,
                68730.59873783463,
                99999.99999999988
            ],
            "Temperature": [
                302.14592274678114,
                318.66952789699576,
                338.1974248927039,
                353.21888412017165,
                378.75536480686696,
                399.78540772532193,
                419.3133047210301,
                435.83690987124464,
                450.85836909871244,
                458.3690987124464,
                465.8798283261803,
                476.39484978540776,
                479.3991416309013,
                485.40772532188845,
                489.9141630901288,
                492.9184549356223,
                497.42489270386267,
                498.9270386266095,
                498.9270386266095,
                497.42489270386267,
                497.42489270386267,
                498.9270386266095,
                498.9270386266095
            ]
        },
        "10": {
            "Time": [
                425.10746145151444,
                425.10746145151444,
                387.0671007984948,
                352.4307477666796,
                336.29279074299524,
                313.46077723689507,
                299.10727209094597,
                299.10727209094597,
                313.46077723689507,
                344.26722137040196,
                378.10127555616646,
                456.07165220916613,
                618.5126701326144,
                819.3812186266318,
                965.4567525819051,
                1507.0131722704184,
                1950.1873537815284,
                2707.5094091026795,
                3422.5605883991248,
                5598.756801620292,
                9598.166848523331,
                11577.458463598894,
                18071.635378175088,
                23386.042952479187,
                40091.60428609224,
                59714.723393699715,
                79107.71304618729,
                99999.99999999988
            ],