{
    "Ferrite": {
        "1": {
            "Time": [
                93210.67411059984,
                62580.30263397907,
                48359.118015612235,
                30980.90839294958,
                19387.946231063655,
                14982.09405205522,
                10541.459956546383,
                8536.851167081888,
                7245.20854384342,
                6294.803654709292,
                5342.387295772221,
                4226.240411755455,
                3044.1115282319447,
                2244.6314218462867,
                1860.8874277594825,
                1507.0131722704184,
                1164.548983969553,
                679.299146151292,
                415.2604886637953,
                336.29279074299524,
                299.10727209094597,
                344.26722137040196,
                456.07165220916613,
                695.4072045615593,
                1011.786914899597,
                1472.1054864645462,
                1734.5457158540153,
                2141.8487740514674,
                3422.5605883991248,
                4864.328550848347,
                7077.384222131967,
                9598.166848523331,
                12133.035425912778,
                14296.057457720015
            ],
            "Temperature": [
                760.3036876355749,
                757.2668112798265,
                754.2299349240781,
                749.6746203904555,
                746.6377440347071,
                745.119305856833,
                742.0824295010846,
                740.5639913232104,
                737.527114967462,
                734.4902386117137,
                731.4533622559653,
                728.4164859002169,
                722.3427331887202,
                720.824295010846,
                717.7874186550977,
                716.2689804772234,
                711.7136659436009,
                699.5661605206074,
                681.3449023861172,
                667.6789587852495,
                646.4208242950109,
                635.7917570498915,
                625.1626898047723,
                616.0520607375272,
                605.4229934924078,
                596.3123644251627,
                593.2754880694143,
                588.7201735357918,
                578.0911062906725,
                572.0173535791757,
                565.9436008676789,
                559.8698481561822,
                555.3145336225597,
                552.2776572668113
            ]
        },
        "10": {
            "Time": [
                93210.67411059984,
                67138.55814380643,
                44031.745628652556,
                36504.04296455325,
                25089.447293053898,
                15337.36087001891,
                8739.28347988284,
                6444.070830335392,
                4864.328550848347,
                2707.5094091026795,
                1950.1873537815284,
                1507.0131722704184,
                1249.3729876770856,
                1164.548983969553,
                1192.163655887927,
                1404.6971368087939,
                1860.8874277594825,
                2192.637922475772,
                3044.1115282319447,
                3848.059071628872,
                4751.653721036654,
                6294.803654709292,
                7957.256520655646,
                11309.2841105712,
                14635.056453773812,
                18500.163751705328,
                22844.340560855195,
                32467.614566743832,
                50679.76653892732,
                68730.59873783463,
                88942.51685565631
            ],
            "Temperature": [
                734.4902386117137,
                731.4533622559653,
                725.3796095444686,
                723.8611713665944,
                720.824295010846,
                717.7874186550977,
                713.232104121475,
                707.1583514099783,
                701.0845986984816,
                690.4555314533623,
                682.8633405639913,
                676.7895878524946,
                667.6789587852495,
                661.6052060737527,
                644.9023861171366,
                634.2733188720174,
                626.6811279826464,
                622.1258134490239,
                613.0151843817787,
                605.4229934924078,
                602.3861171366594,
                597.8308026030369,
                591.7570498915402,
                587.2017353579176,
                584.1648590021692,
                581.1279826464208,
                578.0911062906725,
                570.4989154013015,
                562.9067245119306,
                558.3514099783081,
                556.8329718004338
            ]
        }
    },
    "Pearlite": {
        "1": {
            "Time": [
                88942.51685565631,
                56980.36027153899,
                47238.95202861241,
                34832.50698114156,
                28208.609537968434,
                21798.2882838003,
                15701.052045185803,
                12715.273314026937,
                9158.662619425339,
                7077.384222131967,
                5342.387295772221,
                3422.5605883991248,
                3190.19179629054,
                3190.19179629054,
                3848.059071628872,
                4751.653721036654,
                6148.994027937954,
                7592.89028822411,
                9375.839798683537,
                11309.2841105712,
                15701.052045185803,
                20318.331453902167,
                24508.28811059667,
                39162.942777604054,
                53111.77791974997,
                64064.254403787156,
                93210.67411059984
            ],
            "Temperature": [
                713.232104121475,
                711.7136659436009,
                707.1583514099783,
                704.1214750542299,
                702.6030368763558,
                701.0845986984816,
                696.5292841648591,
                696.5292841648591,
                691.9739696312365,
                688.9370932754881,
                682.8633405639913,
                669.1973969631237,
                661.6052060737527,
                649.4577006507593,
                638.82863340564,
                628.1995661605206,
                620.6073752711497,
                613.0151843817787,
                606.9414316702821,
                602.3861171366594,
                596.3123644251627,
                591.7570498915402,
                590.2386117136659,
                584.1648590021692,
                579.6095444685467,
                575.054229934924,
                568.9804772234273
            ]
        },
        "99": {
            "Time": [
                93210.67411059984,
                79107.71304618729,
                70360.3910102293,
                48359.118015612235,
                37369.65461682082,
                30263.282405293263,
                23386.042952479187,
                19387.946231063655,
                16454.511263184562,
                13325.45152757951,
                10791.427078795245,
                9375.839798683537,
                8946.51602176872,
                9825.765886595838,
                13016.787553232614,
                16454.511263184562,
                19847.68796946347,
                27555.19966943465,
                39162.942777604054,
                49505.846231123716,
                67138.55814380643,
                80983.57535172718
            ],