{
    "Ferrite": {
        "1": {
            "Time": [
                84748.38226367567,
                71822.88296310107,
                55376.625653983254,
                43717.67771911543,
                30665.706688214068,
                23091.36956534499,
                15449.403083654472,
                11096.206695270897,
                7423.975847325394,
                4967.050352906674,
                3245.589834878679,
                2276.6146579446604,
                1487.5946219141988,
                927.1410078913377,
                681.8291502415825,
                577.8391746319087,
                467.0942460883871,
                377.5739761290168,
                246.71589208310309,
                190.22201609191225,
                150.17283368887271,
                115.7857280507518,
                100.47392959124983,
                70.47730381411219,
                44.97564628521491,
                35.506511750856745,
                25.5018003790976,
                19.662308095059554,
                14.80577725949471,
                10.888322748733993,
                8.59590448513767,
                7.820307304467936,
                7.284889992084925,
                6.786130024130779,
                6.627583928584648,
                6.948468884081527,
                7.637599459984349,
                8.801537051770007,
                9.227677385199854,
                10.142853769637068,
                11.688581436074504,
                11.688581436074504,
                12.547656708984954,
                11.96819750267306
            ],
            "Temperature": [
                745.8015267175572,
                745.8015267175572,
                747.3282442748091,
                747.3282442748091,
                747.3282442748091,
                747.3282442748091,
                744.2748091603053,
                742.7480916030535,
                736.6412213740458,
                732.0610687022901,
                730.5343511450382,
                729.0076335877862,
                725.9541984732824,
                721.3740458015267,
                719.8473282442748,
                718.3206106870228,
                715.2671755725191,
                715.2671755725191,
                713.7404580152672,
                712.2137404580153,
                712.2137404580153,
                712.2137404580153,
                710.6870229007634,
                706.1068702290077,
                704.5801526717557,
                704.5801526717557,
                703.0534351145038,
                701.5267175572519,
                698.4732824427481,
                690.8396946564885,
                683.206106870229,
                674.0458015267176,
                666.412213740458,
                655.7251908396946,
                649.618320610687,
                643.5114503816794,
                631.2977099236641,
                614.5038167938931,
                605.3435114503816,
                599.236641221374,
                582.4427480916031,
                579.3893129770993,
                570.2290076335878,
                564.1221374045801
            ]
        }
    },
    "Pearlite": {
        "1": {
            "Time": [
                86775.7462709131,
                52819.29592350775,
                50380.06539595656,
                33707.0495312294,
                27898.78021855087,
                21510.419028419616,
                15818.986111772363,
                13406.33482024263,
                12787.221282578961,
                9859.158208447509,
                7969.615548088217,
                6291.69943025428,
                5332.11348403341,
                4111.147313615515,
                3023.3805381294937,
                2623.5610245714165,
                2276.6146579446604,
                2022.8087587727655,
                1714.297699347859,
                1321.7517598819086,
                1093.9925732231027,
                698.1399734261975,
                551.1541738167075,
                377.5739761290168,
                291.11575406301125,
                209.0877273278263,
                153.7652916184932,
                124.29562777368507,
                110.43866543702163,
                79.32023342284286,
                62.620218556697395,
                54.33916196905094,
                46.05156070440922,
                39.96158547065368,
                36.35590405810188,
                31.548107059955083,
                28.701562762787248,
                28.03100079360436,
                30.091194307113025,
                33.866797213295115,
                37.22561566048558,
                42.89864076105729,
                50.61883143395906,
                56.97007841734711,
                67.22261463363081,
                72.16327285875201,
                79.32023342284286,
                87.18700221051883,
                91.40829878340176,
                100.47392959124983,
                115.7857280507518,
                139.89125115301766
            ],
            "Temperature": [
                730.5343511450382,
                730.5343511450382,
                730.5343511450382,
                733.587786259542,
                733.587786259542,
                732.0610687022901,
                729.0076335877862,
                727.4809160305343,
                725.9541984732824,
                722.9007633587786,
                722.9007633587786,
                722.9007633587786,
                722.9007633587786,
                722.9007633587786,
                719.8473282442748,
                718.3206106870228,
                718.3206106870228,
                716.793893129771,
                716.793893129771,
                712.2137404580153,
                712.2137404580153,
                707.6335877862596,
                706.1068702290077,
                703.0534351145038,
                701.5267175572519,
                698.4732824427481,
                696.9465648854962,
                695.4198473282443,
                693.8931297709923,
                690.8396946564885,
                684.7328244274809,
                681.679389312977,
                675.5725190839694,
                669.4656488549618,
                660.3053435114504,
                654.1984732824427,
                646.5648854961833,
                637.4045801526718,
                629.7709923664122,
                617.5572519083969,
                612.9770992366412,
                605.3435114503816,
                597.7099236641221,
                591.6030534351145,
                582.4427480916031,
                577.8625954198474,
                570.2290076335878,
                565.6488549618321,
                561.0687022900763,
                554.9618320610687,
                548.854961832061,
                539.6946564885495
            ]
        },