{
    "Ferrite": {
        "1": {
            "Time": [
                95481.5979727402,
                81215.43115331435,
                69080.81135489437,
                48837.67945736762,
                34526.504364972345,
                26773.851075234885,
                20761.994722121362,
                15372.588004246863,
                11382.16559204331,
                8624.679630538965,
                6385.881915653852,
                4411.419039499144,
                3420.869809045345,
                2105.199085516085,
                1523.1087872298945,
                1295.536935646946,
                959.2409507148783,
                710.2408092046377,
                576.8251354223346,
                437.08132302499706,
                338.93817128820353,
                256.8257435970687,
                177.41730744509604,
                140.79731649323963,
                114.34914764228103,
                88.6729515734147,
                75.42408324301265,
                72.01611993671831,
                70.3703252341116,
                78.99331896869393,
                90.7468012178282,
                97.26392859944853,
                106.68723256342957,
                119.76040417225472,
                137.579655255319,
                144.09023118213588,
                173.3627643094693,
                194.6061794205562,
                203.81537757266662,
                256.8257435970687,
                323.62358208556026,
                417.332231664662,
                468.47102073393876,
                538.1752172193698,
                604.1217864692808,
                678.1492740831088,
                743.8509872943365
            ],
            "Temperature": [
                755.5831265508684,
                755.5831265508684,
                755.5831265508684,
                752.6054590570719,
                748.1389578163771,
                742.1836228287841,
                736.2282878411911,
                733.2506203473945,
                733.2506203473945,
                731.7617866004963,
                728.7841191066998,
                724.317617866005,
                719.8511166253102,
                715.3846153846154,
                712.4069478908189,
                710.9181141439205,
                709.4292803970224,
                701.985111662531,
                696.0297766749379,
                688.5856079404466,
                682.6302729528536,
                676.6749379652606,
                672.2084367245658,
                664.7642679900745,
                655.8312655086849,
                645.409429280397,
                640.9429280397022,
                634.9875930521091,
                629.0322580645161,
                614.1439205955335,
                608.1885856079405,
                603.7220843672457,
                602.2332506203475,
                597.7667493796525,
                591.8114143920595,
                590.3225806451612,
                584.3672456575682,
                581.3895781637717,
                581.3895781637717,
                576.9230769230769,
                573.9454094292804,
                569.4789081885856,
                565.0124069478908,
                560.545905707196,
                559.0570719602978,
                557.5682382133995,
                556.0794044665013
            ]
        },
        "10": {
            "Time": [
                95481.5979727402,
                58759.258304519426,
                58759.258304519426,
                42512.246594855824,
                27400.027835416233,
                22773.496724789075,
                15372.588004246863,
                10139.67643134525,
                6688.07608087686,
                4728.232188043198,
                3752.296849840633,
                2909.748290349018,
                2105.199085516085,
                1488.3009639853296,
                1101.9672171139175,
                779.0516739222398,
                563.6428679932832,
                468.47102073393876,
                427.0926409538859,
                427.0926409538859,
                479.4274447902955,
                538.1752172193698,
                550.7618568096686,
                710.2408092046377,
                797.2718414961795,
                1028.1303813237798,
                1325.8364662889553,
                1595.1856897752582,
                2057.0886693214957,
                2418.433424895001,
                2778.274164609735,
                3118.716540493035,
                4021.7740789648274
            ],
            "Temperature": [
                724.317617866005,
                716.8734491315137,
                716.8734491315137,
                713.8957816377172,
                704.9627791563275,
                704.9627791563275,
                700.4962779156327,
                694.5409429280397,
                691.5632754342432,
                688.5856079404466,
                684.1191066997519,
                678.1637717121588,
                672.2084367245658,
                664.7642679900745,
                658.8089330024814,
                651.36476426799,
                643.9205955334987,
                637.9652605459057,
                630.5210918114144,
                617.1215880893301,
                611.166253101737,
                603.7220843672457,
                603.7220843672457,
                596.2779156327543,
                593.3002481389578,
                591.8114143920595,
                590.3225806451612,
                588.833746898263,
                587.3449131513648,
                582.8784119106699,
                579.9007444168734,
                576.9230769230769,
                572.4565756823821
            ]
        }
    },
    "Pearlite": {
        "1": {
            "Time": [
                95481.5979727402,
                69080.81135489437,
                62979.14888006565,
                53569.26191603531,
                40591.37238288024,
                31476.900981067734,
                21744.498587098296,
                20761.994722121362,
                15021.276049021044,
                12199.59410794198,
                9460.271806598606,
                7507.615253815829,
                7004.570747534285,
                5688.792333048902,
                4514.59164900511,
                3840.0541574490708,
                3420.869809045345,
                2977.800389102913,
                2977.800389102913,
                2977.800389102913,
                3342.6921813839012,
                4115.833818666477,
                5307.617268295508,
                6688.07608087686,
                8234.981931268027,
                9244.074860162167,
                11920.795036644522,
                13381.537765490106,
                17256.304323646214,
                19370.84626401395,
                26773.851075234885,
                32213.07090378406,
                37006.08076842562,
                43506.50703075629,
                54822.119668087136
            ],