{
    "Ferrite": {
        "1": {
            "Time": [
                1.0513301770262382,
                2.015337685941733,
                2.588472040318301,
                4.378288223191178,
                6.534575668065723,
                11.914805480891193,
                19.16940776533456,
                31.622776601683785,
                50.87702861133204,
                77.8581979851677,
                125.26394555458536,
                186.9558806958335,
                308.4114085311809,
                483.9300699542487,
                882.3729256112042,
                1316.9376605490722,
                2283.9976470784645,
                6700.18750350959,
                9047.357242349302,
                14556.0479737076,
                23418.831260592466,
                35838.3351118567,
                48393.0069954249,
                67001.87503509586,
                75933.73854788752,
                100000.00000000001
            ],
            "Temperature": [
                645.6,
                660.0,
                669.6,
                677.6,
                684.0,
                692.0,
                701.6,
                709.6,
                714.4,
                719.2,
                722.4,
                724.0,
                725.6,
                730.4,
                736.8,
                740.0,
                743.2,
                746.4,
                751.2,
                756.0,
                759.2,
                762.4,
                764.0,
                764.0,
                764.0,
                767.2
            ]
        },
        "10": {
            "Time": [
                100000.00000000001,
                67001.87503509586,
                43782.88223191175,
                26540.74097340485,
                16914.566412132423,
                8823.729256112043,
                4961.947603002903,
                3408.8563131734713,
                1823.3480008684419,
                1162.0301363862611,
                759.3373854788755,
                471.9685320018227,
                349.52501326754714,
                217.24836754319284,
                110.52951411260221,
                72.22634735233366,
                44.89251258218604,
                29.335352039788734,
                12.843862635897429,
                9.752825073392174,
                6.215531343872607,
                4.0615859883769785,
                3.162277660168379,
                2.7903081905977283,
                2.4012356506305137,
                2.1724836754319305,
                2.1724836754319305
            ],
            "Temperature": [
                738.4,
                738.4,
                735.2,
                732.0,
                732.0,
                727.2,
                719.2,
                717.6,
                714.4,
                712.8,
                708.0,
                701.6,
                698.4,
                692.0,
                687.2,
                684.0,
                682.4,
                677.6,
                664.8,
                658.4,
                652.0,
                645.6,
                640.8,
                639.2,
                634.4,
                626.4,
                613.5999999999999
            ]
        }
    },
    "Pearlite": {
        "1": {
            "Time": [
                95117.59691218697,
                37677.923197473996,
                28610.25569104376,
                14556.0479737076,
                9999.99999999999,
                5912.064049615384,
                3961.1937665181267,
                2462.0924014946277,
                1384.5363037975762,
                860.5628792983363,
                576.5932649858945,
                367.466194073669,
                217.24836754319284,
                169.14566412132402,
                135.03140378698717,
                88.23729256112047,
                81.85467307069028,
                74.05684692262436,
                79.8314307898147,
                92.76652840859879,
                125.26394555458536,
                164.96480740980203,
                240.1235650630514,
                349.52501326754714,
                496.19476030029017,
                722.2634735233368,
                839.291922645138,
                1162.0301363862611,
                1191.4805480891187,
                1350.3140378698731
            ],
            "Temperature": [
                703.2,
                700.0,
                700.0,
                700.0,
                700.0,
                698.4,
                693.6,
                685.6,
                679.2,
                674.4,
                674.4,
                669.6,
                663.2,
                658.4,
                652.0,
                639.2,
                636.0,
                618.4,
                610.4,
                610.4,
                607.2,
                604.0,
                597.5999999999999,
                594.4,
                591.2,
                588.0,
                584.8,
                580.0,
                578.4,
                576.8
            ]
        },
        "99": {
            "Time": [
                105133.01770262377,
                56234.132519034945,
                43782.88223191175,
                26540.74097340485,
                18695.58806958334,
                16088.729099336284,
                16496.480740980198,
                17782.7941003892,
                21724.836754319313,
                25884.72040318299,
                37677.923197473996,
                56234.132519034945,
                75933.73854788752,
                95117.59691218697
            ],
            "Temperature": [
                656.8,
                656.8,
                653.6,
                647.2,
                642.4,
                634.4,
                621.5999999999999,
                616.8,
                608.8,
                604.0,
                597.5999999999999,
                591.2,
                584.8,
                583.2
            ]
        }
    },
    "Bainite": {
        "10": {
            "Time": [
                5.912064049615391,
                4.603026532759475,
                3.961193766518134,
                3.5838335111856727,
                3.162277660168379,
                2.9335352039788734,
                2.7903081905977283,
                2.7903081905977283,
                3.162277660168379,
                3.495250132675474,
                3.961193766518134,
                4.489251258218605
            ],
            "Temperature": [
                546.4,
                540.0,
                533.5999999999999,
                527.2,
                514.4,
                503.2,
                488.79999999999995,
                480.79999999999995,
                468.0,
                458.4,
                444.0,
                431.2
            ]
        },
        "50": {
            "Time": [
                10.779750165872402,
                10.779750165872402,
                9.511759691218701,
                9.276652840859875,
                8.392919226451381,
                8.392919226451381,
                8.392919226451381,
                8.605628792983367,
                9.276652840859875,
                10.779750165872402,
                13.169376605490728,
                15.691056055902123,
                19.16940776533456,
                25.244915016590923,
                34.95250132675474,
                49.61947603002905,
                67.00187503509588,
                90.47357242349291,
                119.14805480891185,
                153.03212493000436,
                217.24836754319284,
                358.3833511185672,
                448.9251258218603,
                653.457566806572,
                904.7357242349293
            ],