{
    "Ferrite": {
        "1": {
            "Time": [
                263.2583564396947,
                211.2714263354413,
                182.45110451187912,
                153.757574001143,
                123.39430515490572,
                101.47742227290614,
                81.43817364198996,
                72.06916149885328,
                62.23793886748134,
                59.26847859868717,
                59.26847859868717,
                60.73506357775313,
                68.6306396652202,
                87.63450930327821,
                114.66951694635664,
                150.04475087782438,
                196.3331482116592,
                263.2583564396947,
                370.6825339396686,
                561.6544632941187,
                830.4635862521789,
                1141.1029832315069,
                1646.4953539067235,
                2750.999084488842,
                4067.633598212314,
                5454.191232699159,
                8064.57975005993,
                12219.370476057391,
                18514.66777671009,
                32484.5819690986,
                43557.78805928401,
                58405.581528563765,
                76423.54449288771,
                88495.55224025068
            ],
            "Temperature": [
                554.4502617801047,
                562.303664921466,
                563.8743455497382,
                568.586387434555,
                574.8691099476439,
                579.5811518324607,
                584.2931937172775,
                590.5759162303665,
                600.0,
                606.282722513089,
                612.5654450261779,
                618.848167539267,
                623.5602094240837,
                631.413612565445,
                637.696335078534,
                643.979057591623,
                653.4031413612565,
                659.6858638743455,
                665.9685863874345,
                670.6806282722513,
                675.3926701570681,
                680.1047120418848,
                686.3874345549739,
                691.0994764397906,
                694.2408376963351,
                697.3821989528795,
                702.0942408376964,
                708.3769633507853,
                713.0890052356021,
                716.2303664921466,
                719.3717277486911,
                722.5130890052355,
                725.6544502617801,
                727.2251308900524
            ]
        },
        "10": {
            "Time": [
                92929.34289180014,
                72777.26887545042,
                51686.34191283235,
                34956.21615114748,
                25440.179417004132,
                16384.657494447336,
                11081.179432360272,
                6964.460402167218,
                4826.716651616456,
                3345.154152609138,
                2154.4346900318833,
                1815.6132963373718,
                1321.353770413875,
                938.4240961597807,
                734.9233368080554,
                589.7943894905671,
                589.7943894905671,
                682.9594276542177,
                790.8409915948124,
                938.4240961597807,
                1086.659342697021,
                1567.938727110479,
                1953.756735858268,
                2494.7532717180966,
                3264.377867150962,
                4377.125105628216,
                6014.412430231673,
                6796.28781105693,
                8064.57975005993,
                9806.35093340028
            ],
            "Temperature": [
                691.0994764397906,
                691.0994764397906,
                684.8167539267015,
                681.6753926701571,
                681.6753926701571,
                678.5340314136125,
                676.9633507853403,
                669.109947643979,
                662.82722513089,
                656.5445026178011,
                645.5497382198953,
                643.979057591623,
                637.696335078534,
                629.8429319371728,
                623.5602094240837,
                615.7068062827225,
                606.282722513089,
                596.8586387434555,
                589.0052356020942,
                581.151832460733,
                576.4397905759163,
                570.1570680628272,
                567.0157068062827,
                563.8743455497382,
                559.1623036649214,
                552.8795811518324,
                546.5968586387435,
                546.5968586387435,
                543.4554973821989,
                541.8848167539267
            ]
        }
    },
    "Pearlite": {
        "1": {
            "Time": [
                95228.85827707619,
                74578.12578748421,
                59850.81431652515,
                46871.942385301685,
                33288.40553760464,
                24226.392402452853,
                17631.30673755474,
                13807.892223649655,
                10049.006849637917,
                6964.460402167218,
                5322.4874941398,
                4168.286263449015,
                4168.286263449015,
                4946.1526538023645,
                6163.237693451462,
                7679.807220826354,
                9806.35093340028,
                12521.736010276218,
                17205.55910349655,
                20921.58002070641,
                27375.830523868855,
                37615.908025786615,
                54275.923126629,
                71019.89771186319,
                90685.35448755491
            ],
            "Temperature": [
                658.1151832460732,
                658.1151832460732,
                656.5445026178011,
                653.4031413612565,
                648.6910994764398,
                645.5497382198953,
                643.979057591623,
                640.8376963350786,
                637.696335078534,
                629.8429319371728,
                621.9895287958116,
                609.4240837696335,
                604.7120418848167,
                595.2879581151833,
                590.5759162303665,
                582.7225130890051,
                579.5811518324607,
                574.8691099476439,
                568.586387434555,
                567.0157068062827,
                560.7329842931937,
                557.5916230366493,
                552.8795811518324,
                549.738219895288,
                545.0261780104712
            ]
        },
        "99": {
            "Time": [
                102474.47718203883,
                95228.85827707619,
                80252.50525479067,
                71019.89771186319,
                59850.81431652515,
                50438.25871003501,
                41479.58425960484,
                37615.908025786615,
                37615.908025786615,
                45740.11370854513,
                55618.96845973827,
                64404.64599670192,
                72777.26887545042,
                84273.30402438423,
                95228.85827707619
            ],
            "Temperature": [
                623.5602094240837,
                623.5602094240837,
                621.9895287958116,
                620.4188481675392,
                615.7068062827225,
                610.9947643979058,
                607.8534031413612,
                600.0,
                596.8586387434555,
                590.5759162303665,
                587.434554973822,
                584.2931937172775,
                582.7225130890051,
                579.5811518324607,
                579.5811518324607
            ]
        }
    },