{
    "Ferrite": {
        "1": {
            "Time": [
                17.782794100389225,
                22.558269724715853,
                23.10129700083159,
                26.645252167683996,
                32.230308524165025,
                40.88558799559006,
                53.11370676664855,
                74.10281578084077,
                94.00273637023948,
                119.24667574342583,
                178.67595651192306,
                243.42413552369177,
                356.1663556682192,
                508.8755329730318,
                762.4851764849628,
                1115.6312252087944,
                1449.2957704765813,
                2445.8496233632754,
                3332.1709412448217,
                4539.675324114237,
                6486.097474729253,
                9952.538913204358,
                14912.61202002068,
                22882.53483778707,
                29027.518956917418,
                43494.04025278369,
                65170.27997874931,
                88786.53499529709,
                95353.98397522313
            ],
            "Temperature": [
                552.3076923076923,
                566.1538461538462,
                566.1538461538462,
                578.4615384615385,
                590.7692307692307,
                601.5384615384615,
                612.3076923076923,
                620.0,
                624.6153846153845,
                632.3076923076924,
                640.0,
                646.1538461538462,
                656.9230769230769,
                666.1538461538462,
                676.9230769230769,
                683.0769230769231,
                687.6923076923076,
                696.9230769230769,
                706.1538461538462,
                710.7692307692307,
                716.9230769230769,
                718.4615384615385,
                723.0769230769231,
                723.0769230769231,
                723.0769230769231,
                727.6923076923076,
                729.2307692307693,
                732.3076923076923,
                732.3076923076923
            ]
        },
        "10": {
            "Time": [
                97649.3645525781,
                69990.8587837517,
                59255.309755456656,
                41473.30017281646,
                29027.518956917418,
                20316.609801562863,
                14912.61202002068,
                10437.465219901476,
                6965.867456138798,
                5113.0222891958765,
                3935.8752279665496,
                3177.357745341629,
                2388.3566151258633,
                1882.7531740411775,
                1256.5320014660874,
                838.5978005387962,
                601.0707852816855,
                420.69460451689235,
                356.1663556682192,
                255.28470376963307,
                162.45900972680917,
                137.540231841842,
                125.05683640277776,
                119.24667574342583,
                119.24667574342583,
                125.05683640277776,
                144.24172552410653,
                170.37464293995575,
                182.97708062986626,
                206.08652048371772,
                255.28470376963307,
                274.16785161915107,
                316.22776601683796
            ],
            "Temperature": [
                696.9230769230769,
                695.3846153846154,
                692.3076923076923,
                686.1538461538462,
                681.5384615384615,
                675.3846153846154,
                673.8461538461538,
                669.2307692307693,
                663.0769230769231,
                658.4615384615385,
                653.8461538461538,
                652.3076923076923,
                647.6923076923076,
                646.1538461538462,
                638.4615384615385,
                629.2307692307693,
                623.0769230769231,
                618.4615384615385,
                615.3846153846154,
                606.1538461538462,
                595.3846153846154,
                587.6923076923076,
                580.0,
                576.9230769230769,
                570.7692307692307,
                569.2307692307693,
                564.6153846153845,
                558.4615384615385,
                558.4615384615385,
                556.9230769230769,
                552.3076923076923,
                549.2307692307693,
                543.0769230769231
            ]
        }
    },
    "Pearlite": {
        "1": {
            "Time": [
                104872.3879497095,
                75168.01086146086,
                62142.45832754467,
                43494.04025278369,
                32693.6049013006,
                22882.53483778707,
                16015.682644458333,
                11479.351529114208,
                9267.063710089784,
                6486.097474729253,
                5491.227306649224,
                4328.761281083056,
                3578.648210012847,
                3412.3836407052595,
                3177.357745341629,
                3412.3836407052595,
                3935.8752279665496,
                4648.955315699884,
                5897.407761551601,
                7661.212713002806,
                9267.063710089784,
                11755.684823666488,
                14562.0708757416,
                17200.346272245348,
                20805.675382171685,
                28345.187806809055,
                35111.91734215129,
                44541.03767297408,
                55174.135509923355,
                71675.69303133136,
                78830.48796471114,
                90923.82259947111
            ],
            "Temperature": [
                641.5384615384615,
                641.5384615384615,
                641.5384615384615,
                641.5384615384615,
                638.4615384615385,
                635.3846153846154,
                632.3076923076924,
                626.1538461538462,
                623.0769230769231,
                613.8461538461538,
                610.7692307692307,
                604.6153846153845,
                601.5384615384615,
                596.9230769230769,
                592.3076923076923,
                586.1538461538462,
                578.4615384615385,
                572.3076923076923,
                567.6923076923076,
                564.6153846153845,
                560.0,
                556.9230769230769,
                553.8461538461538,
                550.7692307692307,
                549.2307692307693,
                547.6923076923076,
                544.6153846153845,
                543.0769230769231,
                543.0769230769231,
                540.0,
                538.4615384615385,
                538.4615384615385
            ]
        }
    },
    "Bainite": {
        "1": {
            "Time": [
                1.9465080240770023,
                1.6876124757881477,
                1.4983726414006437,
                1.2096079377043665,
                1.09982177542744,
                1.0240722042400605,
                1.0240722042400605,
                1.1811744647458597,
                1.3951731161676684,
                1.6092057297268973,
                1.9933647627875006,
                2.4692324940933577,
                2.6518790905101755,
                2.848035868435802,
                3.132331865304094,
                3.3640272424766677
            ],