{
    "Ferrite": {
        "1": {
            "Time": [
                1.2403809668895829,
                1.4319411046515362,
                1.6139876524527415,
                2.0504553271906616,
                3.23113801845371,
                3.555785469908418,
                5.091675373684542,
                6.468607661546326,
                8.620866812686195,
                13.263591039123991,
                19.923989279348728,
                24.71333708661627,
                38.02257979980994,
                55.76500511371239,
                74.31934460207425,
                96.7045671677144,
                148.7843227830123,
                193.59863321064748,
                387.5766355070767,
                447.4326278778939,
                625.5439040875985,
                895.7420290272305,
                1165.5423722424873,
                1836.6790152074573,
                2447.785674479145,
                3505.08492266387,
                5794.203751734594,
                8497.945261646506,
                14047.82691531643,
                20602.94551010671,
                29502.204552817584,
                42245.419377017235,
                64996.47634835073,
                86622.34521100861,
                100000.00000000001
            ],
            "Temperature": [
                643.9588688946016,
                653.2133676092545,
                657.840616966581,
                671.7223650385604,
                688.6889460154241,
                693.3161953727506,
                702.5706940874036,
                710.2827763496144,
                719.5372750642673,
                725.706940874036,
                733.4190231362468,
                738.0462724935733,
                744.2159383033419,
                748.8431876606684,
                750.3856041131105,
                751.9280205655527,
                755.012853470437,
                758.0976863753214,
                762.7249357326479,
                765.8097686375321,
                767.3521850899743,
                770.4370179948586,
                771.9794344473007,
                773.521850899743,
                775.0642673521851,
                775.0642673521851,
                775.0642673521851,
                775.0642673521851,
                776.6066838046272,
                776.6066838046272,
                779.6915167095116,
                782.7763496143959,
                784.3187660668381,
                787.4035989717224,
                787.4035989717224
            ]
        },
        "10": {
            "Time": [
                93071.12614071487,
                75034.3068985513,
                60492.95248919341,
                41246.26382901351,
                26174.56169061628,
                19639.900948287657,
                11599.761621748188,
                6851.076796958774,
                3505.08492266387,
                2333.3687004037974,
                1750.8270317357246,
                1193.7766417144371,
                813.9597141644472,
                640.6971714206111,
                469.3725327782684,
                312.46580353371235,
                184.54924215160452,
                141.82968938509242,
                106.42092440647238,
                72.56160171353861,
                50.67359368191088,
                37.12329954371047,
                28.529979217735985,
                20.406630919555287,
                17.67670228107359,
                13.584890214926453,
                12.344573546811638,
                9.952243606065053,
                8.416972827692824,
                7.467597010666308,
                6.625304162826689
            ],
            "Temperature": [
                751.9280205655527,
                751.9280205655527,
                751.9280205655527,
                751.9280205655527,
                751.9280205655527,
                751.9280205655527,
                747.3007712082263,
                747.3007712082263,
                747.3007712082263,
                747.3007712082263,
                745.758354755784,
                742.6735218508998,
                741.1311053984575,
                741.1311053984575,
                738.0462724935733,
                736.5038560411311,
                730.3341902313625,
                727.2493573264782,
                724.1645244215938,
                716.452442159383,
                713.3676092544987,
                708.7403598971723,
                701.0282776349615,
                693.3161953727506,
                687.146529562982,
                677.8920308483291,
                674.8071979434447,
                665.5526992287918,
                657.840616966581,
                647.0437017994859,
                636.2467866323907
            ]
        },
        "50": {
            "Time": [
                95325.69475880702,
                63459.23063267741,
                43268.77861564479,
                28804.441533962934,
                16217.324618834213,
                9578.312040182982,
                6851.076796958774,
                3262.2220097116688,
                2447.785674479145,
                1793.2393226914703,
                1516.607435477774,
                895.7420290272305,
                722.150736699403,
                541.86080004518,
                406.58149566884606,
                264.26364566917243,
                208.01148673966247,
                175.92284725313027,
                132.0024891125836,
                111.63928537393662,
                83.76776400682915,
                70.84543158211933,
                61.36797431129225,
                55.76500511371239,
                54.44609492024104,
                49.47510156107964
            ],
            "Temperature": [
                711.8251928020566,
                713.3676092544987,
                713.3676092544987,
                710.2827763496144,
                705.655526992288,
                704.1131105398458,
                704.1131105398458,
                702.5706940874036,
                702.5706940874036,
                702.5706940874036,
                702.5706940874036,
                699.4858611825193,
                696.401028277635,
                693.3161953727506,
                688.6889460154241,
                680.9768637532134,
                676.3496143958869,
                673.2647814910026,
                667.0951156812339,
                662.4678663239074,
                654.7557840616967,
                648.586118251928,
                639.3316195372751,
                633.1619537275064,
                626.9922879177378,
                619.280205655527
            ]
        }
    },
    "Pearlite": {
        "1": {
            "Time": [
                97634.8783779685,
                68183.5852471936,
                51161.080608814584,
                40270.739524913355,
                28123.181459137802,
                21613.2130610076,
                16610.17547034061,
                12765.243574693319,
                10291.389432315975,
                10047.985555644804,
                10047.985555644804,
                9578.312040182982,
                10291.389432315975,
                11057.55335629692,
                14388.123536072688,
                19639.900948287657,
                26174.56169061628,
                38388.36223663321,
                49951.05882927063,
                60492.95248919341,
                71526.97435849973,
                78713.6218502294,
                82573.35238876613,
                97634.8783779685
            ],