{
    "Ferrite": {
        "1": {
            "Time": [
                104988.48021795756,
                78395.611990784,
                54416.347363728295,
                31854.533353589,
                24372.056575330218,
                14978.753958690637,
                10653.299674040933,
                7216.904383332001,
                5521.688231213684,
                3562.845912232891,
                2355.5537752607343,
                1716.6126336037196,
                1313.3885767440602,
                957.1334975870406,
                664.3702058768229,
                484.1605828641381,
                352.8326043609534,
                250.94420266171093,
                196.72924343204136,
                158.0270747984487,
                120.9072744739422,
                99.51437851313555,
                81.90666420976946,
                64.21123066848521,
                59.689579595042304,
                62.6671824653229,
                70.77734897710071,
                88.11132101350054,
                104.47863359928661,
                126.93870994314621,
                161.92068244593708,
                174.18662287576515,
                227.66374150639015,
                269.95392146083327,
                336.0679225268035,
                418.37380224116487,
                450.0667772099692,
                588.2419943374445,
                750.3506630021561,
                911.6557317526836,
                1055.0081484365523,
                1191.5435951967042,
                1345.7489796247505
            ],
            "Temperature": [
                744.1558441558441,
                744.1558441558441,
                739.4805194805194,
                737.922077922078,
                734.8051948051948,
                731.6883116883116,
                730.1298701298701,
                727.012987012987,
                723.8961038961039,
                719.2207792207791,
                712.987012987013,
                708.3116883116883,
                706.7532467532467,
                702.077922077922,
                695.8441558441558,
                689.6103896103896,
                680.2597402597403,
                675.5844155844156,
                672.4675324675325,
                666.2337662337662,
                655.3246753246754,
                650.6493506493507,
                645.974025974026,
                638.1818181818182,
                628.8311688311688,
                622.5974025974026,
                610.1298701298701,
                603.8961038961039,
                596.1038961038961,
                589.8701298701299,
                583.6363636363636,
                583.6363636363636,
                577.4025974025974,
                574.2857142857142,
                566.4935064935064,
                563.3766233766233,
                561.8181818181818,
                558.7012987012987,
                557.1428571428571,
                555.5844155844156,
                552.4675324675325,
                549.3506493506493,
                547.7922077922078
            ]
        },
        "10": {
            "Time": [
                102463.88642734433,
                90722.85356330613,
                80327.19083425845,
                53107.83073050245,
                39655.978284259305,
                29611.388604099444,
                22655.815745983557,
                16510.452846634184,
                11460.316648086384,
                7576.918230843415,
                5388.911570447832,
                3650.630389091596,
                3004.7010482393484,
                2355.5537752607343,
                1802.2455152499997,
                1134.9279394492085,
                934.1178935914453,
                714.6980901565756,
                560.2919416646921,
                408.31342322529156,
                327.9867026760732,
                290.4036791410644,
                239.02070221489777,
                222.18925071500468,
                239.02070221489777,
                276.6052794917907,
                352.8326043609534,
                496.0897497518797,
                617.5863298586862,
                868.3388214212409,
                1134.9279394492085,
                1378.9067060798495,
                1802.2455152499997,
                2189.679485894596,
                2793.114857183603,
                3650.630389091596,
                4328.761281083056,
                5259.327708859661,
                5388.911570447832,
                6547.381595494111,
                7763.604890744144,
                10653.299674040933
            ],
            "Temperature": [
                720.7792207792207,
                719.2207792207791,
                717.6623376623377,
                712.987012987013,
                711.4285714285714,
                706.7532467532467,
                705.1948051948052,
                702.077922077922,
                700.5194805194806,
                698.961038961039,
                694.2857142857142,
                688.0519480519481,
                686.4935064935065,
                681.8181818181818,
                677.1428571428571,
                670.9090909090909,
                669.3506493506493,
                666.2337662337662,
                660.0,
                653.7662337662338,
                649.090909090909,
                644.4155844155844,
                636.6233766233765,
                630.3896103896104,
                617.922077922078,
                613.2467532467533,
                605.4545454545455,
                594.5454545454545,
                589.8701298701299,
                586.7532467532467,
                582.077922077922,
                578.9610389610389,
                571.1688311688312,
                569.6103896103896,
                566.4935064935064,
                560.2597402597403,
                558.7012987012987,
                555.5844155844156,
                555.5844155844156,
                550.9090909090909,
                549.3506493506493,
                546.2337662337662
            ]
        }
    },
    "Pearlite": {
        "1": {
            "Time": [
                104988.48021795756,
                76510.48064273168,
                61458.71979409544,
                47022.3619113321,
                38702.395221343395,
                30340.979588864036,
                23214.029315152988,
                16917.25165341549,
                10147.112951749157,
                7763.604890744144,
                5939.971417110967,
                4328.761281083056,
                3154.58996563952,
                2533.9935017376247,
                2085.637854123419,
                1938.7706076350441,
                1758.9080192931629,
                1846.6507978876662,
                2243.6307015498983,
                2932.448839299035,
                3832.74136388217,
                4888.974352713438,
                5797.136556325058,
                7394.720710907349,
                8351.7194766766,
                9903.111530855616,
                12632.226829251387,
                14267.045229719071,
                17334.073520783706,
                20554.002542801078,
                22111.02519720299,
                27526.20248207772,
                35977.035107924974,
                39655.978284259305,
                54416.347363728295,
                62972.992849521856,
                78395.611990784,
                86412.19815256339
            ],