{
    "Ferrite": {
        "1": {
            "Time": [
                2.7752299202912636,
                2.4646348057119214,
                2.295222233812897,
                2.1374546404928196,
                2.087313244716946,
                1.9905315802795258,
                1.8982373547039941,
                1.8982373547039941,
                1.9438367733440398,
                2.087313244716946,
                2.241379853142464,
                2.6465518833161568,
                2.9800723235589524,
                2.9800723235589524,
                3.518777064617436,
                4.154862931544809,
                4.905933414625673,
                5.656884604299131,
                7.172492504947543,
                9.76541539256097,
                12.67922718362785,
                16.076280197404756,
                22.95222233812897,
                32.00034342635654,
                51.4446487335287,
                73.44789972182193,
                118.0769015838895,
                172.6288597992511,
                320.00343426356534,
                435.6876581570786,
                683.9928255402965,
                1153.0699922332215,
                1726.2885979925113,
                2241.3798531424645,
                3778.5014014045682,
                8270.38587697271,
                17262.885979925133,
                21374.54640492819,
                31249.66462629794,
                47908.4776820648,
                55241.827988763886,
                73447.89972182192,
                82703.85876972704
            ],
            "Temperature": [
                567.175572519084,
                574.8091603053435,
                580.9160305343512,
                587.0229007633587,
                593.1297709923664,
                602.2900763358779,
                609.9236641221373,
                619.0839694656488,
                623.6641221374045,
                631.2977099236641,
                638.9312977099237,
                649.618320610687,
                658.7786259541984,
                658.7786259541984,
                664.8854961832061,
                670.9923664122138,
                681.679389312977,
                687.7862595419847,
                695.4198473282443,
                700.0,
                706.1068702290077,
                709.1603053435115,
                718.3206106870228,
                722.9007633587786,
                730.5343511450382,
                736.6412213740458,
                741.2213740458016,
                745.8015267175572,
                750.3816793893129,
                751.9083969465648,
                754.9618320610687,
                759.5419847328244,
                764.1221374045801,
                767.175572519084,
                770.2290076335878,
                776.3358778625955,
                782.4427480916031,
                785.4961832061068,
                790.0763358778626,
                790.0763358778626,
                790.0763358778626,
                793.1297709923664,
                793.1297709923664
            ]
        },
        "10": {
            "Time": [
                86725.00426996955,
                63697.69416995301,
                49059.33414625674,
                32000.343426356514,
                21888.00531845345,
                13615.093199225841,
                8880.831053642052,
                4905.933414625669,
                3689.863574608933,
                2775.2299202912623,
                1810.2225006084113,
                976.5415392560966,
                700.4236871084288,
                446.15373810823587,
                194.3836773344039,
                185.37076282360604,
                129.83807317901224,
                73.44789972182193,
                55.2418279887639,
                41.548629315448075,
                32.76905501708971,
                19.90531580279526,
                17.262885979925116,
                13.295704069887234,
                12.091334248191565,
                10.2402197940476,
                9.999999999999996,
                9.999999999999996,
                9.536333778926675,
                9.536333778926675,
                9.76541539256097
            ],
            "Temperature": [
                751.9083969465648,
                748.854961832061,
                744.2748091603053,
                742.7480916030535,
                739.6946564885496,
                738.1679389312977,
                733.587786259542,
                730.5343511450382,
                727.4809160305343,
                725.9541984732824,
                722.9007633587786,
                719.8473282442748,
                716.793893129771,
                712.2137404580153,
                700.0,
                698.4732824427481,
                696.9465648854962,
                687.7862595419847,
                681.679389312977,
                674.0458015267176,
                667.9389312977099,
                657.2519083969465,
                654.1984732824427,
                638.9312977099237,
                634.3511450381679,
                623.6641221374045,
                617.5572519083969,
                603.8167938931297,
                596.1832061068702,
                590.0763358778626,
                582.4427480916031
            ]
        }
    },
    "Pearlite": {
        "1": {
            "Time": [
                86725.00426996955,
                57927.7416975871,
                42546.709633159786,
                29800.723235589496,
                23503.580150428963,
                14277.072840416266,
                9999.99999999999,
                6839.9282554029605,
                4568.712340164293,
                3051.6595595401786,
                2241.3798531424645,
                1685.7925246838565,
                1209.1334248191565,
                770.1901110479849,
                579.2774169758707,
                446.15373810823587,
                320.00343426356534,
                235.03580150428974,
                132.95704069887236,
                107.3810966713053,
                93.12626067332974,
                82.70385876972706,
                78.86916020333302,
                77.01901110479847,
                88.80831053642048,
                99.99999999999994,
                112.60207450854475,
                123.81792030477696,
                156.99155409485954,
                194.3836773344039,
                240.68182668740715,
                305.1659559540181,
                360.3305054793617,
                456.87123401642884,
                565.6884604299132,
                652.2783886743432,
                807.6375354540812,
                931.2626067332967
            ],