{
    "Ferrite": {
        "1": {
            "Time": [
                100000.00000000001,
                78791.67467284149,
                65112.53385842004,
                50094.83617391417,
                39470.56034604336,
                32618.017165059857,
                26955.15428340741,
                19306.977288832524,
                15579.251340306448,
                12571.262124228526,
                9671.798642975453,
                7620.572121785501,
                5458.333175773765,
                4300.712118415442,
                3554.059037181061,
                2937.0335172358155,
                2485.679522759762,
                2259.6296621345014,
                2054.136972705619,
                2005.7529180876256,
                2103.6881784318853,
                2427.130723244404,
                3388.6031009573576,
                4404.456646546077,
                5862.946645916405,
                7265.803424422967,
                9671.798642975453,
                15212.290734576287,
                26955.15428340741,
                37633.0448610702,
                52540.82579624152,
                76935.78057158674,
                84632.31720621139,
                97644.55558412641
            ],
            "Temperature": [
                698.9769820971867,
                695.9079283887468,
                694.3734015345269,
                691.304347826087,
                689.769820971867,
                686.7007672634271,
                679.0281329923273,
                672.8900255754476,
                668.2864450127877,
                662.148337595908,
                657.5447570332481,
                651.4066496163683,
                645.2685421994885,
                637.5959079283887,
                632.9923273657289,
                626.854219948849,
                619.1815856777494,
                614.5780051150896,
                603.8363171355498,
                597.6982097186701,
                590.0255754475704,
                585.4219948849104,
                573.145780051151,
                563.9386189258312,
                557.8005115089513,
                556.2659846547315,
                550.1278772378516,
                543.9897698209718,
                539.386189258312,
                536.3171355498721,
                534.7826086956522,
                534.7826086956522,
                534.7826086956522,
                534.7826086956522
            ]
        }
    },
    "Pearlite": {
        "1": {
            "Time": [
                100000.00000000001,
                86673.87208628947,
                71626.29115692784,
                52540.82579624152,
                36746.61940736691,
                31849.717901176762,
                25094.926112912948,
                20738.15835221499,
                18852.212170408704,
                18852.212170408704,
                18852.212170408704,
                19306.977288832524,
                20738.15835221499,
                22275.429519995614,
                24503.829077118735,
                31099.515499402,
                35035.91447717403,
                44466.51835063806,
                57796.92884153313,
                63578.84431561809,
                76935.78057158674,
                82638.85001655325,
                100000.00000000001
            ],
            "Temperature": [
                648.3375959079284,
                645.2685421994885,
                642.1994884910487,
                636.0613810741688,
                628.3887468030691,
                625.3196930946292,
                620.7161125319693,
                616.1125319693094,
                611.5089514066497,
                606.9053708439898,
                603.8363171355498,
                597.6982097186701,
                593.0946291560102,
                591.5601023017903,
                585.4219948849104,
                576.2148337595909,
                573.145780051151,
                567.0076726342711,
                562.4040920716113,
                562.4040920716113,
                560.8695652173913,
                560.8695652173913,
                557.8005115089513
            ]
        }
    },
    "Bainite": {
        "1": {
            "Time": [
                24.975576863014975,
                24.387291032462873,
                21.13740943478798,
                19.678675269572217,
                17.467712080199217,
                15.879183130663813,
                15.505157798326245,
                15.505157798326245,
                16.65451887612464,
                18.762552716089868,
                22.16948954661593,
                31.698243458739128,
                39.28284185071255,
                57.52205175791058,
                88.34251771400238,
                126.31335639768378,
                176.35054720471382,
                270.8396321792183,
                387.2502603652732,
                580.7311946333448,
                1004.7786383694979,
                1580.3663139606278,
                2259.6296621345014,
                3554.059037181061,
                6149.2178017374135,
                10144.045303845392,
                15212.290734576287,
                25094.926112912948,
                38540.853236458395,
                56435.554308588806,
                73354.10635897428,
                88764.67465880874,
                104882.7180786373
            ],
            "Temperature": [
                362.91560102301787,
                367.51918158567776,
                379.79539641943734,
                387.46803069053703,
                402.8132992327366,
                419.693094629156,
                427.36572890025576,
                438.1074168797954,
                447.3145780051151,
                453.4526854219949,
                458.0562659846547,
                462.6598465473146,
                467.26342710997443,
                474.9360613810742,
                481.074168797954,
                487.21227621483376,
                491.8158567774936,
                493.35038363171356,
                493.35038363171356,
                496.4194373401535,
                497.9539641943734,
                497.9539641943734,
                497.9539641943734,
                497.9539641943734,
                497.9539641943734,
                494.8849104859335,
                494.8849104859335,
                494.8849104859335,
                493.35038363171356,
                493.35038363171356,
                493.35038363171356,
                493.35038363171356,
                493.35038363171356
            ]
        },
        "10": {
            "Time": [
                76.56988080124198,
                67.96700557986003,
                58.909635477169,
                57.52205175791058,
                53.5523419213553,
                52.29094627399918,
                54.844165761210164,
                64.8028644041251,
                86.26165881366586,
                117.59622343638897,
                176.35054720471382,
                229.2178566260524,
                378.1287957320434,
                527.9189940235655,
                850.3674444451258,
                1159.2635868040802,
                2259.6296621345014,
                3554.059037181061,
                7441.073781285298,
                13503.140378698723,
                23926.65500344649,
                34210.66298607125,
                53808.24919723719,
                71626.29115692784,
                95344.59235221552
            ],