{
    "Ferrite": {
        "1": {
            "Time": [
                1.0486210143040429,
                1.2983807317901237,
                1.76775746714016,
                2.4646348057119214,
                3.124966462629794,
                3.9622159720901067,
                4.568712340164289,
                5.394593973546807,
                7.004236871084294,
                9.094166194309791,
                12.091334248191565,
                16.076280197404756,
                20.383480889055246,
                27.101272981508057,
                38.69268484249965,
                53.94593973546803,
                70.04236871084294,
                118.0769015838895,
                168.57925246838576,
                240.68182668740715,
                351.87770646174334,
                526.8045102589065,
                770.1901110479849,
                1238.1792030477689,
                1898.2373547039947,
                3689.863574608933,
                4678.461853905991,
                8076.375354540807,
                10486.210143040427,
                18102.225006084114,
                32769.05501708969,
                46784.6185390598,
                62203.44431178996,
                82703.85876972704,
                95363.33778926672
            ],
            "Temperature": [
                595.4081632653061,
                601.530612244898,
                606.1224489795918,
                615.3061224489795,
                621.4285714285714,
                630.6122448979593,
                635.204081632653,
                641.3265306122449,
                645.9183673469388,
                650.5102040816327,
                655.1020408163265,
                659.6938775510205,
                665.8163265306123,
                670.4081632653061,
                676.530612244898,
                684.1836734693877,
                688.7755102040817,
                694.8979591836735,
                699.4897959183673,
                705.6122448979592,
                711.7346938775511,
                717.8571428571429,
                719.3877551020408,
                723.9795918367347,
                725.5102040816327,
                734.6938775510205,
                734.6938775510205,
                740.8163265306123,
                742.3469387755102,
                746.9387755102041,
                748.469387755102,
                751.530612244898,
                754.5918367346939,
                759.1836734693877,
                759.1836734693877
            ]
        },
        "10": {
            "Time": [
                5.656884604299131,
                7.3447899721821885,
                9.312626067332971,
                12.3817920304777,
                15.330877388600102,
                20.87313244716946,
                25.23840212254987,
                32.76905501708971,
                45.68712340164288,
                60.744247255266394,
                73.44789972182193,
                115.30699922332221,
                156.99155409485954,
                224.1379853142464,
                271.01272981508066,
                377.85014014045674,
                607.4424725526641,
                867.2500426996952,
                1024.02197940476,
                1329.5704069887229,
                2188.8005318453484,
                2910.164413942749,
                4254.670963315974,
                5268.045102589072,
                9312.62606733296,
                11260.20745085447,
                15699.155409485946,
                20873.132447169464,
                29101.644139427524,
                36898.63574608937,
                52680.45102589058,
                62203.44431178996,
                80763.75354540817,
                93126.26067332971
            ],
            "Temperature": [
                596.9387755102041,
                606.1224489795918,
                610.7142857142858,
                616.8367346938776,
                622.9591836734694,
                632.1428571428571,
                635.204081632653,
                639.795918367347,
                644.3877551020408,
                650.5102040816327,
                655.1020408163265,
                662.7551020408164,
                667.3469387755102,
                671.9387755102041,
                673.469387755102,
                678.0612244897959,
                679.5918367346939,
                684.1836734693877,
                687.2448979591836,
                694.8979591836735,
                699.4897959183673,
                701.0204081632653,
                702.5510204081633,
                702.5510204081633,
                705.6122448979592,
                708.6734693877552,
                713.2653061224489,
                714.795918367347,
                716.3265306122449,
                719.3877551020408,
                722.4489795918367,
                723.9795918367347,
                723.9795918367347,
                725.5102040816327
            ]
        }
    },
    "Pearlite": {
        "1": {
            "Time": [
                90941.66194309783,
                52680.45102589058,
                42546.709633159786,
                28418.9643627997,
                17677.57467140161,
                13295.704069887233,
                8672.500426996945,
                5931.928071561071,
                4356.876581570779,
                3124.9664626297904,
                2350.358015042898,
                1810.2225006084113,
                1267.922718362785,
                888.0831053642049,
                700.4236871084288,
                502.3783646072932,
                396.22159720901084,
                240.68182668740715,
                189.82373547039944,
                115.30699922332221,
                77.01901110479847,
                49.05933414625671,
                35.187770646174336,
                25.23840212254987,
                21.88800531845347
            ],
            "Temperature": [
                684.1836734693877,
                684.1836734693877,
                685.7142857142858,
                685.7142857142858,
                684.1836734693877,
                684.1836734693877,
                682.6530612244899,
                678.0612244897959,
                678.0612244897959,
                675.0,
                671.9387755102041,
                670.4081632653061,
                667.3469387755102,
                664.2857142857143,
                661.2244897959183,
                659.6938775510205,
                655.1020408163265,
                648.9795918367347,
                644.3877551020408,
                639.795918367347,
                635.204081632653,
                622.9591836734694,
                616.8367346938776,
                606.1224489795918,
                601.530612244898
            ]
        },
        "99": {
            "Time": [
                97654.15392560961,
                80763.75354540817,
                60744.247255266324,
                46784.6185390598,
                37785.01401404566,
                26465.518833161565,
                20383.480889055267,
                16857.92524683854,
                13295.704069887233,
                11530.699922332218,
                11530.699922332218,
                12983.80731790124,
                18537.076282360595,
                27101.272981508053,
                32000.343426356514,
                42546.709633159786,
                55241.827988763886,
                73447.89972182192,
                107381.09667130519
            ],