{
    "Ferrite": {
        "1": {
            "Time": [
                31.391732621773617,
                32.964516418370536,
                36.35043012694451,
                42.09241287616509,
                52.44996744030297,
                66.97339820851462,
                87.63450930327821,
                136.0686142235236,
                186.96581546140317,
                370.6825339396686,
                473.324773418377,
                619.3441779744029,
                915.7637315804365,
                1227.9253761216407,
                1953.756735858268,
                2750.999084488842,
                3873.561034472346,
                5869.180888376231,
                8264.13593580247,
                13474.469549252653,
                18972.809006175074,
                28053.239203575507,
                40477.96622169561,
                62849.45068057448,
                90685.35448755491,
                107608.63779746322
            ],
            "Temperature": [
                569.1292875989445,
                575.4617414248021,
                586.5435356200528,
                597.6253298153035,
                607.1240105540898,
                616.622691292876,
                622.9551451187335,
                635.6200527704486,
                643.5356200527705,
                660.9498680738786,
                667.2823218997362,
                673.6147757255937,
                679.9472295514512,
                684.6965699208444,
                691.0290237467018,
                692.6121372031662,
                695.778364116095,
                697.3614775725594,
                697.3614775725594,
                698.9445910290237,
                703.6939313984169,
                706.8601583113457,
                708.4432717678101,
                708.4432717678101,
                710.0263852242745,
                710.0263852242745
            ]
        },
        "10": {
            "Time": [
                105010.18473732157,
                76423.54449288771,
                69304.96223532934,
                50438.25871003501,
                37615.908025786615,
                27375.830523868855,
                18972.809006175074,
                13149.098116710775,
                9112.977484072804,
                6632.176126142909,
                4271.429555920119,
                3599.674815847967,
                3185.5521071378844,
                2619.7450193715445,
                1953.756735858268,
                1493.1301483114314,
                1034.8132854115545,
                790.8409915948124,
                589.7943894905671,
                370.6825339396686,
                283.2887312527462,
                269.7726243996051,
                297.48202002852315,
                336.1547699266389,
                398.8864253255969,
                450.7417776688785,
                575.5524748302337,
                699.8591028541036,
                1009.825386640697,
                1227.9253761216407,
                1493.1301483114314,
                1860.5402330692996,
                2102.4110093332656,
                2684.5700121034915,
                3108.629772737437,
                3688.7479477937154,
                4596.427159603872,
                6163.237693451462
            ],
            "Temperature": [
                681.5303430079156,
                681.5303430079156,
                681.5303430079156,
                679.9472295514512,
                678.3641160949868,
                678.3641160949868,
                679.9472295514512,
                679.9472295514512,
                679.9472295514512,
                678.3641160949868,
                673.6147757255937,
                670.448548812665,
                667.2823218997362,
                664.1160949868074,
                659.3667546174142,
                654.6174142480211,
                648.2849604221636,
                643.5356200527705,
                637.203166226913,
                626.1213720316623,
                619.7889182058047,
                605.5408970976254,
                597.6253298153035,
                594.4591029023748,
                583.377308707124,
                578.6279683377309,
                572.2955145118733,
                567.5461741424803,
                562.7968337730871,
                561.2137203166227,
                558.047493403694,
                556.4643799472296,
                554.8812664907653,
                553.2981530343009,
                551.7150395778365,
                551.7150395778365,
                548.5488126649077,
                546.9656992084433
            ]
        }
    },
    "Pearlite": {
        "1": {
            "Time": [
                102474.47718203883,
                69304.96223532934,
                64404.64599670192,
                37615.908025786615,
                24226.392402452853,
                17631.30673755474,
                13474.469549252653,
                9806.35093340028,
                8064.57975005993,
                7136.794385670962,
                6632.176126142909,
                6632.176126142909,
                6964.460402167218,
                8264.13593580247,
                10813.599383069135,
                15226.154544661991,
                23070.516886580175,
                32484.5819690986,
                51686.34191283235,
                74578.12578748421,
                102474.47718203883
            ],
            "Temperature": [
                657.7836411609499,
                657.7836411609499,
                657.7836411609499,
                657.7836411609499,
                656.2005277044855,
                651.4511873350923,
                646.7018469656992,
                640.3693931398417,
                634.0369393139842,
                624.5382585751979,
                615.0395778364116,
                611.8733509234828,
                602.3746701846966,
                594.4591029023748,
                580.2110817941953,
                569.1292875989445,
                562.7968337730871,
                559.6306068601583,
                554.8812664907653,
                550.1319261213721,
                548.5488126649077
            ]
        }
    },
    "Bainite": {
        "1": {
            "Time": [
                10.197473115040323,
                8.386232120781255,
                7.242234975496374,
                6.103270699060356,
                4.334536607550773,
                3.7432463315657887,
                2.8607215256825658,
                2.1334724978531834,
                1.59110380309033,
                1.1866153956781522,
                1.0,
                0.842733040243843,
                0.7642354449288767,
                0.7457812578748427,
                0.842733040243843,
                1.157961892862565,
                1.5526830161463974,
                2.031681501361007,
                2.65844971578109,
                4.028056386801462,
                6.567646460350563,
                8.806397842533,
                11.523147612386081,
                14.358614196281717,
                20.21773426728447
            ],