{
    "Ferrite": {
        "1": {
            "Time": [
                102419.02162277307,
                69869.98619396173,
                55015.419525807774,
                47665.12014462475,
                35779.41355810664,
                28854.105305628007,
                22719.636784015125,
                19684.194472866115,
                16651.497143106484,
                15499.276240674364,
                14086.040324845011,
                13753.343960584138,
                13753.343960584138,
                14426.784686095563,
                15133.200840133848,
                17466.847675242032,
                20160.35939343347,
                23832.11740858415,
                34109.23446073866,
                42295.832533859575,
                55015.419525807774,
                65035.24623914297,
                75064.14218519817,
                86639.56497189846,
                93080.37654194278,
                100000.00000000006
            ],
            "Temperature": [
                683.3333333333334,
                684.8484848484849,
                683.3333333333334,
                678.7878787878788,
                674.2424242424242,
                669.6969696969697,
                662.1212121212121,
                656.060606060606,
                646.969696969697,
                642.4242424242425,
                631.8181818181818,
                624.2424242424242,
                616.6666666666667,
                612.1212121212121,
                603.030303030303,
                595.4545454545455,
                584.8484848484849,
                580.3030303030303,
                568.1818181818182,
                563.6363636363636,
                557.5757575757575,
                553.030303030303,
                551.5151515151515,
                548.4848484848485,
                548.4848484848485,
                548.4848484848485
            ]
        }
    },
    "Pearlite": {
        "1": {
            "Time": [
                102419.02162277307,
                102419.02162277307,
                76879.9600156072,
                66608.46290809156,
                59105.282520013665,
                53716.01744882805,
                46539.32383789371,
                42295.832533859575,
                38439.26602723203,
                34934.34421770633,
                36644.92530857864,
                41296.852736635636,
                48818.14970744404,
                63499.1871711868,
                71560.15626782224,
                88735.39478244523,
                93080.37654194278,
                102419.02162277307
            ],
            "Temperature": [
                654.5454545454545,
                654.5454545454545,
                653.030303030303,
                650.0,
                648.4848484848485,
                645.4545454545455,
                639.3939393939394,
                634.8484848484849,
                631.8181818181818,
                622.7272727272727,
                613.6363636363636,
                598.4848484848485,
                592.4242424242425,
                586.3636363636364,
                583.3333333333333,
                580.3030303030303,
                580.3030303030303,
                580.3030303030303
            ]
        }
    },
    "Bainite": {
        "1": {
            "Time": [
                214.87205174772444,
                225.39339047347906,
                225.39339047347906,
                225.39339047347906,
                236.42991285239694,
                266.44374934270365,
                293.1757384209389,
                338.3855153428234,
                419.6018267515783,
                520.3109619951869,
                676.7836012005725,
                880.3121139282333,
                1321.6220214282914,
                1638.8261001792484,
                2772.723571068836,
                5817.091329374358,
                8944.521110882193,
                13753.343960584138,
                22183.024621828008,
                39369.12018406607,
                56346.25441999645,
                80644.43331014428,
                102419.02162277307
            ],
            "Temperature": [
                306.0606060606061,
                322.72727272727275,
                325.75757575757575,
                327.27272727272725,
                346.969696969697,
                360.6060606060606,
                366.66666666666663,
                381.81818181818187,
                392.42424242424244,
                401.5151515151515,
                409.0909090909091,
                415.1515151515151,
                419.6969696969697,
                422.72727272727275,
                425.75757575757575,
                425.75757575757575,
                425.75757575757575,
                425.75757575757575,
                425.75757575757575,
                425.75757575757575,
                427.27272727272725,
                428.7878787878788,
                428.7878787878788
            ]
        },
        "10": {
            "Time": [
                660.7987368726125,
                693.1551428529968,
                762.6985859023443,
                901.6070543120481,
                1065.8145896829174,
                1259.9288505431412,
                1525.42550491448,
                2131.6687727810395,
                2978.848683341355,
                3874.6751204561306,
                5817.091329374358,
                8733.261623828432,
                12801.664345620253,
                16258.207586122851,
                21147.523467523006,
                28172.60392498441,
                41296.852736635636,
                60535.05208437398,
                71560.15626782224,
                95332.01097705092
            ],
            "Temperature": [
                309.0909090909091,
                318.18181818181824,
                328.78787878787875,
                345.4545454545455,
                356.0606060606061,
                363.6363636363636,
                371.21212121212125,
                377.27272727272725,
                380.30303030303025,
                381.81818181818187,
                383.33333333333337,
                386.3636363636364,
                386.3636363636364,
                386.3636363636364,
                386.3636363636364,
                384.8484848484849,
                383.33333333333337,
                384.8484848484849,
                384.8484848484849,
                387.8787878787879
            ]
        },
        "50": {
            "Time": [
                1290.4068018693363,
                1321.6220214282914,
                1419.8718038412296,
                1489.3966772431047,
                1678.4696579022336,
                1891.5447009813602,
                2345.536602268397,
                2978.848683341355,
                3606.5621918975407,
                5414.570513170356,
                7387.748641664709,
                11915.83737653896,
                17054.300459513688,
                28172.60392498441,
                40321.46771401412,
                51208.559650751406,
                71560.15626782224,
                86639.56497189846,
                97638.11293601028,
                102419.02162277307
            ],