{
    "Ferrite": {
        "1": {
            "Time": [
                2.0968953831437,
                2.3071218879820456,
                2.79291739724714,
                3.9963153488175345,
                4.837793235259328,
                6.1430173615968995,
                8.379855204521792,
                10.8979396444083,
                15.225536828223921,
                20.279345851876247,
                30.437045227017254,
                40.54000682088819,
                62.31689544061142,
                107.94313340670406,
                174.04594141851464,
                249.03796573997295,
                401.54520096109604,
                560.9997343458117,
                904.5478282705593,
                1294.2947662613353,
                1683.220759850171,
                3058.2795339113845,
                3883.3954573560973,
                5425.500827110066,
                9176.046414544953,
                14446.113987261871,
                26247.451199286916,
                38464.690354516795,
                55038.15923907428,
                76893.94030385799,
                97639.72689975334
            ],
            "Temperature": [
                623.7851662404091,
                636.0613810741688,
                645.2685421994885,
                663.6828644501279,
                669.8209718670076,
                680.5626598465474,
                692.8388746803068,
                700.5115089514067,
                715.8567774936062,
                723.5294117647059,
                732.7365728900256,
                735.8056265984654,
                741.9437340153453,
                748.081841432225,
                751.1508951406649,
                754.2199488491049,
                758.8235294117646,
                763.4271099744245,
                769.5652173913044,
                771.0997442455243,
                774.1687979539643,
                775.7033248081841,
                777.2378516624041,
                780.306905370844,
                783.3759590792839,
                784.9104859335039,
                786.4450127877237,
                792.5831202046036,
                792.5831202046036,
                795.6521739130435,
                795.6521739130435
            ]
        },
        "10": {
            "Time": [
                97639.72689975334,
                78752.71955932953,
                65054.59961419793,
                45464.91134319554,
                22742.933056895672,
                15894.424702451373,
                10340.054351159928,
                6726.680958037542,
                4171.881367183335,
                2649.942890870499,
                1683.220759850171,
                995.2342449249487,
                822.1248191582142,
                534.8300094323249,
                463.4203530462682,
                308.76392712003184,
                231.81697170760296,
                174.04594141851464,
                113.22489033457637,
                73.65799907077347,
                39.58315194505662,
                30.437045227017254,
                25.142875087521656,
                16.75198941971484,
                14.172689813193927,
                12.577231717377499,
                11.707515199636418,
                10.38956848991834,
                9.002369748673525,
                7.988948592466252,
                7.260990200377832
            ],
            "Temperature": [
                766.4961636828644,
                766.4961636828644,
                761.8925831202046,
                760.3580562659847,
                757.2890025575448,
                754.2199488491049,
                751.1508951406649,
                749.616368286445,
                748.081841432225,
                743.4782608695652,
                737.3401534526854,
                732.7365728900256,
                732.7365728900256,
                729.6675191815857,
                728.1329923273657,
                726.5984654731458,
                721.9948849104859,
                718.9258312020461,
                714.3222506393862,
                709.7186700767263,
                698.9769820971867,
                695.9079283887468,
                692.8388746803068,
                680.5626598465474,
                672.8900255754476,
                666.7519181585678,
                659.079283887468,
                648.3375959079284,
                639.1304347826087,
                629.923273657289,
                614.5780051150896
            ]
        }
    },
    "Pearlite": {
        "1": {
            "Time": [
                102417.32865831321,
                73306.9630878838,
                50023.04499225527,
                32542.29163454175,
                22206.13772574666,
                14105.146244789557,
                9397.86161422387,
                6113.741245429746,
                3702.2413771891966,
                2587.3970016453864,
                1765.5823017926339,
                1294.2947662613353,
                948.8081865516091,
                802.720428201172,
                534.8300094323249,
                382.81377061249503,
                274.0055351907082,
                182.5621696198187,
                140.37924572489135,
                83.00172856386482,
                63.823299613068514,
                44.604388863306,
                35.12716927267214,
                27.663601106438435,
                26.373139120897378,
                23.404243387120903,
                23.404243387120903,
                23.970000869779177,
                27.663601106438435,
                32.69812287959987,
                35.12716927267214,
                42.52366668997363,
                49.07624990442531,
                56.63853783449677,
                63.823299613068514,
                73.65799907077347,
                85.00815313533454,
                102.9077618465958
            ],
            "Temperature": [
                728.1329923273657,
                728.1329923273657,
                726.5984654731458,
                725.0639386189258,
                721.9948849104859,
                720.4603580562659,
                718.9258312020461,
                715.8567774936062,
                711.2531969309463,
                709.7186700767263,
                708.1841432225065,
                705.1150895140665,
                700.5115089514067,
                698.9769820971867,
                697.4424552429667,
                692.8388746803068,
                691.304347826087,
                683.6317135549872,
                679.0281329923273,
                671.3554987212276,
                665.2173913043479,
                662.148337595908,
                659.079283887468,
                652.9411764705883,
                651.4066496163683,
                645.2685421994885,
                639.1304347826087,
                626.854219948849,
                619.1815856777494,
                611.5089514066497,
                609.9744245524297,
                603.8363171355498,
                599.23273657289,
                594.6291560102302,
                594.6291560102302,
                593.0946291560102,
                588.4910485933503,
                582.3529411764706
            ]
        },