{
    "Ferrite": {
        "1": {
            "Time": [
                4.837793235259328,
                5.998025375267653,
                7.80038758784574,
                9.442863991213004,
                12.577231717377499,
                17.15694006079521,
                20.76956429087212,
                25.75066101253623,
                35.12716927267214,
                44.604388863306,
                53.99644219008568,
                66.94623244123534,
                93.53073707541259,
                124.57637364990383,
                174.04594141851464,
                231.81697170760296,
                267.53825625041526,
                522.206560587648,
                802.720428201172,
                1263.7458750553699,
                1851.9738698332428,
                2714.0007198004473,
                3702.2413771891966,
                5297.444190534126,
                7579.979826471918,
                10590.007448275679,
                15894.424702451373,
                22206.13772574666,
                28197.296360054428,
                41322.11791114793,
                53739.10837168359,
                66627.18309422297,
                76893.94030385799,
                97639.72689975334
            ],
            "Temperature": [
                667.5949367088608,
                675.1898734177215,
                681.2658227848101,
                684.3037974683544,
                687.3417721518987,
                688.8607594936709,
                691.8987341772151,
                694.9367088607595,
                699.493670886076,
                702.5316455696202,
                705.5696202531645,
                707.0886075949367,
                711.6455696202531,
                714.6835443037975,
                719.2405063291139,
                723.7974683544304,
                725.3164556962025,
                726.8354430379746,
                728.3544303797469,
                731.3924050632911,
                734.4303797468355,
                738.9873417721519,
                742.0253164556962,
                743.5443037974683,
                745.0632911392405,
                745.0632911392405,
                745.0632911392405,
                748.1012658227849,
                751.1392405063291,
                755.6962025316456,
                757.2151898734177,
                760.253164556962,
                760.253164556962,
                760.253164556962
            ]
        },
        "10": {
            "Time": [
                5.718227249733947,
                7.988948592466252,
                9.671129048638146,
                12.88126474410413,
                14.515290305702113,
                20.279345851876247,
                27.010664570963666,
                38.648881457467745,
                52.72197868998292,
                71.91946913252613,
                110.55247370522568,
                154.4531181831078,
                243.15998962521107,
                323.8720304303069,
                534.8300094323249,
                948.8081865516091,
                1263.7458750553699,
                1896.7421649331939,
                2846.7992744805906,
                4931.125526948298,
                9857.70763797316,
                12517.291711490305,
                18787.064273434127,
                29577.016039265913,
                39394.508337787964,
                53739.10837168359,
                63519.13339903096,
                90887.93245240183
            ],
            "Temperature": [
                646.3291139240506,
                649.367088607595,
                650.8860759493671,
                656.9620253164557,
                660.0,
                666.0759493670886,
                669.1139240506329,
                673.6708860759493,
                676.7088607594936,
                681.2658227848101,
                685.8227848101266,
                690.379746835443,
                691.8987341772151,
                693.4177215189873,
                696.4556962025316,
                697.9746835443038,
                699.493670886076,
                702.5316455696202,
                707.0886075949367,
                710.126582278481,
                716.2025316455696,
                717.7215189873418,
                719.2405063291139,
                719.2405063291139,
                719.2405063291139,
                720.7594936708861,
                723.7974683544304,
                725.3164556962025
            ]
        },
        "50": {
            "Time": [
                90887.93245240183,
                60556.06916561545,
                42321.00930963616,
                24432.437977809714,
                15894.424702451373,
                10846.00273324037,
                6889.286944589493,
                3702.2413771891966,
                2526.3273662189636,
                2086.9020933296324,
                1325.5821245692186,
                822.1248191582142,
                632.1641676667172,
                431.37480083267036,
                316.22776601683796,
                191.4951047100371,
                110.55247370522568,
                87.06307958297782,
                71.91946913252613,
                50.26258415779041,
                36.84597401556795,
                25.142875087521656,
                18.43147815964224,
                13.838175627951724,
                11.161378662598263,
                8.582423845905856,
                7.988948592466252,
                7.616277137894844,
                7.436512197368886,
                7.436512197368886,
                7.80038758784574,
                8.789889237110847,
                10.144346299619102,
                10.8979396444083,
                11.707515199636418
            ],
            "Temperature": [
                702.5316455696202,
                702.5316455696202,
                699.493670886076,
                696.4556962025316,
                693.4177215189873,
                690.379746835443,
                687.3417721518987,
                681.2658227848101,
                679.746835443038,
                678.2278481012659,
                678.2278481012659,
                675.1898734177215,
                673.6708860759493,
                670.632911392405,
                669.1139240506329,
                666.0759493670886,
                661.5189873417721,
                656.9620253164557,
                653.9240506329114,
                650.8860759493671,
                647.8481012658228,
                643.2911392405063,
                638.7341772151899,
                634.1772151898733,
                629.620253164557,
                623.5443037974683,
                622.0253164556962,
                617.4683544303798,
                615.9493670886076,
                606.8354430379746,
                599.2405063291139,
                596.2025316455696,
                587.0886075949367,
                582.5316455696202,
                581.0126582278481
            ]
        }
    },
    "Pearlite": {
        "1": {
            "Time": [
                95335.16269058433,
                62019.908379903834,
                43344.04719616539,
                22206.13772574666,
                11376.70763560942,
                7226.386099480487,
                5828.545162811805,
                5425.500827110066,
                5050.327037488617,
                4931.125526948298,
                6113.741245429746,
                7055.823652254485,
                7950.8752201673715,
                7950.8752201673715
            ],