{
    "Ferrite": {
        "1": {
            "Time": [
                95363.33778926672,
                49059.33414625674,
                37785.01401404566,
                23503.580150428963,
                14620.036390149022,
                9312.62606733296,
                6369.769416995305,
                3962.215972090109,
                1898.2373547039947,
                953.6333778926676,
                667.9474066932487,
                479.08477682064733,
                320.00343426356534,
                258.44678498546835,
                218.88005318453483,
                189.82373547039944,
                199.05315802795258,
                229.52222338128956,
                284.1896436279974,
                360.3305054793617,
                415.4862931544805
            ],
            "Temperature": [
                741.6243654822335,
                737.0558375634517,
                734.010152284264,
                726.3959390862944,
                720.3045685279188,
                712.6903553299493,
                705.0761421319797,
                694.4162436548223,
                674.6192893401015,
                663.9593908629442,
                653.2994923857868,
                645.6852791878173,
                631.9796954314721,
                622.8426395939086,
                613.7055837563453,
                598.4771573604062,
                589.3401015228426,
                581.725888324873,
                572.5888324873097,
                563.4517766497462,
                552.7918781725889
            ]
        },
        "10": {
            "Time": [
                95363.33778926672,
                73447.89972182192,
                57927.7416975871,
                41548.6293154481,
                32000.343426356514,
                25844.678498546797,
                13942.154687651528,
                9765.415392560968,
                7172.4925049475405,
                5144.464873352861,
                3518.777064617434,
                2137.4546404928183,
                1646.246426921195,
                1209.1334248191565,
                953.6333778926676,
                734.4789972182188,
                607.4424725526641,
                622.0344431179004,
                717.2492504947546,
                888.0831053642049,
                1126.0207450854468,
                1607.6280197404749,
                2523.8402122549855,
                3518.777064617434,
                5144.464873352861,
                6522.783886743434,
                8672.500426996945,
                13615.093199225841,
                16462.46426921194,
                21374.54640492819,
                29101.644139427524,
                34362.3197098056,
                47908.4776820648,
                52680.45102589058
            ],
            "Temperature": [
                702.0304568527919,
                700.5076142131979,
                695.9390862944163,
                694.4162436548223,
                691.3705583756346,
                688.3248730964467,
                683.756345177665,
                679.1878172588832,
                674.6192893401015,
                670.0507614213197,
                663.9593908629442,
                654.8223350253808,
                647.2081218274112,
                638.0710659898477,
                630.4568527918782,
                619.7969543147208,
                610.6598984771574,
                596.9543147208121,
                590.8629441624366,
                583.2487309644671,
                578.6802030456853,
                574.1116751269035,
                571.0659898477157,
                569.5431472081218,
                566.4974619289341,
                560.4060913705584,
                555.8375634517766,
                554.3147208121827,
                551.269035532995,
                548.2233502538072,
                548.2233502538072,
                545.1776649746193,
                543.6548223350254,
                543.6548223350254
            ]
        }
    },
    "Pearlite": {
        "1": {
            "Time": [
                95363.33778926672,
                73447.89972182192,
                55241.827988763886,
                42546.709633159786,
                31249.66462629794,
                22413.79853142461,
                16857.92524683854,
                12381.792030477689,
                7886.916020333292,
                5394.59397354681,
                4461.537381082359,
                3603.3050547936145,
                3051.6595595401786,
                3051.6595595401786,
                3689.863574608933,
                5268.045102589072,
                7701.901110479851,
                11260.20745085447,
                14620.036390149022,
                17262.885979925133,
                20383.480889055267,
                29101.644139427524,
                42546.709633159786,
                52680.45102589058,
                65227.83886743429,
                84690.56916178757,
                102402.19794047598
            ],
            "Temperature": [
                679.1878172588832,
                677.6649746192893,
                671.5736040609137,
                665.4822335025381,
                662.4365482233502,
                657.8680203045685,
                654.8223350253808,
                648.7309644670052,
                636.5482233502538,
                630.4568527918782,
                625.8883248730965,
                621.3197969543147,
                613.7055837563453,
                606.0913705583757,
                603.0456852791879,
                593.9086294416244,
                587.8172588832488,
                581.725888324873,
                578.6802030456853,
                577.1573604060914,
                574.1116751269035,
                571.0659898477157,
                566.4974619289341,
                564.9746192893401,
                563.4517766497462,
                563.4517766497462,
                563.4517766497462
            ]
        },
        "99": {
            "Time": [
                97654.15392560961,
                86725.00426996955,
                75212.26365626237,
                66794.7406693249,
                60744.247255266324,
                53945.93973546797,
                45687.12340164282,
                42546.709633159786,
                42546.709633159786,
                46784.6185390598,
                53945.93973546797,
                65227.83886743429,
                71724.92504947537,
                82703.85876972704,
                93126.26067332971
            ],
            "Temperature": [
                633.502538071066,
                631.9796954314721,
                630.4568527918782,
                627.4111675126903,
                625.8883248730965,
                621.3197969543147,
                618.274111675127,
                615.2284263959391,
                609.1370558375635,
                604.5685279187817,
                600.0,
                598.4771573604062,
                596.9543147208121,
                596.9543147208121,
                596.9543147208121
            ]
        }
    },