{
    "Ferrite": {
        "1": {
            "Time": [
                1.1836457888646927,
                1.3033551175250544,
                1.5427107962537776,
                1.7401463466047205,
                2.161364596978904,
                2.68454255596867,
                3.33436049840005,
                4.242433688236212,
                5.943723218279728,
                9.169445978784385,
                12.540832284699178,
                18.886462801822915,
                24.0299649904443,
                33.66639795554074,
                49.494924881088615,
                82.0778442725981,
                101.94553300259763,
                149.87604271147413,
                220.34146585195896,
                339.9231582322003,
                511.92344636196657,
                700.1454720693737,
                1080.12197870962,
                1587.9499870833972,
                2697.5055263874588,
                3779.2520536232137,
                5972.423939780576,
                9213.722891703996,
                19914.214464503108,
                37250.29419916072,
                52188.308595897426,
                68019.89908343961,
                76725.06031195115
            ],
            "Temperature": [
                629.5336787564767,
                634.1968911917098,
                645.0777202072538,
                652.8497409326425,
                662.1761658031088,
                673.0569948186528,
                677.720207253886,
                685.4922279792746,
                694.8186528497409,
                702.5906735751296,
                708.8082901554404,
                716.5803108808291,
                719.6891191709844,
                725.9067357512954,
                730.5699481865286,
                733.6787564766839,
                735.2331606217617,
                739.8963730569949,
                743.0051813471503,
                747.6683937823834,
                752.3316062176166,
                755.4404145077721,
                758.5492227979274,
                760.1036269430052,
                764.7668393782383,
                764.7668393782383,
                764.7668393782383,
                767.8756476683938,
                769.4300518134714,
                769.4300518134714,
                770.9844559585492,
                775.6476683937824,
                775.6476683937824
            ]
        },
        "10": {
            "Time": [
                84484.73431896903,
                49733.92323322387,
                34653.647545908025,
                23571.37608945748,
                18526.0327211607,
                12908.585661591002,
                9668.423127096261,
                6267.165012764842,
                4366.840847160742,
                3432.138883855163,
                2830.628305554681,
                1972.3277243616735,
                1374.2802771568438,
                828.7242396075967,
                511.92344636196657,
                308.70221735358786,
                248.54068418974185,
                215.09780731846885,
                142.82746084815278,
                112.25590746637126,
                88.2280528286902,
                67.69302674487272,
                53.2036493631281,
                39.84909016631872,
                29.136350067417577,
                20.796566148655813,
                15.205768286764846,
                11.117959933290628,
                8.951232654895836,
                6.867838653131899,
                5.664193422062595,
                4.671496921073779,
                3.8527786495778042,
                3.1775474914003747,
                2.620656149351131
            ],
            "Temperature": [
                743.0051813471503,
                743.0051813471503,
                743.0051813471503,
                743.0051813471503,
                743.0051813471503,
                741.4507772020726,
                738.3419689119171,
                736.7875647668394,
                735.2331606217617,
                732.1243523316062,
                732.1243523316062,
                730.5699481865286,
                725.9067357512954,
                722.7979274611399,
                719.6891191709844,
                718.1347150259068,
                718.1347150259068,
                718.1347150259068,
                718.1347150259068,
                715.0259067357513,
                711.9170984455959,
                704.1450777202073,
                699.4818652849741,
                694.8186528497409,
                688.6010362694301,
                680.8290155440415,
                673.0569948186528,
                663.7305699481865,
                657.5129533678756,
                649.740932642487,
                641.9689119170985,
                634.1968911917098,
                629.5336787564767,
                621.761658031088,
                615.5440414507773
            ]
        },
        "50": {
            "Time": [
                80511.46710911462,
                66401.17006710616,
                56098.85211588131,
                39088.60838983822,
                27900.160046032288,
                17654.7643324626,
                12008.75288236015,
                8367.46958207422,
                5830.292944888791,
                3689.3138878559685,
                2633.3106286278,
                1834.8405368189556,
                1189.3613120972307,
                700.1454720693737,
                524.4031261014964,
                365.3940795837675,
                273.677121736382,
                165.03392239477967,
                114.99248416354426,
                90.37887801782578,
                74.53923602711848,
                64.50946363528499,
                55.82926684408404,
                49.494924881088615,
                47.167207765452574,
                42.8350386578436,
                41.81565578716099,
                41.81565578716099,
                39.84909016631872
            ],
            "Temperature": [
                715.0259067357513,
                715.0259067357513,
                715.0259067357513,
                715.0259067357513,
                715.0259067357513,
                716.5803108808291,
                715.0259067357513,
                711.9170984455959,
                708.8082901554404,
                704.1450777202073,
                704.1450777202073,
                702.5906735751296,
                699.4818652849741,
                697.9274611398964,
                696.3730569948186,
                691.7098445595855,
                687.0466321243523,
                683.9378238341969,
                680.8290155440415,
                676.1658031088083,
                673.0569948186528,
                669.9481865284974,
                663.7305699481865,
                659.0673575129533,
                651.2953367875648,
                643.5233160621761,
                634.1968911917098,
                627.979274611399,
                617.0984455958549
            ]
        }
    },
    "Pearlite": {
        "1": {
            "Time": [
                82474.17722138223,
                53460.556198645514,
                48550.361573789996,
                35498.43484028346,
                26588.03197988886,
                18977.6607074293,
                15279.193058541332,
                12301.502493865626,
                11171.645722481082,
                10646.249815314477,
                10646.249815314477,
                10646.249815314477,
                11722.970089345288,
                12908.585661591002,
                16824.471182045145,
                20399.68357233062,
                24734.63120168213,
                31470.812087195263,
                36363.81637576419,
                40041.51124598948,
                42017.57290998919,
                47394.96616609365
            ],