{
    "Ferrite": {
        "1": {
            "Time": [
                3.7098656141455026,
                4.080994839022053,
                5.179474679231212,
                5.975820111134201,
                7.584329354525064,
                9.625800423733464,
                12.216773489967924,
                17.05626983142528,
                21.647299543062477,
                36.57185573431116,
                54.844165761210164,
                99.52440884120979,
                123.33811549791213,
                213.39908187177016,
                277.3729989951919,
                425.9901781710859,
                719.6856730011522,
                1215.8671595360204,
                1780.4000522000435,
                2669.9371312601393,
                4199.411234979427,
                6149.2178017374135,
                8382.922384256008,
                17137.775576882254,
                22812.771676557073,
                33404.8498351325,
                45539.16814371447,
                65112.53385842004,
                82638.85001655325,
                102412.26395243761,
                107412.76607918466
            ],
            "Temperature": [
                655.3846153846154,
                661.5384615384615,
                672.3076923076923,
                680.0,
                689.2307692307693,
                698.4615384615385,
                704.6153846153846,
                715.3846153846154,
                721.5384615384615,
                730.7692307692307,
                733.8461538461538,
                736.9230769230769,
                740.0,
                747.6923076923076,
                750.7692307692307,
                758.4615384615385,
                764.6153846153846,
                769.2307692307693,
                770.7692307692307,
                775.3846153846154,
                776.9230769230769,
                781.5384615384615,
                783.0769230769231,
                786.1538461538462,
                787.6923076923076,
                789.2307692307693,
                789.2307692307693,
                789.2307692307693,
                789.2307692307693,
                789.2307692307693,
                790.7692307692307
            ]
        },
        "10": {
            "Time": [
                6.894603837688125,
                7.405684692262435,
                7.9546507750618405,
                9.177680174646497,
                10.095801121236628,
                11.373669942511036,
                12.813284097788735,
                14.435116387279184,
                17.05626983142528,
                22.16948954661593,
                28.815577591999364,
                41.200912271559744,
                71.28564284881615,
                92.65603379754735,
                145.73406420787438,
                203.4644846940097,
                277.3729989951919,
                406.1585988376981,
                491.4862667575131,
                702.7338770046036,
                1131.9577773834476,
                1471.3021288322295,
                2259.6296621345014,
                3639.79232218333,
                5081.642876368975,
                7992.663174471516,
                10895.999653185987,
                17551.183959373007,
                27605.383753509934,
                42396.42065463896,
                51303.25584897008,
                66683.22004120532,
                84632.31720621139,
                97644.55558412641,
                107412.76607918466
            ],
            "Temperature": [
                600.0,
                612.3076923076923,
                618.4615384615385,
                633.8461538461538,
                644.6153846153846,
                655.3846153846154,
                666.1538461538462,
                675.3846153846154,
                684.6153846153846,
                692.3076923076923,
                696.9230769230769,
                703.0769230769231,
                710.7692307692307,
                715.3846153846154,
                720.0,
                726.1538461538462,
                730.7692307692307,
                735.3846153846154,
                736.9230769230769,
                738.4615384615385,
                743.0769230769231,
                746.1538461538462,
                747.6923076923076,
                750.7692307692307,
                756.9230769230769,
                763.0769230769231,
                764.6153846153846,
                767.6923076923076,
                767.6923076923076,
                767.6923076923076,
                767.6923076923076,
                767.6923076923076,
                767.6923076923076,
                767.6923076923076,
                769.2307692307693
            ]
        }
    },
    "Pearlite": {
        "1": {
            "Time": [
                107412.76607918466,
                65112.53385842004,
                44466.51835063806,
                28271.298474727868,
                10144.045303845392,
                6927.550656129391,
                4510.703766531442,
                3388.6031009573576,
                2154.4346900318833,
                1369.76467745704,
                830.3375119605361,
                580.7311946333448,
                425.9901781710859,
                284.06396786374756,
                193.9923835130395,
                138.94954943731383,
                92.65603379754735,
                69.60654915501412,
                51.059262099980806,
                38.357556345943486,
                33.24597932270942,
                27.47409498902813,
                23.81286194765588,
                22.70427615138834,
                24.975576863014975,
                30.222561008547636,
                33.24597932270942,
                43.212636663606624,
                51.059262099980806,
                63.27646895319196,
                73.00524071452148,
                86.26165881366586,
                92.65603379754735
            ],
            "Temperature": [
                720.0,
                720.0,
                716.9230769230769,
                715.3846153846154,
                709.2307692307693,
                707.6923076923076,
                706.1538461538462,
                703.0769230769231,
                693.8461538461538,
                689.2307692307693,
                690.7692307692307,
                689.2307692307693,
                687.6923076923076,
                680.0,
                673.8461538461538,
                670.7692307692307,
                666.1538461538462,
                663.0769230769231,
                658.4615384615385,
                650.7692307692307,
                646.1538461538462,
                640.0,
                633.8461538461538,
                624.6153846153845,
                620.0,
                613.8461538461538,
                610.7692307692307,
                604.6153846153845,
                603.0769230769231,
                596.9230769230769,
                593.8461538461538,
                587.6923076923076,
                587.6923076923076
            ]
        },