{
    "Ferrite": {
        "1": {
            "Time": [
                93000.95215967632,
                60174.39945895519,
                41864.772882899444,
                29839.38830019262,
                20759.978086765957,
                15910.384392721511,
                13111.339374215646,
                9345.192145605368,
                6346.305996286578,
                4415.277286832663,
                3638.5166762791673,
                2721.911180968684,
                2243.0571354692424,
                1893.69888895036,
                1848.4458082827418,
                1987.5557887935217,
                2297.970969046963,
                2788.548171726288,
                3727.5937203149433,
                4634.1105134391,
                6046.619009070424,
                7337.467970651368,
                9808.365445406655,
                11340.229629996771,
                14796.808977495539,
                20263.883924964346,
                29126.326549087327,
                37096.055367544555,
                49588.17797682542,
                60174.39945895519,
                69572.39832772291,
                76639.69743235924,
                86491.77102606387,
                93000.95215967632
            ],
            "Temperature": [
                678.8659793814433,
                674.2268041237113,
                672.680412371134,
                671.1340206185566,
                669.5876288659794,
                663.4020618556701,
                661.8556701030927,
                655.6701030927835,
                649.4845360824743,
                641.7525773195875,
                637.1134020618556,
                630.9278350515464,
                621.6494845360825,
                613.9175257731958,
                607.7319587628865,
                603.0927835051546,
                592.2680412371134,
                586.0824742268042,
                578.3505154639175,
                572.1649484536083,
                564.4329896907216,
                558.2474226804123,
                552.0618556701031,
                548.9690721649484,
                544.3298969072165,
                539.6907216494845,
                536.5979381443299,
                533.5051546391753,
                530.4123711340205,
                528.8659793814434,
                528.8659793814434,
                528.8659793814434,
                528.8659793814434,
                528.8659793814434
            ]
        }
    },
    "Pearlite": {},
    "Bainite": {
        "1": {
            "Time": [
                29.55209235202887,
                26.185883228938877,
                23.771162460223337,
                20.560099405330064,
                20.068781676649667,
                20.068781676649667,
                20.560099405330064,
                22.648634163526314,
                24.949326331577446,
                32.554051186850316,
                46.79161847131307,
                68.90254987297214,
                94.36043101478883,
                142.35126948841847,
                220.00724099609408,
                316.22776601683796,
                578.9019893892905,
                852.4565830077609,
                1486.855992604234,
                1940.0598415938475,
                3551.5682761808753,
                8082.8221925227135,
                15910.384392721511,
                29126.326549087327,
                42889.693351712944,
                61647.5705633716,
                76639.69743235924,
                97610.33388509278
            ],
            "Temperature": [
                374.2268041237113,
                388.1443298969072,
                397.4226804123711,
                408.24742268041234,
                422.16494845360825,
                434.53608247422676,
                446.90721649484533,
                459.2783505154639,
                463.91752577319585,
                471.64948453608247,
                477.83505154639175,
                485.5670103092783,
                491.7525773195876,
                493.29896907216494,
                497.9381443298969,
                497.9381443298969,
                497.9381443298969,
                497.9381443298969,
                499.4845360824742,
                501.03092783505156,
                501.03092783505156,
                502.57731958762884,
                502.57731958762884,
                502.57731958762884,
                502.57731958762884,
                502.57731958762884,
                502.57731958762884,
                502.57731958762884
            ]
        },
        "10": {
            "Time": [
                70.58940086618746,
                64.08002744416,
                59.595035667250635,
                55.42395061044184,
                55.42395061044184,
                55.42395061044184,
                61.05402296585331,
                68.90254987297214,
                83.61205692482773,
                109.09758222704635,
                142.35126948841847,
                176.96979983160531,
                236.56450378954875,
                340.0263746481822,
                551.5649222521214,
                792.7927389450597,
                1349.746160789862,
                1987.5557887935217,
                2656.866591799207,
                4309.766901630027,
                7162.126984864567,
                11902.28244778714,
                18845.60499474843,
                31318.31005243845,
                40864.344591234076,
                67909.85029955705,
                93000.95215967632
            ],
            "Temperature": [
                374.2268041237113,
                383.5051546391752,
                389.69072164948454,
                402.06185567010306,
                408.24742268041234,
                417.5257731958763,
                428.35051546391753,
                437.62886597938143,
                443.8144329896907,
                448.45360824742266,
                451.5463917525773,
                456.1855670103093,
                462.3711340206185,
                463.91752577319585,
                467.0103092783505,
                468.5567010309278,
                468.5567010309278,
                468.5567010309278,
                470.10309278350513,
                473.1958762886598,
                476.2886597938144,
                480.92783505154637,
                480.92783505154637,
                480.92783505154637,
                480.92783505154637,
                480.92783505154637,
                480.92783505154637
            ]
        },
        "50": {
            "Time": [
                204.60882894660102,
                194.94673519620378,
                181.30231993667232,
                176.96979983160531,
                176.96979983160531,
                194.94673519620378,
                230.91140200259187,
                316.22776601683796,
                465.65816979705573,
                685.7004804796223,
                962.0403271064753,
                1523.2567428306975,
                2137.1348815666142,
                3638.5166762791673,
                6823.915077117051,
                10294.494881615477,
                15910.384392721511,
                25808.615404180735,
                37096.055367544555,
                53320.075574802606,
                58736.43222523572,
                93000.95215967632,
                95277.7728115929
            ],