{
    "Ferrite": {
        "1": {
            "Time": [
                97538.81817521117,
                83992.87059458465,
                62283.39742539423,
                46185.12937334611,
                31780.77635675416,
                21330.66175232718,
                13964.379570970044,
                9141.952512600796,
                6950.104618599581,
                4903.161412303261,
                3209.91480968312,
                2049.6906107066407,
                1446.0162056671525,
                946.6522603081901,
                619.7375232963911,
                448.24468792893106,
                340.7748477738814,
                217.6017269181244,
                149.7354648966176,
                108.30089225108665,
                69.15551818028403,
                51.28102650249718,
                38.026519768013905,
                28.909392200917704,
                20.395004690050566,
                14.751329666105507,
                10.93858230636892,
                7.911674262070324,
                6.645242324805787,
                4.4601621653763,
                3.5640849914153283,
                2.777940527278392,
                2.452507756620109,
                2.219833219782038,
                2.0599316663400793,
                2.009233002565047,
                2.009233002565047,
                2.009233002565047,
                1.9115483236201238,
                1.9115483236201238,
                2.009233002565047
            ],
            "Temperature": [
                750.4545454545455,
                750.4545454545455,
                750.4545454545455,
                752.0454545454545,
                752.0454545454545,
                750.4545454545455,
                748.8636363636364,
                747.2727272727273,
                747.2727272727273,
                745.6818181818182,
                742.5,
                740.9090909090909,
                737.7272727272727,
                732.9545454545455,
                729.7727272727273,
                726.5909090909091,
                721.8181818181818,
                718.6363636363636,
                717.0454545454545,
                713.8636363636364,
                705.9090909090909,
                697.9545454545455,
                691.5909090909091,
                685.2272727272727,
                677.2727272727273,
                667.7272727272727,
                659.7727272727273,
                651.8181818181819,
                643.8636363636364,
                629.5454545454545,
                618.409090909091,
                605.6818181818182,
                597.7272727272727,
                588.1818181818182,
                577.0454545454545,
                569.0909090909091,
                562.7272727272727,
                551.5909090909091,
                545.2272727272727,
                532.5,
                522.9545454545455
            ]
        }
    },
    "Pearlite": {
        "1": {
            "Time": [
                97538.81817521117,
                77942.60052634844,
                65466.227598150006,
                47350.51155775,
                38792.215948496174,
                30235.661912054802,
                21868.895021888038,
                16625.672479242996,
                13285.460832668496,
                7872.340968837602,
                5417.092279038363,
                2978.694572094695,
                2208.7972053975736,
                1679.2224240526266,
                1308.829625928205,
                815.1835575381657,
                619.7375232963911,
                483.0395420947917,
                415.9562163071848,
                340.7748477738814,
                246.47614441990024,
                207.0223890291282,
                173.8840473190534,
                128.94057731855784,
                98.02616024436759,
                80.30857221391517,
                70.90050861192354,
                62.59458962910602,
                53.90160927718509,
                36.177750426584076,
                31.1534747583759,
                26.82695795279726,
                20.395004690050566,
                18.00575163776351,
                15.505157798326245,
                13.351840189041868,
                10.669363906755,
                9.657139052966048,
                8.525815510298965,
                8.111308307896874,
                7.716953573095753,
                7.911674262070324,
                8.525815510298965,
                9.900816140317302,
                11.21459385197768,
                12.702701826031996
            ],
            "Temperature": [
                726.5909090909091,
                725.0,
                721.8181818181818,
                721.8181818181818,
                721.8181818181818,
                721.8181818181818,
                721.8181818181818,
                721.8181818181818,
                721.8181818181818,
                721.8181818181818,
                721.8181818181818,
                720.2272727272727,
                717.0454545454545,
                713.8636363636364,
                709.0909090909091,
                705.9090909090909,
                701.1363636363636,
                696.3636363636364,
                694.7727272727273,
                690.0,
                685.2272727272727,
                683.6363636363636,
                680.4545454545455,
                675.6818181818182,
                670.909090909091,
                666.1363636363636,
                664.5454545454545,
                662.9545454545455,
                659.7727272727273,
                648.6363636363636,
                645.4545454545455,
                640.6818181818182,
                631.1363636363636,
                627.9545454545455,
                621.5909090909091,
                615.2272727272727,
                605.6818181818182,
                597.7272727272727,
                580.2272727272727,
                573.8636363636364,
                557.9545454545455,
                545.2272727272727,
                534.0909090909091,
                518.1818181818182,
                500.6818181818182,
                491.1363636363637
            ]
        },
        "99": {
            "Time": [
                100000.00000000001,
                79909.3140398098,
                59255.30975545676,
                30235.661912054802,
                16216.484449934951,
                10884.20058498419,
                5837.592378488595,
                3290.9100907057104,
                2049.6906107066407,
                1214.5505204027331,
                900.6280202112785,
                619.7375232963911,
                448.24468792893106,
                349.37356649302455,
                279.1820204209942,
                165.4301709820028,
                88.72621353826388,
                65.79332246575677,
                48.787850945721296,
                38.026519768013905,
                31.1534747583759,
                27.503878409319466,
                24.28182838099775,
                22.532732077756638,
                20.395004690050566,
                19.893046541454204,
                22.532732077756638,
                26.166697739519257,
                30.38673109983256,
                37.0906179748838,
                43.07240622981709,
                50.01890719865252,
                61.05402296585331,
                67.45347513599228
            ],