{
    "Ferrite": {
        "1": {
            "Time": [
                93220.66466219918,
                72064.86497277168,
                54421.73180094856,
                37425.768914183594,
                25142.38683525933,
                16499.83779430828,
                11346.921459058201,
                8177.143628036748,
                6321.396157738217,
                4148.453045435308,
                3132.8165134675532,
                1786.6213535081529,
                1318.0099813030504,
                972.3102813046839,
                700.694091338597,
                504.95425079534937,
                323.71483439835106,
                222.6183582433279,
                168.11627401041284,
                129.96342206084506,
                83.31663231669721,
                67.49448574119239,
                49.79141535229729,
                40.33583547586477,
                30.46069705485598,
                22.471187124745974,
                15.095996574802427,
                12.815146556831506,
                11.946364797713253,
                10.878909547925604,
                11.400150089399922,
                12.815146556831506,
                14.072588344413631,
                16.193830659227036,
                19.076021571856625,
                23.5478477673291,
                27.09735052292357,
                31.18189027792709,
                37.601333927652256
            ],
            "Temperature": [
                765.1515151515151,
                763.6363636363636,
                762.1212121212121,
                762.1212121212121,
                760.6060606060606,
                756.060606060606,
                753.030303030303,
                753.030303030303,
                753.030303030303,
                750.0,
                748.4848484848485,
                743.939393939394,
                742.4242424242425,
                739.3939393939394,
                739.3939393939394,
                739.3939393939394,
                736.3636363636364,
                733.3333333333334,
                730.3030303030303,
                725.7575757575758,
                721.2121212121212,
                719.6969696969697,
                719.6969696969697,
                716.6666666666666,
                713.6363636363636,
                709.0909090909091,
                696.969696969697,
                689.3939393939394,
                680.3030303030303,
                663.6363636363636,
                654.5454545454545,
                639.3939393939394,
                627.2727272727273,
                615.1515151515151,
                600.0,
                587.8787878787879,
                581.8181818181818,
                577.2727272727273,
                566.6666666666667
            ]
        }
    },
    "Pearlite": {
        "1": {
            "Time": [
                88958.40588980798,
                73771.08634210876,
                62625.03296462009,
                45130.64544510722,
                31036.29839554449,
                25737.66273996916,
                18118.82712376156,
                14006.881788178685,
                10094.040447546718,
                7446.48329396707,
                5756.554247347471,
                3958.776427607785,
                3521.664402741374,
                2722.446472384837,
                2104.6056487469764,
                1481.6025176256621,
                1067.7148537601192,
                806.3137484983395,
                684.4880234698672,
                516.9096431154503,
                438.80990568194153,
                355.4782292395691,
                212.43974544587277,
                156.71910803783072,
                136.19035171665482,
                105.28287201791206,
                74.11714795000641,
                64.40848581852633,
                55.97156879584092,
                53.41242259184155,
                46.41588833612778,
                43.269199615802485,
                46.41588833612778,
                49.79141535229729,
                54.67702520850773,
                64.40848581852633,
                79.50720821245213,
                87.30857712984746,
                105.28287201791206,
                121.15276586285886,
                136.19035171665482,
                149.5535574010048,
                168.11627401041284,
                202.72652175333266,
                227.88911258644663,
                274.8048480853342,
                323.71483439835106,
                399.60049383067513
            ],
            "Temperature": [
                743.939393939394,
                743.939393939394,
                743.939393939394,
                743.939393939394,
                743.939393939394,
                743.939393939394,
                740.9090909090909,
                739.3939393939394,
                739.3939393939394,
                739.3939393939394,
                739.3939393939394,
                734.8484848484849,
                733.3333333333334,
                731.8181818181818,
                731.8181818181818,
                728.7878787878788,
                728.7878787878788,
                722.7272727272727,
                721.2121212121212,
                716.6666666666666,
                715.1515151515151,
                710.6060606060606,
                709.0909090909091,
                704.5454545454545,
                703.030303030303,
                698.4848484848485,
                693.939393939394,
                690.9090909090909,
                687.8787878787879,
                684.8484848484849,
                677.2727272727273,
                668.1818181818182,
                657.5757575757575,
                646.969696969697,
                640.909090909091,
                628.7878787878788,
                618.1818181818182,
                612.1212121212121,
                606.060606060606,
                596.969696969697,
                595.4545454545455,
                592.4242424242425,
                587.8787878787879,
                581.8181818181818,
                577.2727272727273,
                571.2121212121212,
                566.6666666666667,
                560.6060606060606
            ]
        },
        "99": {
            "Time": [
                95427.7747451853,
                67179.34611553402,
                50732.30010552367,
                31771.119664794183,
                22895.81448677164,
                16499.83779430828,
                12172.109585547034,
                8979.497472009998,
                6941.661220595713,
                5002.498785489555,
                3521.664402741374,
                2722.446472384837,
                2008.37833776071,
                1589.3498753677638,
                1172.4806688357498,
                927.854065067712,
                700.694091338597,
                581.0689141122222,
                459.83457840620014,
                339.2249638669097,
                268.4489988298926,
                188.98301102501435,
                149.5535574010048,
                124.02120165535769,
                105.28287201791206,
                89.37571151054239,
                87.30857712984746,
                85.28925265718712,
                98.14539307055006,
                115.6133885051708,
                139.41482023518012,
                164.22798127307024,
                202.72652175333266,
                256.1749059090953,
                301.76912023628,
                355.4782292395691,
                438.80990568194153,
                529.148093564684,
                700.694091338597,
                825.4041852680183,
                906.3941068111241
            ],