{
    "Ferrite": {
        "1": {
            "Time": [
                95391.17464664622,
                70195.85616511574,
                50450.89237740013,
                34588.714866402974,
                26060.551766045137,
                19635.085055166393,
                14448.94259272789,
                9675.10613095463,
                7119.656098863213,
                4547.648455215298,
                3117.830197202665,
                1991.5000785215168,
                1213.4346534782794,
                892.9346421914828,
                739.3540548364292,
                657.0871146131352,
                641.7665086567087,
                657.0871146131352,
                739.3540548364292,
                831.9207700867943,
                1078.4173969290391,
                1500.47757162567,
                1945.0663754604182,
                2521.3860416772422,
                3591.9300360784837,
                4656.2124408251675,
                6035.839806547217,
                7824.248277607277,
                9675.10613095463,
                12841.228008909562,
                15878.872887195874,
                23713.73705661657,
                40799.58425724011,
                60930.68569593672,
                77142.74384443523,
                93167.03942015891,
                97668.405662551
            ],
            "Temperature": [
                789.9497487437186,
                786.9346733668342,
                783.9195979899497,
                782.4120603015075,
                777.8894472361809,
                774.8743718592965,
                768.8442211055276,
                761.3065326633166,
                755.2763819095477,
                749.2462311557789,
                746.2311557788945,
                741.7085427135678,
                738.6934673366834,
                732.6633165829146,
                725.1256281407035,
                719.0954773869347,
                710.0502512562814,
                702.5125628140704,
                691.9597989949749,
                679.8994974874372,
                666.3316582914573,
                649.748743718593,
                640.7035175879397,
                631.6582914572864,
                621.105527638191,
                615.0753768844221,
                606.0301507537688,
                598.4924623115578,
                592.462311557789,
                583.4170854271356,
                578.894472361809,
                584.9246231155778,
                580.4020100502512,
                574.3718592964824,
                571.356783919598,
                571.356783919598,
                571.356783919598
            ]
        }
    },
    "Pearlite": {
        "1": {
            "Time": [
                95391.17464664622,
                68559.17355764603,
                66960.65174917424,
                56767.315961306485,
                40799.58425724011,
                34588.714866402974,
                30023.340825045954,
                20103.824693326642,
                16646.06075563629,
                14793.875762290705,
                11412.401683967908,
                9014.009942968725,
                7641.818547818633,
                6478.514122711524,
                5623.413251903488,
                4041.637673000107,
                3346.494872657775,
                2904.7900888814224,
                2706.3069271810286,
                2188.587600700927,
                2188.587600700927,
                2039.0422726897446,
                1991.5000785215168,
                2039.0422726897446,
                2349.1007273838222,
                2462.597547504268,
                2904.7900888814224,
                3426.3842539009684,
                4338.0552802299335,
                5623.413251903488,
                6478.514122711524,
                8202.276894681643,
                10384.68775134352,
                13147.780924444101,
                15147.04336774397,
                21075.14114151173,
                27319.667529601367,
                41773.574556141066,
                50450.89237740013,
                62385.25681114838,
                75344.08799720545,
                93167.03942015891
            ],
            "Temperature": [
                767.3366834170854,
                767.3366834170854,
                767.3366834170854,
                764.321608040201,
                759.7989949748744,
                755.2763819095477,
                753.7688442211055,
                750.7537688442211,
                749.2462311557789,
                747.7386934673367,
                743.21608040201,
                740.2010050251256,
                737.1859296482412,
                737.1859296482412,
                734.1708542713568,
                725.1256281407035,
                720.6030150753769,
                716.0804020100502,
                714.572864321608,
                711.5577889447236,
                708.5427135678392,
                704.0201005025126,
                696.4824120603015,
                691.9597989949749,
                682.9145728643216,
                681.4070351758794,
                672.3618090452261,
                666.3316582914573,
                661.8090452261306,
                655.7788944723618,
                651.2562814070352,
                643.7185929648241,
                637.6884422110552,
                634.6733668341708,
                631.6582914572864,
                625.6281407035176,
                619.5979899497488,
                613.5678391959799,
                610.5527638190954,
                609.0452261306532,
                604.5226130653266,
                600.0
            ]
        },
        "99": {
            "Time": [
                97668.405662551,
                75344.08799720545,
                59510.0292784814,
                47003.60278907431,
                37125.48459377027,
                26682.68370847133,
                21075.14114151173,
                15147.04336774397,
                11684.844865184246,
                8398.086196902701,
                6478.514122711524,
                5623.413251903488,
                4881.177381527161,
                4338.0552802299335,
                4041.637673000107,
                4041.637673000107,
                4338.0552802299335,
                5117.0115051086295,
                6327.461454275557,
                7463.642339279565,
                9449.521904263109,
                11963.791961093277,
                15147.04336774397,
                21075.14114151173,
                24859.4664490278,
                32225.281614508072,
                39848.303460995485,
                54151.00951086334,
                60930.68569593672,
                75344.08799720545,
                93167.03942015891
            ],