{
    "Ferrite": {
        "1": {
            "Time": [
                47689.55132615076,
                36670.37512790808,
                26247.451199286916,
                17487.937368115745,
                12221.849442344615,
                7763.212851111597,
                4272.729451063087,
                2526.3273662189636,
                1765.5823017926339,
                1176.3577528945743,
                765.2748261761418,
                588.449968000336,
                373.7783201606884,
                274.0055351907082,
                210.69365265880978,
                143.77267346212318,
                95.7916823870682,
                63.823299613068514,
                40.54000682088819,
                29.71864783601408,
                20.76956429087212,
                15.225536828223921,
                10.640718506500225,
                9.219986612535537,
                7.80038758784574,
                6.443600858514724,
                5.3228114060058385,
                4.503259469748134,
                4.092919425021074,
                3.7199698423443874,
                3.462733648395962,
                3.301202757239897,
                3.546439301239695,
                3.901991392638369,
                4.191858739243779,
                4.396970247849362,
                5.1971785202130265,
                5.998025375267653
            ],
            "Temperature": [
                756.6079295154185,
                756.6079295154185,
                756.6079295154185,
                751.9823788546255,
                747.3568281938326,
                744.2731277533039,
                741.1894273127754,
                739.647577092511,
                739.647577092511,
                739.647577092511,
                739.647577092511,
                738.1057268722467,
                735.0220264317181,
                730.3964757709251,
                727.3127753303964,
                722.6872246696036,
                719.6035242290749,
                716.5198237885463,
                711.8942731277533,
                708.8105726872246,
                701.1013215859031,
                693.3920704845815,
                682.5991189427313,
                676.431718061674,
                670.2643171806167,
                659.4713656387665,
                648.6784140969163,
                636.3436123348017,
                624.0088105726873,
                611.6740088105727,
                600.8810572687225,
                583.920704845815,
                565.4185022026431,
                553.0837004405287,
                531.4977973568282,
                523.7885462555066,
                508.3700440528634,
                494.49339207048456
            ]
        }
    },
    "Pearlite": {
        "1": {
            "Time": [
                2587.3970016453864,
                1765.5823017926339,
                1325.5821245692186,
                841.9982780188313,
                602.6747377166436,
                392.06763759748026,
                280.62914951823797,
                205.7207070511769,
                174.04594141851464,
                115.96190805697789,
                100.47885762566489,
                83.00172856386482,
                66.94623244123534,
                55.30171366161621,
                50.26258415779041,
                41.519992023851685,
                35.97630840235467,
                30.437045227017254,
                24.549434570202294,
                19.80069790682845,
                15.593588093354622,
                13.838175627951724,
                12.577231717377499,
                11.99052431973361,
                12.280374700396557,
                13.192647248316565,
                13.838175627951724,
                15.225536828223921,
                17.15694006079521,
                20.279345851876247,
                25.142875087521656,
                27.663601106438435,
                29.71864783601408,
                33.48854397469895
            ],
            "Temperature": [
                724.2290748898679,
                719.6035242290749,
                716.5198237885463,
                713.4361233480176,
                711.8942731277533,
                710.352422907489,
                708.8105726872246,
                704.1850220264317,
                702.6431718061674,
                699.5594713656387,
                698.0176211453745,
                694.9339207048458,
                693.3920704845815,
                688.7665198237885,
                687.2246696035243,
                682.5991189427313,
                681.0572687224669,
                676.431718061674,
                671.8061674008811,
                668.7224669603524,
                661.0132158590309,
                653.3039647577093,
                640.9691629955947,
                631.7180616740088,
                624.0088105726873,
                611.6740088105727,
                603.9647577092511,
                596.2555066079295,
                582.3788546255507,
                574.6696035242292,
                563.8766519823789,
                556.1674008810573,
                546.9162995594713,
                531.4977973568282
            ]
        },
        "99": {
            "Time": [
                4931.125526948298,
                3977.269888662406,
                2846.7992744805906,
                2241.931849048727,
                1851.9738698332428,
                1424.0556819126223,
                995.2342449249487,
                747.2122503109476,
                574.5609416972144,
                441.80254751794035,
                339.71938714936863,
                249.03796573997295,
                182.5621696198187,
                147.2481315005463,
                107.94313340670406,
                81.04266109183224,
                65.36611852529632,
                56.63853783449677,
                45.68262353816418,
                41.519992023851685,
                38.648881457467745,
                37.73666230488094,
                37.73666230488094,
                40.54000682088819,
                45.68262353816418,
                51.47759600904551,
                59.40991365202823,
                71.91946913252613,
                81.04266109183224,
                102.9077618465958,
                133.8307822956404,
                162.01065149948295,
                186.97529726527708,
                249.03796573997295,
                301.47625520495274,
                382.81377061249503,
                392.06763759748026,
                441.80254751794035,
                497.84647411713905,
                560.9997343458117
            ],