{
    "Ferrite": {},
    "Pearlite": {
        "1": {
            "Time": [
                9334.879058380244,
                2327.275652791253,
                1077.97501658724,
                336.64635227765734,
                210.55694232224138,
                131.6937660549072,
                76.4103473478148,
                56.58709396841677,
                31.62277660168378,
                7.737255823094309,
                5.024431810323525,
                4.930997502990867,
                5.518840288855744,
                6.658395148989859,
                8.990924439365674,
                12.605018234348355,
                18.34792501286337,
                25.72326471091063,
                31.62277660168378,
                42.70067916167658,
                57.65932649858945,
                83.9291922645138,
                117.66632074631958,
                181.19748854108184,
                330.3860784937638
            ],
            "Temperature": [
                723.78223495702,
                733.810888252149,
                733.810888252149,
                731.8051575931232,
                727.7936962750716,
                723.78223495702,
                719.7707736389684,
                715.7593123209169,
                701.7191977077364,
                667.6217765042979,
                639.541547277937,
                597.4212034383954,
                585.3868194842407,
                569.3409742120343,
                551.2893982808023,
                535.243553008596,
                517.1919770773638,
                503.1518624641834,
                499.1404011461318,
                495.1289398280802,
                493.12320916905446,
                483.0945558739255,
                481.0888252148997,
                483.0945558739255,
                483.0945558739255
            ]
        },
        "99": {
            "Time": [
                10645.692391848092,
                963.153821612097,
                429.68695985825053,
                111.22326816824537,
                59.86512767200679,
                24.31473637450217,
                17.671874094791544,
                19.410801940536604,
                27.21338768375307,
                47.791187964712314,
                67.00187503509588,
                88.79112634990287,
                126.84135405827347,
                210.55694232224138,
                700.0171750698154
            ],
            "Temperature": [
                697.7077363896848,
                695.702005730659,
                689.6848137535817,
                667.6217765042979,
                649.5702005730659,
                621.4899713467048,
                597.4212034383954,
                583.3810888252149,
                567.3352435530086,
                549.2836676217765,
                539.2550143266476,
                535.243553008596,
                523.2091690544412,
                513.1805157593124,
                497.134670487106
            ]
        }
    },
    "Bainite": {
        "1": {
            "Time": [
                8.185467307069029,
                9.511759691218705,
                11.262386694580927,
                19.410801940536604,
                31.62277660168378,
                69.56508247348296,
                85.51951266915151,
                109.15496086248747,
                177.8279410038921,
                254.03368279664943,
                362.8963571805416,
                508.7702861133203,
                613.8234534251189,
                768.899476499717
            ],
            "Temperature": [
                457.0200573065903,
                432.9512893982808,
                422.9226361031519,
                394.84240687679085,
                372.77936962750715,
                332.6647564469914,
                322.63610315186247,
                310.6017191977077,
                286.5329512893983,
                262.4641833810888,
                238.3954154727794,
                214.3266475644699,
                198.28080229226362,
                174.21203438395412
            ]
        },
        "99": {
            "Time": [
                171.2756609673094,
                90.47357242349293,
                85.51951266915151,
                90.47357242349293,
                103.1779646622674,
                174.52105355485716,
                226.97512339237673,
                312.2951340221644,
                661.6863473875802,
                1325.203605173641,
                2556.281609695165,
                3026.761916116491,
                3936.485858847645,
                9161.287696853182,
                18347.925012863354
            ],
            "Temperature": [
                475.07163323782237,
                440.974212034384,
                426.93409742120343,
                414.89971346704874,
                400.8595988538682,
                376.79083094555875,
                366.7621776504298,
                356.73352435530086,
                328.6532951289398,
                296.56160458452723,
                266.4756446991404,
                258.4527220630373,
                242.4068767908309,
                196.27507163323787,
                156.16045845272208
            ]
        }
    },
    "C": 0.95,
    "Si": 0.15,
    "Mn": 0.25,
    "Cr": 1.35,
    "Ms:": 170,
    "Mf:": "",
    "Ac1:": 740,
    "Ac3:": 770,
    "Austenitization Temp:": 860.0,
    "Status": 1
}