{
    "Ferrite": {},
    "Pearlite": {
        "1": {
            "Time": [
                501.661066056866,
                254.0532532567081,
                133.61493143789482,
                43.81137336363287,
                27.314201497931272,
                18.366309046041888,
                10.819314031298733,
                6.49509487566238,
                4.800191349254223,
                4.049367015033748,
                4.367358854653435,
                5.479161357413008,
                7.005146733236242,
                9.127005607899276,
                11.236099983376437,
                22.61044789852124,
                35.58767285546055
            ],
            "Temperature": [
                726.530612244898,
                728.5714285714286,
                730.6122448979592,
                708.1632653061224,
                697.9591836734694,
                685.7142857142857,
                679.5918367346939,
                663.2653061224489,
                642.8571428571429,
                604.0816326530612,
                587.7551020408164,
                559.1836734693877,
                544.8979591836735,
                530.6122448979592,
                516.3265306122448,
                493.87755102040813,
                481.63265306122446
            ]
        },
        "99": {
            "Time": [
                1266.4824592672835,
                583.5443539292013,
                356.9994759995806,
                167.62940565963555,
                95.08503596657675,
                71.61321313609491,
                48.15335364415475,
                39.86090875813046,
                32.37873802383996,
                29.459152338352354,
                29.459152338352354,
                31.177698234739974,
                34.267602534331594,
                41.3964466637111,
                52.925651244336116,
                77.23691118610586,
                110.60522658770826,
                149.65891735605751,
                198.71086516500984,
                249.29687024690955,
                331.0059810992447
            ],
            "Temperature": [
                706.1224489795918,
                708.1632653061224,
                708.1632653061224,
                693.8775510204082,
                677.5510204081633,
                667.3469387755102,
                651.0204081632653,
                638.7755102040817,
                620.4081632653061,
                606.1224489795918,
                583.6734693877551,
                571.4285714285714,
                565.3061224489795,
                546.9387755102041,
                534.6938775510205,
                514.2857142857142,
                504.0816326530612,
                497.9591836734694,
                491.83673469387753,
                491.83673469387753,
                495.9183673469388
            ]
        }
    },
    "Bainite": {
        "1": {
            "Time": [
                8.304024956072512,
                8.4624590478238,
                9.301141506038524,
                10.61675491907927,
                14.09648414197703,
                17.68503888884918,
                24.85128426980557,
                72.97953542445836,
                141.40956821092118,
                301.1592241466856,
                492.2689715228142,
                918.4685618563842,
                1681.582558816533,
                2362.9852586100887,
                3581.2576557508655
            ],
            "Temperature": [
                463.265306122449,
                438.7755102040816,
                416.3265306122449,
                395.9183673469388,
                375.51020408163265,
                361.2244897959184,
                348.9795918367347,
                310.2040816326531,
                291.83673469387753,
                271.42857142857144,
                261.2244897959183,
                244.8979591836735,
                230.61224489795916,
                222.44897959183675,
                218.36734693877554
            ]
        },
        "99": {
            "Time": [
                149.65891735605751,
                138.76209938680915,
                88.16179780053984,
                74.37192603895794,
                84.89157068547831,
                104.50855592138142,
                119.29091976977824,
                164.49104924498056,
                210.30297541905733,
                289.9881831138843,
                511.23235417174357,
                851.5939318253842,
                1315.2704042375851,
                2070.1674320011075
            ],
            "Temperature": [
                459.18367346938777,
                459.18367346938777,
                444.89795918367344,
                432.65306122448976,
                414.2857142857143,
                400.0,
                387.7551020408163,
                369.3877551020408,
                355.1020408163265,
                336.734693877551,
                312.2448979591837,
                295.91836734693874,
                281.63265306122446,
                259.1836734693877
            ]
        }
    },
    "C": 1.025,
    "Si": 0.2,
    "Mn": 0.35,
    "P": 0.015,
    "S": 0.015,
    "Cr": 1.5,
    "Ms:": 210,
    "Mf:": "",
    "Ac1:": 735,
    "Ac3:": 770,
    "Austenitization Temp:": 830.0,
    "Status": 1
}