{
    "Ferrite": {
        "1": {
            "Time": [
                2.7505156129761765,
                2.418180316389412,
                2.1654721194345092,
                2.1654721194345092,
                2.508807716715125,
                3.0714977373883956,
                4.122681271018821,
                6.066749438166377,
                9.969386700324995,
                15.22030780584895,
                25.948634808178767,
                55.166796181279345,
                110.98721898291153,
                253.97654359678708,
                441.03599389555626,
                855.2450040970496,
                1512.726167783296,
                3525.902560523323,
                5901.63080393343,
                9698.050042552071
            ],
            "Temperature": [
                570.3947368421052,
                588.1578947368421,
                617.7631578947369,
                657.2368421052631,
                682.8947368421052,
                696.7105263157895,
                716.4473684210526,
                728.2894736842105,
                740.1315789473684,
                750.0,
                753.9473684210526,
                763.8157894736842,
                771.7105263157895,
                775.6578947368421,
                781.578947368421,
                791.4473684210526,
                795.3947368421053,
                807.2368421052631,
                815.1315789473684,
                828.9473684210526
            ]
        }
    },
    "Pearlite": {
        "1": {
            "Time": [
                6011.202866546685,
                1957.0917449731971,
                972.7830140479874,
                530.111846986823,
                373.7402801435755,
                223.2894354981751,
                166.35605588444872,
                123.93930446232868,
                115.14674466328763,
                121.68014177388129,
                175.79505633577247,
                207.44873248125145,
                253.97654359678708,
                340.8969919850431,
                483.5270471355685,
                602.9661650451097,
                794.5718151197783,
                1190.9644596160715
            ],
            "Temperature": [
                728.2894736842105,
                720.3947368421052,
                706.578947368421,
                700.6578947368421,
                690.7894736842105,
                675.0,
                661.1842105263158,
                643.421052631579,
                637.5,
                625.6578947368421,
                607.8947368421052,
                603.9473684210527,
                594.078947368421,
                584.2105263157895,
                574.3421052631579,
                572.3684210526317,
                570.3947368421052,
                562.5
            ]
        },
        "99": {
            "Time": [
                9878.107959048773,
                6712.703580548879,
                5001.127301388402,
                3398.533938076483,
                2531.990375928319,
                1921.4179232804545,
                1354.6410573570417,
                937.642498871475,
                602.9661650451097,
                570.5909775818004,
                711.5363154966941,
                1190.9644596160715,
                1785.1077990411543,
                3461.632492667196,
                5284.889997035149,
                9698.050042552071
            ],
            "Temperature": [
                714.4736842105264,
                710.5263157894738,
                704.6052631578948,
                696.7105263157895,
                690.7894736842105,
                682.8947368421052,
                675.0,
                673.0263157894738,
                657.2368421052631,
                635.5263157894738,
                623.6842105263158,
                607.8947368421052,
                600.0,
                594.078947368421,
                586.1842105263158,
                578.2894736842105
            ]
        }
    },
    "Bainite": {
        "1": {
            "Time": [
                0.6430661640986052,
                0.8168027233672296,
                1.1374319749169803,
                1.8016031029611275,
                2.5553872547027137,
                3.367417289743244,
                4.437487579384888,
                6.179387160074476,
                8.927551349706082,
                14.670494075840454,
                18.979973680615654,
                27.930062280762222,
                49.401675400060974,
                67.53992684286959,
                130.97158918762443,
                268.3871083152777,
                483.5270471355685,
                824.3503959345902
            ],
            "Temperature": [
                446.0526315789474,
                473.6842105263158,
                501.3157894736842,
                521.0526315789474,
                530.921052631579,
                540.7894736842105,
                544.7368421052631,
                544.7368421052631,
                544.7368421052631,
                544.7368421052631,
                546.7105263157895,
                550.6578947368421,
                550.6578947368421,
                554.6052631578948,
                554.6052631578948,
                554.6052631578948,
                556.578947368421,
                560.5263157894738
            ]
        },
        "99": {
            "Time": [
                42.640952520767875,
                62.74847793031506,
                99.38867118061687,
                157.423865643703,
                273.3700918352419,
                492.5044057071402,
                955.0511484479149,
                1658.4678510529454,
                3865.601169008711,
                5584.753316119006,
                12779.816965113681
            ],
            "Temperature": [
                430.2631578947369,
                453.94736842105266,
                463.8157894736842,
                467.7631578947369,
                467.7631578947369,
                465.7894736842105,
                463.8157894736842,
                463.8157894736842,
                463.8157894736842,
                463.8157894736842,
                465.7894736842105
            ]
        }
    },
    "C": 0.095,
    "Si": 0.15,
    "Mn": 0.75,
    "P": 0.0125,
    "S": 0.0125,
    "Cr": 1.05,
    "Ni": 1.35,
    "Cu": 0.125,
    "Ms:": 440,
    "Mf:": "",
    "Ac1:": 730,
    "Ac3:": 850,
    "Austenitization Temp:": 880.0,
    "Status": 1
}