{
    "Ferrite": {},
    "Pearlite": {
        "1": {
            "Time": [
                1106.7734819508516,
                116.61533769022559,
                6.936198213312049,
                4.455178956387808,
                3.843967492376164,
                3.0807150866733495,
                2.336099420924674,
                1.7072996304686794,
                1.3432934420314921,
                1.2477517018709439,
                1.4197207742438813,
                1.9426050468220406,
                2.423888753235286,
                2.8093000753665502,
                4.7963169805489425,
                5.98461267519245,
                9.667490448664683,
                13.228034749073705,
                22.58421883892039,
                34.51840614073219,
                49.9188247921687,
                62.286298589825925,
                100.61673651761521,
                171.7829170754888,
                226.53754353388854,
                333.70636166865665
            ],
            "Temperature": [
                746.3576158940398,
                718.5430463576159,
                686.7549668874173,
                680.794701986755,
                670.8609271523179,
                654.9668874172186,
                643.0463576158941,
                619.205298013245,
                581.4569536423842,
                559.6026490066225,
                545.6953642384105,
                521.8543046357615,
                509.9337748344371,
                501.9867549668874,
                488.0794701986755,
                488.0794701986755,
                486.0927152317881,
                482.11920529801324,
                476.158940397351,
                472.18543046357615,
                468.2119205298013,
                466.2251655629139,
                464.2384105960265,
                460.26490066225165,
                460.26490066225165,
                458.27814569536423
            ]
        },
        "99": {
            "Time": [
                1213.7022289906492,
                135.15780232272294,
                96.97256097269207,
                69.57554369779452,
                51.794746792312104,
                40.00701799670385,
                28.70409939603398,
                23.004656577902125,
                17.7691323293954,
                13.228034749073705,
                11.41326444150035,
                12.062627660142446,
                14.506035355868308,
                18.436886556361927,
                24.766148802639563,
                33.268205270961815,
                49.00649829178506,
                73.5340780177471,
                123.25022391525773,
                226.53754353388854,
                333.70636166865665
            ],
            "Temperature": [
                724.5033112582781,
                700.6622516556291,
                696.6887417218543,
                688.7417218543046,
                684.7682119205298,
                674.8344370860927,
                660.9271523178808,
                650.9933774834437,
                639.0728476821192,
                615.2317880794702,
                591.3907284768212,
                559.6026490066225,
                543.7086092715232,
                531.7880794701987,
                521.8543046357615,
                513.9072847682119,
                503.97350993377484,
                496.02649006622516,
                488.0794701986755,
                484.10596026490066,
                480.1324503311258
            ]
        }
    },
    "Bainite": {
        "1": {
            "Time": [
                1.771459012244337,
                2.8093000753665502,
                6.684980326720531,
                17.44438008652059,
                24.766148802639563,
                39.27584167451118,
                48.110845654353255
            ],
            "Temperature": [
                432.4503311258278,
                392.7152317880795,
                339.07284768211923,
                279.4701986754967,
                257.61589403973517,
                233.77483443708616,
                227.81456953642385
            ]
        },
        "99": {
            "Time": [
                63.44584768627368,
                52.75898055163802,
                38.558028478112554,
                39.27584167451118,
                48.110845654353255,
                72.19015439101553,
                116.61533769022559,
                199.09732294550224,
                333.70636166865665,
                685.142710388178,
                1855.0593568466304,
                2783.5100288481185
            ],
            "Temperature": [
                458.27814569536423,
                444.3708609271523,
                410.59602649006627,
                394.7019867549669,
                384.76821192052984,
                368.8741721854305,
                352.98013245033115,
                331.12582781456956,
                309.27152317880797,
                277.48344370860934,
                247.68211920529802,
                233.77483443708616
            ]
        }
    },
    "C": 1.175,
    "Si": 0.225,
    "Mn": 0.3,
    "P": 0.015,
    "S": 0.015,
    "Cr": 0.65,
    "V": 0.095,
    "Ms:": 210,
    "Mf:": "",
    "Ac1:": 740,
    "Ac3:": 770,
    "Austenitization Temp:": 800.0,
    "Status": 1
}