{
    "Ferrite": {
        "1": {
            "Time": [
                13582.469028492429,
                497.5176708454648,
                205.98224501153717,
                68.40791959679859,
                29.382253839710096,
                18.905829836907582,
                9.580385366544633,
                3.894265273612329,
                3.0110876960681168,
                2.746817383680019,
                3.0669177403150147,
                4.040015010570229,
                5.321864708362307,
                6.757518355386219,
                7.684901367307654,
                13.58246902849244
            ],
            "Temperature": [
                797.3684210526316,
                771.7105263157895,
                767.7631578947369,
                753.9473684210526,
                734.2105263157895,
                722.3684210526316,
                708.5526315789474,
                675.0,
                653.2894736842105,
                615.7894736842105,
                600.0,
                572.3684210526317,
                560.5263157894738,
                550.6578947368421,
                546.7105263157895,
                538.8157894736842
            ]
        }
    },
    "Pearlite": {
        "1": {
            "Time": [
                15165.302021262907,
                2797.7474632885455,
                1116.5349973889215,
                516.1381459705119,
                286.71261943930716,
                184.48346490995635,
                137.49847212572058,
                156.36837976169602,
                191.38808352079005,
                271.33801171729147,
                377.683193464372,
                565.7956113271273,
                981.7960411806916,
                1317.2883502754992,
                1735.2485977715462
            ],
            "Temperature": [
                726.3157894736842,
                708.5526315789474,
                688.8157894736842,
                671.0526315789474,
                665.1315789473684,
                655.2631578947369,
                633.5526315789474,
                609.8684210526317,
                596.0526315789474,
                582.2368421052631,
                572.3684210526317,
                564.4736842105264,
                556.578947368421,
                552.6315789473684,
                550.6578947368421
            ]
        },
        "99": {
            "Time": [
                17892.028219210853,
                5036.486330526266,
                2371.3737056616546,
                1612.303543642962,
                1037.4267613317209,
                802.1495037291359,
                773.2107302682598,
                1444.0241885954515,
                1937.46578858198,
                2849.621862320834,
                4040.0150105702214,
                5833.8793975521085,
                9758.019960055455
            ],
            "Temperature": [
                708.5526315789474,
                692.7631578947369,
                676.9736842105264,
                671.0526315789474,
                657.2368421052631,
                643.421052631579,
                631.578947368421,
                613.8157894736842,
                609.8684210526317,
                605.921052631579,
                601.9736842105262,
                598.0263157894738,
                580.2631578947369
            ]
        }
    },
    "Bainite": {
        "1": {
            "Time": [
                0.8476010564850198,
                0.9122342691203642,
                1.2466504003942793,
                1.612303543642963,
                2.0099788582396156,
                3.823374228940031,
                10.502110796366667,
                17.89202821921086,
                42.428685259992946,
                106.3152940430985,
                174.59076848893503,
                364.0576930746889,
                479.56895791546066,
                1582.9532363302626
            ],
            "Temperature": [
                412.5,
                450.0,
                493.42105263157896,
                509.2105263157895,
                515.1315789473684,
                525.0,
                530.921052631579,
                530.921052631579,
                538.8157894736842,
                538.8157894736842,
                540.7894736842105,
                542.7631578947369,
                542.7631578947369,
                546.7105263157895
            ]
        },
        "99": {
            "Time": [
                28.32224397411222,
                42.428685259992946,
                61.26804780573313,
                90.11295555144581,
                153.5218562158723,
                209.8014621894648,
                344.53555194901634,
                832.171361757564,
                1642.198049305671,
                3966.4707436884214,
                7827.390868337499,
                17246.545863385363,
                23568.960335966945,
                37308.56204075844,
                62404.0485354302
            ],
            "Temperature": [
                414.47368421052636,
                436.1842105263158,
                442.10526315789474,
                444.0789473684211,
                446.0526315789474,
                446.0526315789474,
                450.0,
                448.0263157894737,
                448.0263157894737,
                450.0,
                450.0,
                450.0,
                451.97368421052636,
                451.97368421052636,
                455.92105263157896
            ]
        }
    },
    "C": 0.135,
    "Si": 0.2,
    "Mn": 0.4,
    "P": 0.0175,
    "S": 0.0175,
    "Cr": 0.7,
    "Ni": 1.425,
    "Ms:": 410,
    "Mf:": "",
    "Ac1:": 735,
    "Ac3:": 835,
    "Austenitization Temp:": 850.0,
    "Status": 1
}