{
    "Ferrite": {
        "1": {
            "Time": [
                95.71461589983626,
                60.99947355922783,
                36.746619407366865,
                23.418831260592434,
                17.34324801772465,
                13.335214321633234,
                11.693237821275822,
                11.262386694580927,
                11.052951411260215,
                12.843862635897425,
                24.31473637450217,
                49.61947603002899,
                85.51951266915151,
                122.16773489967917,
                273.8419634264358,
                471.96853200182244,
                1140.4210301247645
            ],
            "Temperature": [
                770.6896551724137,
                758.6206896551724,
                750.5747126436781,
                738.5057471264367,
                730.4597701149426,
                722.4137931034483,
                706.3218390804598,
                694.2528735632184,
                680.1724137931035,
                660.0574712643678,
                643.9655172413793,
                627.8735632183908,
                615.8045977011494,
                609.7701149425287,
                597.7011494252873,
                589.655172413793,
                587.6436781609195
            ]
        }
    },
    "Pearlite": {
        "1": {
            "Time": [
                93934.70740951944,
                50559.683639191804,
                18347.925012863354,
                9511.759691218698,
                3863.282988666276,
                2040.716184036558,
                1057.9289988883252,
                558.8337266326758,
                429.68695985825053,
                429.68695985825053,
                602.408795736368,
                893.4843635442904,
                1325.203605173641,
                2040.716184036558,
                3451.7829423199814,
                4930.997502990865,
                11914.805480891182,
                16704.21560743791,
                22555.93682632844
            ],
            "Temperature": [
                752.5862068965517,
                746.551724137931,
                744.5402298850574,
                744.5402298850574,
                730.4597701149426,
                722.4137931034483,
                718.3908045977012,
                714.367816091954,
                704.3103448275863,
                676.1494252873563,
                658.0459770114942,
                637.9310344827586,
                629.8850574712644,
                621.8390804597701,
                609.7701149425287,
                603.735632183908,
                597.7011494252873,
                591.6666666666666,
                587.6436781609195
            ]
        },
        "99": {
            "Time": [
                99376.25097062056,
                46030.26532759474,
                27729.03670342185,
                16088.729099336273,
                10253.439310915326,
                6913.117094676773,
                4164.522543788736,
                3451.7829423199814,
                3863.282988666276,
                4243.433408986731,
                10447.725152514658,
                29335.35203978868,
                56587.0939684168,
                73594.91805875559,
                99376.25097062056
            ],
            "Temperature": [
                734.4827586206897,
                730.4597701149426,
                728.448275862069,
                724.4252873563219,
                722.4137931034483,
                720.4022988505747,
                710.3448275862069,
                690.2298850574712,
                680.1724137931035,
                674.1379310344828,
                658.0459770114942,
                643.9655172413793,
                633.9080459770114,
                629.8850574712644,
                629.8850574712644
            ]
        }
    },
    "Bainite": {
        "1": {
            "Time": [
                1.4285363782685272,
                1.8931015586031494,
                3.79144139867109,
                5.315492115078221,
                8.498608553894789,
                15.207758853611496,
                34.734485438985345,
                113.3307665018525,
                168.09061968313014,
                613.8234534251189,
                1018.9483582735505
            ],
            "Temperature": [
                402.58620689655174,
                438.7931034482758,
                479.0229885057471,
                491.0919540229885,
                503.1609195402299,
                521.2643678160919,
                541.3793103448276,
                559.4827586206897,
                569.5402298850574,
                587.6436781609195,
                587.6436781609195
            ]
        },
        "99": {
            "Time": [
                19778.604770082828,
                24314.736374502165,
                48696.75251658625,
                62155.313438725985,
                80836.7222743829,
                105133.01770262368
            ],
            "Temperature": [
                394.54022988505744,
                404.59770114942523,
                414.655172413793,
                414.655172413793,
                414.655172413793,
                416.66666666666663
            ]
        }
    },
    "C": 0.14,
    "Si": 0.125,
    "Mn": 0.9,
    "P": 0.01,
    "S": 0.0075,
    "Cr": 1.375,
    "Mo": 0.9,
    "V": 0.25,
    "Ms:": 400,
    "Mf:": "",
    "Ac1:": 780,
    "Ac3:": 925,
    "Austenitization Temp:": 950.0,
    "Status": 1
}