{
    "Ferrite": {
        "1": {
            "Time": [
                4.500137735939874,
                4.757944314009411,
                6.057006845809421,
                7.42963950759495,
                9.81602111389039,
                17.78279410038923,
                23.062332316278322,
                36.68733193018218,
                47.57944314009413,
                67.70880692315373,
                111.78591777554031,
                174.55628235338622,
                310.40984280196733,
                503.05202692838077,
                1018.7427149936818,
                1296.8902516716169,
                2776.8242098727665,
                5418.398816541038,
                13459.603241553652,
                20251.23964243006,
                38789.097711234725,
                66463.1078354004,
                98160.21113890407
            ],
            "Temperature": [
                560.0,
                582.0,
                630.0,
                646.0,
                666.0,
                682.0,
                694.0,
                710.0,
                720.0,
                732.0,
                742.0,
                752.0,
                760.0,
                766.0,
                776.0,
                778.0,
                794.0,
                804.0,
                804.0,
                806.0,
                806.0,
                806.0,
                808.0
            ]
        }
    },
    "Pearlite": {
        "1": {
            "Time": [
                6770.880692315364,
                3601.2362483897377,
                1915.393743599008,
                1204.051772297451,
                729.294982751462,
                652.4032698070648,
                417.7993326387516,
                334.34401112557765,
                257.80439840196766,
                206.30802855316855,
                184.55636690072458,
                159.07901866580409,
                184.55636690072458,
                210.17480113324882,
                293.59045735093366,
                353.49811050301065,
                467.0408184503112,
                583.618476092,
                815.2490897596906,
                1321.1974960367825,
                1650.9804684996454,
                1987.8659591254745,
                3104.0984280196717
            ],
            "Temperature": [
                736.0,
                726.0,
                726.0,
                724.0,
                718.0,
                714.0,
                706.0,
                700.0,
                692.0,
                682.0,
                678.0,
                654.0,
                636.0,
                626.0,
                612.0,
                606.0,
                598.0,
                592.0,
                588.0,
                578.0,
                576.0,
                574.0,
                572.0
            ]
        },
        "99": {
            "Time": [
                56234.13251903491,
                34699.44916417915,
                27768.24209872767,
                19878.659591254735,
                13459.603241553652,
                7855.273132638474,
                4177.993326387516,
                2725.7365073673113,
                2306.2332316278334,
                1620.6059137413192,
                861.9535664753028,
                771.0752692535527,
                830.5290710979151,
                894.5670616650855,
                1226.6189715032588,
                2828.869434625968,
                4025.6749915279065,
                5318.711718664556,
                7429.639507594945,
                11601.553017399729,
                16509.804684996445,
                27768.24209872767
            ],
            "Temperature": [
                722.0,
                722.0,
                722.0,
                722.0,
                720.0,
                716.0,
                706.0,
                698.0,
                694.0,
                688.0,
                666.0,
                656.0,
                642.0,
                638.0,
                624.0,
                610.0,
                606.0,
                602.0,
                596.0,
                588.0,
                582.0,
                572.0
            ]
        }
    },
    "Bainite": {
        "1": {
            "Time": [
                4.847121108242697,
                4.4173447031400705,
                3.7374952136428172,
                3.7374952136428172,
                4.584482534956905,
                5.5199543212815705,
                6.646310783540049,
                6.897785379387657,
                8.945670616650858,
                11.818997619088925,
                16.8192432488087,
                25.306134179675254,
                45.84482534956905,
                60.57006845809425,
                105.72885971935017,
                198.7865959125474,
                380.7546021222372,
                522.0858652910756,
                1097.2929291203195,
                1951.2934226359641,
                2776.8242098727665
            ],
            "Temperature": [
                412.0,
                432.0,
                474.0,
                498.0,
                526.0,
                542.0,
                550.0,
                550.0,
                556.0,
                556.0,
                558.0,
                560.0,
                562.0,
                562.0,
                564.0,
                564.0,
                564.0,
                564.0,
                566.0,
                568.0,
                568.0
            ]
        },
        "99": {
            "Time": [
                32.81927872511475,
                30.469895709035086,
                29.909313961792666,
                34.69944916417912,
                70.27068604841101,
                91.13336771446087,
                134.59603241553646,
                243.83540982688288,
                373.74952136428175,
                729.294982751462,
                1138.8108937271445,
                2306.2332316278334,
                3601.2362483897377,
                4847.121108242694,
                16509.804684996445,
                28288.69434625966,
                68977.85379387657,
                96354.270508342
            ],
            "Temperature": [
                408.0,
                442.0,
                460.0,
                482.0,
                510.0,
                516.0,
                520.0,
                522.0,
                524.0,
                528.0,
                528.0,
                522.0,
                522.0,
                522.0,
                524.0,
                520.0,
                520.0,
                520.0
            ]
        }
    },
    "C": 0.14,
    "Si": 0.25,
    "Mn": 0.56,
    "P": 0.019,
    "S": 0.02,
    "Cr": 1.59,
    "Ni": 1.46,
    "Ms:": 400,
    "Mf:": "",
    "Ac1:": 735,
    "Ac3:": 825,
    "Austenitization Temp:": 850.0,
    "Austenitization Time:": 600.0,
    "Status": 1
}