{
    "Ferrite": {
        "1": {
            "Time": [
                103.11351205781637,
                66.30881066575522,
                52.204713942410265,
                36.134559902779124,
                25.948634808178767,
                20.05689257716536,
                16.996500862409356,
                14.140541648347117,
                11.339499203261735,
                11.339499203261735,
                13.137376763944264,
                13.88278819212943,
                16.382524479312636,
                21.58842894741496,
                28.976811738726592,
                37.48879358159435,
                61.60470016980552,
                90.65466272419717,
                192.73180798752819,
                299.7075864777976,
                425.1041449497327,
                738.2029317426997,
                1127.0177576658466
            ],
            "Temperature": [
                769.943820224719,
                758.1460674157304,
                752.2471910112359,
                742.4157303370787,
                736.5168539325844,
                730.6179775280899,
                722.7528089887641,
                718.8202247191011,
                707.0224719101124,
                687.3595505617977,
                669.6629213483146,
                667.6966292134832,
                655.8988764044943,
                644.1011235955057,
                636.2359550561798,
                630.3370786516855,
                624.438202247191,
                616.5730337078652,
                608.7078651685393,
                600.8426966292135,
                598.8764044943821,
                592.9775280898876,
                592.9775280898876
            ]
        }
    },
    "Pearlite": {
        "1": {
            "Time": [
                98478.67811131525,
                61040.653487975556,
                47181.12682607931,
                33263.71153125115,
                20242.228464963475,
                13504.940540929483,
                9878.107959048773,
                2579.0003325359876,
                1598.5578671736325,
                937.642498871475,
                738.2029317426997,
                474.71332764212247,
                417.35535672519757,
                492.5044057071402,
                591.9753121564678,
                903.7713888850587,
                1086.3057139258412,
                1752.568896616734,
                2267.38863458118,
                3725.9613782391007,
                8845.811552226523,
                10829.801736899326,
                14271.207444669226,
                21390.767378084227,
                28188.15026069956
            ],
            "Temperature": [
                766.0112359550562,
                760.1123595505618,
                758.1460674157304,
                758.1460674157304,
                756.1797752808989,
                756.1797752808989,
                752.2471910112359,
                736.5168539325844,
                734.5505617977528,
                724.7191011235955,
                716.8539325842696,
                697.1910112359551,
                683.4269662921349,
                663.7640449438202,
                653.9325842696629,
                636.2359550561798,
                630.3370786516855,
                622.4719101123596,
                620.5056179775281,
                614.6067415730338,
                602.8089887640449,
                600.8426966292135,
                594.943820224719,
                591.0112359550562,
                585.1123595505618
            ]
        },
        "99": {
            "Time": [
                100307.0730486761,
                52687.11204912288,
                43034.97660807787,
                25711.051615318,
                17153.557174331847,
                12318.162777560747,
                9177.3306284989,
                6590.344579636525,
                5001.127301388402,
                4396.8583719069675,
                3795.1390830116325,
                3658.044643020759,
                6011.202866546685,
                7635.243690655998,
                10829.801736899326,
                17153.557174331847,
                24782.273474206635,
                39981.96927583272,
                50783.85897641089,
                76118.69690336632,
                94921.26455376031
            ],
            "Temperature": [
                732.5842696629213,
                732.5842696629213,
                732.5842696629213,
                728.6516853932585,
                728.6516853932585,
                724.7191011235955,
                720.7865168539327,
                718.8202247191011,
                716.8539325842696,
                710.9550561797753,
                707.0224719101124,
                681.4606741573034,
                665.7303370786517,
                661.7977528089888,
                657.8651685393259,
                651.9662921348315,
                646.0674157303371,
                640.1685393258426,
                638.2022471910112,
                638.2022471910112,
                638.2022471910112
            ]
        }
    },
    "Bainite": {
        "1": {
            "Time": [
                1.498875793167341,
                1.6432830796681388,
                2.3741017832039586,
                2.8535981159102435,
                4.199224637652584,
                6.651242715220745,
                8.60505522347544,
                11.550032928257663,
                16.68668904969106,
                23.668338742691386,
                43.43264167834454,
                56.19104521449895,
                87.37988149829452,
                138.40288396604402,
                211.3003094876153,
                310.9398834393953,
                570.5909775818004,
                751.9087057135637,
                1258.5394812289599
            ],
            "Temperature": [
                400.28089887640454,
                421.91011235955057,
                439.6067415730338,
                455.3370786516854,
                476.9662921348315,
                496.6292134831461,
                506.4606741573034,
                518.2584269662922,
                532.0224719101124,
                537.9213483146068,
                547.7528089887641,
                553.6516853932585,
                561.5168539325844,
                567.4157303370787,
                569.3820224719102,
                575.2808988764045,
                581.1797752808989,
                583.1460674157304,
                589.0449438202247
            ]
        },
        "99": {
            "Time": [
                602.9661650451097,
                2145.6452659607367,
                3658.044643020759,
                4820.468112960751,
                7777.002710753037,
                11444.281942857933,
                17472.037049334125,
                26188.41339056983,
                42250.53607992627,
                68164.0301158508,
                104066.33334993277
            ],
            "Temperature": [
                347.1910112359551,
                366.8539325842697,
                374.7191011235956,
                378.6516853932585,
                386.51685393258424,
                388.48314606741576,
                394.3820224719101,
                396.3483146067416,
                398.314606741573,
                400.28089887640454,
                406.17977528089887
            ]
        }
    },
    "C": 0.155,
    "Si": 0.2,
    "Mn": 0.95,
    "P": 0.0125,
    "S": 0.015,
    "Cr": 1.35,
    "Mo": 0.95,
    "V": 0.25,
    "Ms:": 400,
    "Mf:": "",
    "Ac1:": 780,
    "Ac3:": 920,
    "Austenitization Temp:": 950.0,
    "Status": 1
}