{
    "Ferrite": {
        "1": {
            "Time": [
                31622.776601683756,
                18170.140637295233,
                10249.323173276372,
                4632.073063493598,
                2132.4409083015817,
                928.7833866977509,
                553.7522553121086,
                269.45192054677153,
                154.82445937601318,
                88.96063228064442,
                51.11591622969457,
                37.341564821000766,
                31.044066825329036,
                30.475947675138027,
                31.044066825329036
            ],
            "Temperature": [
                712.3505976095618,
                704.3824701195219,
                704.3824701195219,
                692.4302788844622,
                678.4860557768924,
                674.5019920318725,
                670.5179282868526,
                668.5258964143427,
                662.5498007968127,
                660.5577689243028,
                646.6135458167331,
                638.6454183266933,
                624.7011952191235,
                612.7490039840637,
                604.7808764940239
            ]
        }
    },
    "Pearlite": {
        "1": {
            "Time": [
                95781.89441667347,
                44094.5613614067,
                22263.5073286917,
                11663.930407763331,
                7083.817756439662,
                5271.389821830877,
                5271.389821830877,
                6224.6888439954355,
                8520.817888345213,
                11035.213721594875,
                14829.380021071836,
                20677.97573651246,
                29918.225338310152,
                43287.61281083057,
                61485.124034027256,
                90618.99707869667
            ],
            "Temperature": [
                656.5737051792828,
                650.597609561753,
                640.6374501992032,
                642.6294820717131,
                628.6852589641435,
                616.7330677290837,
                598.8047808764941,
                592.8286852589641,
                580.8764940239043,
                572.9083665338645,
                564.9402390438247,
                552.9880478087649,
                543.0278884462151,
                529.0836653386455,
                517.1314741035857,
                501.195219123506
            ]
        },
        "99": {
            "Time": [
                97567.4181693631,
                53039.44005129925,
                34047.5261019873,
                21456.10086554298,
                11881.364244498502,
                11881.364244498502,
                13773.281798599077,
                21856.076017097956,
                32812.76141630178,
                44916.552690297314,
                59255.30975545672,
                60359.921056848376,
                94029.04648067811
            ],
            "Temperature": [
                636.6533864541833,
                634.6613545816733,
                630.6772908366534,
                626.6932270916335,
                616.7330677290837,
                606.7729083665339,
                598.8047808764941,
                586.8525896414343,
                566.9322709163347,
                556.9721115537849,
                549.0039840637451,
                549.0039840637451,
                531.0756972111553
            ]
        }
    },
    "Bainite": {
        "1": {
            "Time": [
                6.340726742929724,
                5.271389821830873,
                4.070292957027181,
                3.2611365502494793,
                3.2611365502494793,
                3.5766458190384665,
                3.8508934055712123,
                4.54730422739808
            ],
            "Temperature": [
                529.0836653386455,
                513.1474103585657,
                483.26693227091636,
                453.38645418326695,
                443.42629482071715,
                427.49003984063745,
                409.56175298804783,
                389.6414342629482
            ]
        },
        "99": {
            "Time": [
                131.11339374215652,
                111.03363181676383,
                94.02904648067805,
                82.6251573323902,
                87.33261623828442,
                107.00689556931748,
                149.20960870095357,
                228.18588158236807,
                427.5786805597974,
                816.1400793251828,
                3576.6458190384697,
                8520.817888345213,
                15674.264306958916,
                25336.307161400324,
                52068.79655352246,
                82625.15733239018
            ],
            "Temperature": [
                393.62549800796813,
                411.55378486055776,
                427.49003984063745,
                455.3784860557769,
                477.29083665338646,
                493.22709163346616,
                493.22709163346616,
                493.22709163346616,
                495.2191235059761,
                495.2191235059761,
                493.22709163346616,
                493.22709163346616,
                499.203187250996,
                501.195219123506,
                501.195219123506,
                501.195219123506
            ]
        }
    },
    "C": 0.12,
    "Si": 0.34,
    "Mn": 0.4,
    "P": 0.012,
    "S": 0.014,
    "Cr": 0.78,
    "Ni": 3.45,
    "Ms:": 390,
    "Mf:": "",
    "Ac1:": 680,
    "Ac3:": 790,
    "Austenitization Temp:": 830.0,
    "Austenitization Time:": 600.0,
    "Status": 1
}