{
    "Ferrite": {
        "1": {
            "Time": [
                85805.32625334169,
                2096.881791357996,
                836.8727565522096,
                523.7591398078175,
                271.7644673552374,
                130.8245594304894,
                93.3575086877358,
                69.16580753293772,
                47.54109707696518,
                21.634281157695245,
                16.955398657730353,
                15.151698845084992,
                16.955398657730353,
                19.698670072313377,
                28.126652406066494,
                41.69475354812813,
                54.207201600856955,
                86.61334338783296
            ],
            "Temperature": [
                781.2080536912752,
                773.1543624161073,
                771.1409395973154,
                769.1275167785235,
                767.1140939597315,
                761.0738255033557,
                748.993288590604,
                738.9261744966443,
                722.8187919463087,
                688.5906040268457,
                676.510067114094,
                658.3892617449665,
                636.2416107382551,
                630.2013422818792,
                612.0805369127517,
                606.0402684563758,
                604.0268456375838,
                604.0268456375838
            ]
        }
    },
    "Pearlite": {
        "1": {
            "Time": [
                178245.11610812397,
                18796.80884338367,
                8715.624428380655,
                6830.681623164699,
                1804.8663478343738,
                1312.3392949783783,
                936.4963861949585,
                693.8223792957905,
                564.5417499465575,
                564.5417499465575,
                631.7463491812764,
                747.846997578797,
                954.2171514310878,
                1172.733840204807,
                1468.5637662196007,
                2096.881791357996,
                2883.8512990431,
                3544.256151164649,
                4522.302047686025
            ],
            "Temperature": [
                738.9261744966443,
                732.8859060402684,
                730.8724832214765,
                730.8724832214765,
                712.751677852349,
                708.7248322147651,
                700.6711409395973,
                690.6040268456376,
                682.5503355704698,
                674.496644295302,
                670.4697986577181,
                666.4429530201342,
                658.3892617449665,
                654.3624161073825,
                652.3489932885906,
                646.3087248322147,
                642.2818791946308,
                640.2684563758389,
                638.255033557047
            ]
        },
        "99": {
            "Time": [
                181617.9426385844,
                32985.077088272126,
                13925.997822451418,
                9219.807325665584,
                6703.829045357534,
                4195.610033573931,
                3544.256151164649,
                2625.834196356274,
                1982.2143260316973,
                3050.676810541265,
                3611.322006535088,
                4966.6679842092735,
                6579.3322465756755,
                11545.565162197332,
                23538.429131650693,
                45364.530228690506,
                72484.34743517886,
                129604.09522142647,
                192124.20771125914
            ],
            "Temperature": [
                720.8053691275168,
                716.7785234899329,
                716.7785234899329,
                708.7248322147651,
                706.7114093959731,
                696.6442953020135,
                696.6442953020135,
                688.5906040268457,
                676.510067114094,
                664.4295302013422,
                662.4161073825503,
                654.3624161073825,
                650.3355704697987,
                646.3087248322147,
                638.255033557047,
                624.1610738255033,
                618.1208053691275,
                612.0805369127517,
                608.0536912751677
            ]
        }
    },
    "Bainite": {
        "1": {
            "Time": [
                77.39949507940663,
                45.79172186496154,
                43.28761281083059,
                28.65887635429892,
                18.621453141535284,
                13.539874969998538,
                8.634316241899644,
                6.517953560788899,
                5.303456646948902,
                4.315258177853938,
                3.6453293366958133,
                2.9110081360915623,
                2.553028311787572,
                2.324609818676141,
                2.239070884061551,
                2.116627843152235
            ],
            "Temperature": [
                597.9865771812081,
                585.9060402684563,
                585.9060402684563,
                575.8389261744967,
                567.7852348993288,
                561.744966442953,
                545.6375838926174,
                535.5704697986577,
                523.489932885906,
                509.39597315436237,
                499.32885906040264,
                475.16778523489927,
                453.0201342281879,
                430.87248322147644,
                420.8053691275167,
                404.69798657718115
            ]
        },
        "99": {
            "Time": [
                388.03760261785465,
                761.9980624115005,
                1388.2557176512635,
                2482.241098784338,
                4355.894379587667,
                10914.19876931576,
                29476.15473467801,
                48896.84844488935,
                103496.43086084767,
                192124.20771125914
            ],
            "Temperature": [
                402.68456375838923,
                422.8187919463087,
                424.8322147651006,
                430.87248322147644,
                430.87248322147644,
                424.8322147651006,
                418.7919463087248,
                418.7919463087248,
                434.89932885906035,
                426.8456375838926
            ]
        }
    },
    "C": 0.16,
    "Si": 0.32,
    "Mn": 0.48,
    "Cr": 1.65,
    "Mo": 0.29,
    "Ni": 1.5,
    "Ms:": 400,
    "Mf:": "",
    "Ac1:": 745,
    "Ac3:": 825,
    "Austenitization Temp:": 870.0,
    "Status": 1
}