{
    "Ferrite": {
        "1": {
            "Time": [
                1.4177372317321766,
                1.4440241885954523,
                1.5541372208032171,
                1.582953236330263,
                1.8675687391126319,
                2.12386867514878,
                2.647721734259094,
                3.4878129953107444,
                4.854787362590349,
                7.2728080868102865,
                12.620130034499109,
                20.724752924638338,
                35.307936790391466,
                80.70768561861462,
                187.90406272987127,
                213.69149333415606
            ],
            "Temperature": [
                516.600790513834,
                560.0790513833992,
                599.604743083004,
                635.1778656126482,
                672.7272727272727,
                690.5138339920949,
                708.300395256917,
                733.9920948616601,
                749.802371541502,
                769.5652173913044,
                781.4229249011858,
                791.304347826087,
                797.2332015810276,
                807.1146245059289,
                813.0434782608695,
                820.9486166007905
            ]
        }
    },
    "Pearlite": {
        "1": {
            "Time": [
                29382.25383971009,
                2902.4580898634717,
                655.3742318609311,
                391.81865220516534,
                261.5490768418016,
                181.1251355118922,
                127.75649214671144,
                95.21895354084077,
                74.98942093324558,
                50.057376563384246,
                38.70490068788765,
                33.41459258151926,
                34.66519256306446,
                42.428685259992946,
                51.930862048914115,
                82.20412614574907,
                153.5218562158723,
                168.2921387769263,
                292.0286978286356,
                597.8548334019764,
                1973.3892858765405
            ],
            "Temperature": [
                724.1106719367589,
                716.205533596838,
                708.300395256917,
                692.4901185770751,
                688.5375494071146,
                676.6798418972332,
                668.7747035573123,
                652.9644268774704,
                643.0830039525692,
                621.3438735177865,
                591.699604743083,
                562.0553359683795,
                544.2687747035573,
                526.4822134387352,
                516.600790513834,
                498.8142292490119,
                490.90909090909093,
                490.90909090909093,
                484.9802371541502,
                483.00395256917,
                484.9802371541502
            ]
        },
        "99": {
            "Time": [
                21500.41330600767,
                3361.984792867221,
                1293.3084873939295,
                879.3240189305982,
                631.7306014157969,
                406.48315538656436,
                314.297137418192,
                198.5511196444582,
                145.28943756373684,
                108.28653771637272,
                93.48559163176567,
                82.20412614574907,
                85.28076035548864,
                140.04789829908785,
                177.82794100389228,
                234.25067503790606,
                314.297137418192,
                462.26777232915106,
                679.9027668197498,
                1096.2096402761374,
                1867.5687391126316
            ],
            "Temperature": [
                702.3715415019763,
                692.4901185770751,
                670.7509881422925,
                656.9169960474309,
                645.0592885375494,
                633.201581027668,
                623.3201581027668,
                601.5810276679842,
                581.8181818181818,
                567.9841897233202,
                560.0790513833992,
                548.2213438735178,
                538.3399209486166,
                522.5296442687747,
                518.5770750988142,
                512.6482213438735,
                506.7193675889328,
                500.7905138339921,
                500.7905138339921,
                500.7905138339921,
                500.7905138339921
            ]
        }
    },
    "Bainite": {
        "1": {
            "Time": [
                1.2239564278434287,
                1.4707985447353114,
                1.582953236330263,
                2.163248359195509,
                3.300783360146735,
                5.224985702369354,
                9.580385366544633,
                14.889233487785482,
                23.139911952597114,
                31.62277660168379
            ],
            "Temperature": [
                457.3122529644269,
                500.7905138339921,
                510.6719367588933,
                522.5296442687747,
                530.4347826086957,
                534.3873517786561,
                538.3399209486166,
                538.3399209486166,
                538.3399209486166,
                540.3162055335969
            ]
        },
        "99": {
            "Time": [
                68.40791959679859,
                79.2384862332117,
                104.3799348084753,
                142.64459462544625,
                238.59403095188674
            ],
            "Temperature": [
                447.4308300395257,
                467.19367588932806,
                479.0513833992095,
                481.02766798418975,
                481.02766798418975
            ]
        }
    },
    "C": 0.15,
    "Si": 0.24,
    "Mn": 0.67,
    "P": 0.015,
    "S": 0.033,
    "Cr": 0.15,
    "Mo": 0.25,
    "Ni": 0.08,
    "Cu": 0.1,
    "Ms:": 450,
    "Mf:": "",
    "Ac1:": 745,
    "Ac3:": 880,
    "Austenitization Temp:": 930.0,
    "Austenitization Time:": 600.0,
    "Status": 1
}