{
    "Ferrite": {
        "1": {
            "Time": [
                62.275416976050465,
                41.2759319412705,
                34.883910947949104,
                31.1824827037314,
                27.873802023499163,
                20.66764216663603,
                16.208502629705933,
                14.22031893600441,
                11.795559307708805,
                8.584088398559249,
                7.391652520403818,
                6.859069813894356,
                5.689504233316372,
                5.1817806594838425,
                4.3793263186506595,
                3.770983815399427,
                3.37085591621879,
                3.3084235960952255,
                2.902602404842272
            ],
            "Temperature": [
                790.5405405405405,
                782.4324324324324,
                764.1891891891892,
                762.1621621621622,
                756.081081081081,
                745.9459459459459,
                735.8108108108108,
                723.6486486486486,
                713.5135135135135,
                695.2702702702702,
                685.1351351351351,
                677.027027027027,
                654.7297297297297,
                644.5945945945946,
                632.4324324324324,
                622.2972972972973,
                608.1081081081081,
                602.027027027027,
                585.8108108108108
            ]
        }
    },
    "Pearlite": {
        "1": {
            "Time": [
                67.1108846155436,
                57.788354031660596,
                45.32024895421362,
                39.761130877499845,
                34.23781881301523,
                33.60369308424052,
                36.89626532298933,
                40.511451862499726,
                56.71804396561494,
                67.1108846155436,
                88.83398837188025,
                161.5807857888849,
                198.4721590129877,
                411.47524047136596,
                707.6149877935178,
                902.2877494347715,
                1129.2081888998343,
                1551.6664722551075,
                3666.7056581093507
            ],
            "Temperature": [
                551.3513513513512,
                557.4324324324324,
                563.5135135135135,
                575.6756756756756,
                595.9459459459459,
                620.2702702702702,
                630.4054054054054,
                636.4864864864865,
                644.5945945945946,
                648.6486486486486,
                662.8378378378378,
                670.9459459459459,
                670.9459459459459,
                691.2162162162163,
                697.2972972972973,
                701.3513513513514,
                701.3513513513514,
                705.4054054054054,
                719.5945945945946
            ]
        },
        "99": {
            "Time": [
                10062.510810320675,
                6545.872225391283,
                4853.580602633739,
                3402.512499951698,
                2522.867557042369,
                1801.984350069363,
                1194.3490225252397,
                837.2761907450449,
                544.6655477237438,
                451.79259339778827,
                403.85422237550927,
                544.6655477237438,
                720.9681888450091,
                837.2761907450449,
                1108.2938903098704,
                1336.1208386898238,
                1768.6094249472633,
                2385.268168008867,
                3666.7056581093507,
                5532.173667504466,
                7601.865167947971,
                10642.988661076954
            ],
            "Temperature": [
                701.3513513513514,
                697.2972972972973,
                693.2432432432432,
                689.1891891891892,
                685.1351351351351,
                677.027027027027,
                666.8918918918919,
                658.7837837837837,
                646.6216216216217,
                638.5135135135135,
                628.3783783783783,
                602.027027027027,
                595.9459459459459,
                589.8648648648648,
                581.7567567567567,
                581.7567567567567,
                575.6756756756756,
                573.6486486486486,
                567.5675675675675,
                553.3783783783783,
                551.3513513513512,
                543.2432432432432
            ]
        }
    },
    "Bainite": {
        "1": {
            "Time": [
                36.89626532298933,
                19.909152536790792,
                17.143525403626224,
                9.425178426527546,
                7.1203834642172135,
                5.085807827365321,
                3.4992772164941144,
                2.7442919472050558,
                2.2341916945362836,
                1.7197024709990048,
                1.3486686966400114,
                1.1613219608015735,
                1.139812876395314,
                1.1187021661932897
            ],
            "Temperature": [
                531.081081081081,
                527.027027027027,
                527.027027027027,
                516.8918918918919,
                506.7567567567567,
                498.6486486486486,
                486.48648648648646,
                476.3513513513513,
                468.2432432432432,
                454.054054054054,
                435.8108108108108,
                417.56756756756755,
                401.3513513513513,
                389.18918918918916
            ]
        },
        "99": {
            "Time": [
                277.87087658710624,
                451.79259339778827,
                656.6299740465324,
                954.3381833104211,
                1387.023748720454,
                2172.41010003894,
                3216.9365112854266,
                4675.457209310304,
                7461.069449739439,
                9513.692726003059,
                17631.07346590173
            ],
            "Temperature": [
                401.3513513513513,
                421.62162162162156,
                427.70270270270265,
                431.7567567567567,
                433.78378378378375,
                435.8108108108108,
                443.9189189189189,
                449.99999999999994,
                456.08108108108104,
                458.10810810810807,
                466.2162162162162
            ]
        }
    },
    "C": 0.2,
    "Si": 0.3,
    "Mn": 0.72,
    "P": 0.01,
    "S": 0.01,
    "Cr": 0.79,
    "Mo": 0.02,
    "Ni": 0.27,
    "Cu": 0.02,
    "Ms:": 390,
    "Mf:": "",
    "Ac1:": 735,
    "Ac3:": 815,
    "Austenitization Temp:": 850.0,
    "Status": 1
}