{
    "Ferrite": {
        "1": {
            "Time": [
                388.03760261785465,
                217.01978134265354,
                143.67951189907075,
                91.62376653899739,
                64.16925561483073,
                46.658211437039945,
                30.316739819157476,
                22.04365381849706,
                15.43840544867713,
                10.812380050976232,
                7.293868640452704,
                5.303456646948902,
                3.7845913806087097,
                2.000880569837344,
                1.65886116710343,
                1.3000964626948988,
                1.0778651999346578,
                0.7837283122161591,
                0.6873497002738742,
                0.6376954189777558,
                0.6376954189777558,
                0.6873497002738742,
                0.6873497002738742
            ],
            "Temperature": [
                825.0,
                825.0,
                827.027027027027,
                825.0,
                816.8918918918919,
                808.7837837837837,
                802.7027027027027,
                798.6486486486486,
                788.5135135135135,
                774.3243243243243,
                766.2162162162163,
                756.081081081081,
                741.8918918918919,
                721.6216216216217,
                711.4864864864865,
                695.2702702702702,
                681.081081081081,
                650.6756756756756,
                632.4324324324324,
                612.1621621621621,
                591.8918918918919,
                573.6486486486486,
                551.3513513513512
            ]
        }
    },
    "Pearlite": {
        "1": {
            "Time": [
                6337.2318018791075,
                4117.6933661614885,
                2625.834196356274,
                1108.6031784226907,
                668.2917174789523,
                410.4848666493679,
                287.48554364256415,
                212.98950732064375,
                160.78351530773105,
                135.8224331087037,
                114.7364722077402,
                110.5145010557489,
                110.5145010557489,
                110.5145010557489,
                121.37376681093355,
                135.8224331087037,
                151.99110829529343,
                176.58226483924017,
                193.93341535092173,
                209.03407951123242,
                261.7643190219969
            ],
            "Temperature": [
                737.8378378378378,
                733.7837837837837,
                731.7567567567568,
                719.5945945945946,
                715.5405405405405,
                707.4324324324324,
                705.4054054054054,
                701.3513513513514,
                693.2432432432432,
                685.1351351351351,
                675.0,
                662.8378378378378,
                648.6486486486486,
                628.3783783783783,
                616.2162162162163,
                608.1081081081081,
                602.027027027027,
                595.9459459459459,
                587.8378378378378,
                585.8108108108108,
                577.7027027027027
            ]
        },
        "99": {
            "Time": [
                4522.302047686025,
                3227.152872085419,
                2883.8512990431,
                2346.5003544565293,
                1738.4524734391434,
                1217.5356390186223,
                902.0360210610154,
                680.9374049682665,
                620.0141887125268,
                533.6699231206303,
                495.1174999925617,
                495.1174999925617,
                597.1994553657483,
                620.0141887125268,
                747.846997578797,
                821.3311938909936,
                972.2732361891943,
                1643.3856272577978,
                2136.5598408414994,
                2675.521298227202,
                3413.83775030609,
                5060.649294389853
            ],
            "Temperature": [
                717.5675675675675,
                709.4594594594595,
                707.4324324324324,
                705.4054054054054,
                697.2972972972973,
                687.1621621621621,
                679.0540540540541,
                670.9459459459459,
                666.8918918918919,
                658.7837837837837,
                650.6756756756756,
                636.4864864864865,
                620.2702702702702,
                614.1891891891892,
                604.054054054054,
                597.9729729729729,
                591.8918918918919,
                585.8108108108108,
                579.7297297297297,
                577.7027027027027,
                573.6486486486486,
                567.5675675675675
            ]
        }
    },
    "Bainite": {
        "1": {
            "Time": [
                1.4278452455325248,
                0.9814290015542569,
                0.8607382425050757,
                0.713608431735932,
                0.6258527783430624,
                0.5592751317876221,
                0.5488888341844513,
                0.5286913086811302,
                0.5286913086811302,
                0.5592751317876221,
                0.6028232017427473,
                0.6376954189777558,
                0.674584930058406,
                0.713608431735932,
                0.7691736949481079
            ],
            "Temperature": [
                579.7297297297297,
                575.6756756756756,
                569.5945945945946,
                555.4054054054054,
                543.2432432432432,
                522.9729729729729,
                510.8108108108108,
                500.6756756756756,
                482.4324324324324,
                460.1351351351351,
                433.78378378378375,
                425.6756756756756,
                411.48648648648646,
                405.40540540540536,
                383.108108108108
            ]
        },
        "99": {
            "Time": [
                66.62070536542875,
                60.660175644966294,
                53.20051974417937,
                54.207201600856955,
                59.53365561734511,
                67.88132942874496,
                85.00484712239687,
                104.47104273106386,
                154.8671458196059,
                201.34222846772465,
                287.48554364256415,
                402.8617528288217,
                643.700510358671,
                1067.8097798786587,
                1643.3856272577978,
                1909.2745577040007,
                3892.518316602368,
                5557.913771508961,
                8553.766580667523
            ],
            "Temperature": [
                387.1621621621621,
                393.2432432432432,
                415.5405405405405,
                433.78378378378375,
                452.027027027027,
                462.16216216216213,
                476.3513513513513,
                482.4324324324324,
                484.4594594594594,
                486.48648648648646,
                488.5135135135135,
                494.5945945945946,
                496.6216216216216,
                496.6216216216216,
                492.56756756756755,
                492.56756756756755,
                492.56756756756755,
                492.56756756756755,
                492.56756756756755
            ]
        }
    },
    "C": 0.165,
    "Si": 0.2,
    "Mn": 1.15,
    "P": 0.0125,
    "S": 0.0075,
    "Cr": 0.95,
    "Cu": 0.15,
    "Al": 0.025,
    "Ms:": 390,
    "Mf:": "",
    "Ac1:": 765,
    "Ac3:": 840,
    "Austenitization Temp:": 880.0,
    "Status": 1
}