{
    "Ferrite": {
        "1": {
            "Time": [
                3.7501600533412116,
                3.364090168546773,
                2.963614808774479,
                2.963614808774479,
                2.963614808774479,
                3.6828676112689527,
                4.413905865802772,
                11.317102662113054,
                20.20103055614324,
                36.05884365584063,
                70.46420317877084,
                101.21443705739331,
                156.3043866046465,
                264.2520399515453,
                535.429740152115,
                1065.425128971262,
                2007.9472228893233,
                3649.6755615664697,
                9880.013455323091,
                24877.459554098135,
                88361.83870168107,
                210727.9534598013
            ],
            "Temperature": [
                594.5525291828794,
                615.9533073929961,
                637.3540856031128,
                658.7548638132296,
                678.2101167315175,
                705.4474708171206,
                724.9027237354086,
                756.0311284046693,
                773.5408560311284,
                783.2684824902724,
                792.9961089494163,
                794.9416342412451,
                794.9416342412451,
                800.7782101167315,
                802.7237354085603,
                804.6692607003891,
                804.6692607003891,
                806.6147859922179,
                804.6692607003891,
                808.5603112840467,
                814.3968871595331,
                812.4513618677042
            ]
        }
    },
    "Pearlite": {
        "1": {
            "Time": [
                210727.9534598013,
                12057.525563362795,
                1737.1716214354885,
                245.7896351287463,
                177.42590863043523,
                125.77861702129839,
                112.83001336376853,
                110.80540453899887,
                121.30520143177868,
                135.2264350478097,
                177.42590863043523,
                379.57033867405494,
                535.429740152115,
                741.735417814244,
                1348.189632021095,
                1615.801259535913,
                2363.3364707826727,
                3157.509689859694
            ],
            "Temperature": [
                738.5214007782101,
                730.7392996108949,
                722.9571984435797,
                705.4474708171206,
                699.6108949416342,
                693.7743190661479,
                687.9377431906614,
                672.3735408560311,
                668.4824902723735,
                664.5914396887159,
                660.7003891050583,
                641.2451361867704,
                633.4630350194552,
                619.8443579766538,
                612.0622568093386,
                608.1712062256809,
                598.4435797665369,
                590.6614785992217
            ]
        },
        "99": {
            "Time": [
                210727.9534598013,
                11215.106643331505,
                1558.3340149823368,
                586.1664668067467,
                438.73454874995605,
                535.429740152115,
                797.4506213781423,
                1104.715195062011,
                1706.000013012839,
                2120.0367112983695,
                2832.451723036282,
                4218.556081545213,
                6754.915511482773,
                8243.66958874713,
                10622.147304748145
            ],
            "Temperature": [
                724.9027237354086,
                709.3385214007782,
                701.5564202334631,
                689.8832684824903,
                676.2645914396887,
                658.7548638132296,
                650.9727626459144,
                647.0817120622569,
                637.3540856031128,
                633.4630350194552,
                631.5175097276265,
                623.7354085603113,
                608.1712062256809,
                602.3346303501946,
                594.5525291828794
            ]
        }
    },
    "Bainite": {
        "1": {
            "Time": [
                2.3848298830815575,
                1.9541448375690602,
                1.5725063158364332,
                1.5165788900587285,
                1.462640567232548,
                1.5725063158364332,
                1.72151526533298,
                2.342036769060604,
                2.806924093945511,
                3.818682046197808,
                5.290053037083051,
                7.598606327722254,
                13.081116788429634,
                27.482507583952845,
                75.7570978279735,
                156.3043866046465,
                507.12077487203567,
                1397.9073065010632,
                2990.5674648044373
            ],
            "Temperature": [
                421.40077821011675,
                440.85603112840465,
                471.98443579766536,
                495.3307392996109,
                522.5680933852141,
                536.1867704280155,
                547.8599221789883,
                569.2607003891051,
                575.0972762645915,
                584.8249027237355,
                580.9338521400778,
                577.0428015564203,
                577.0428015564203,
                578.988326848249,
                578.988326848249,
                580.9338521400778,
                580.9338521400778,
                580.9338521400778,
                584.8249027237355
            ]
        },
        "99": {
            "Time": [
                7.737446174849414,
                10.914600991512557,
                14.848777328038038,
                22.519342238885134,
                36.05884365584063,
                54.68608108837604,
                108.817125062876,
                250.28064228123094,
                393.56789071883446,
                841.9666480758606,
                2279.282547611539,
                5435.701131530261,
                14191.603039389418,
                25332.01431485762,
                35733.86131675883
            ],
            "Temperature": [
                415.56420233463035,
                438.9105058365759,
                448.63813229571986,
                452.52918287937746,
                462.2568093385214,
                468.0933852140078,
                471.98443579766536,
                471.98443579766536,
                479.76653696498056,
                481.71206225680936,
                481.71206225680936,
                485.6031128404669,
                483.65758754863816,
                485.6031128404669,
                497.2762645914397
            ]
        }
    },
    "C": 0.18,
    "Si": 0.25,
    "Mn": 0.75,
    "Cr": 1.0,
    "Mo": 0.25,
    "Ms:": 410,
    "Mf:": "",
    "Ac1:": 760,
    "Ac3:": 850,
    "Austenitization Temp:": 870.0,
    "Status": 1
}