{
    "Ferrite": {
        "1": {
            "Time": [
                1432.8749085676159,
                116.61533769022559,
                35.81558887207412,
                22.17146510477312,
                14.240920130785186,
                10.601496058261352,
                8.815771949676163,
                7.4673106505098,
                6.80943085714402,
                7.4673106505098,
                8.341195579639319
            ],
            "Temperature": [
                761.1898016997168,
                741.3597733711049,
                735.4107648725212,
                729.4617563739376,
                717.5637393767705,
                707.6487252124646,
                697.7337110481586,
                687.8186968838527,
                667.9886685552408,
                640.2266288951841,
                616.4305949008499
            ]
        }
    },
    "Pearlite": {
        "1": {
            "Time": [
                1486.7215601189387,
                181.55658949950248,
                45.52091131617149,
                22.17146510477312,
                16.81257283945775,
                14.240920130785186,
                15.33136327643864,
                18.09993030268476,
                22.17146510477312,
                31.477289604669682,
                72.19015439101553,
                137.67395934456235,
                304.30639660299613,
                903.5272495301851
            ],
            "Temperature": [
                705.6657223796034,
                687.8186968838527,
                679.8866855524079,
                675.9206798866855,
                664.0226628895184,
                652.1246458923513,
                636.2606232294618,
                620.3966005665723,
                602.5495750708216,
                588.6685552407932,
                564.872521246459,
                552.9745042492918,
                531.1614730878186,
                507.36543909348444
            ]
        },
        "99": {
            "Time": [
                1486.7215601189387,
                954.9338708253493,
                569.7367479619451,
                549.1018039573414,
                660.3279489837295,
                724.1242373585948,
                887.0142034599494
            ],
            "Temperature": [
                648.1586402266289,
                648.1586402266289,
                622.3796033994334,
                596.600566572238,
                556.9405099150142,
                545.0424929178471,
                521.2464589235128
            ]
        }
    },
    "Bainite": {
        "1": {
            "Time": [
                8.341195579639319,
                9.317349572572628,
                12.062627660142446,
                14.506035355868308
            ],
            "Temperature": [
                539.0934844192634,
                485.55240793201136,
                432.0113314447592,
                386.40226628895186
            ]
        },
        "99": {
            "Time": [
                808.8670969317235,
                482.5897618868565,
                393.96769738328595,
                321.62005670123915,
                267.44612823871927,
                257.7596618133121,
                309.9714981616543,
                365.94674663843637
            ],
            "Temperature": [
                505.38243626062325,
                489.51841359773374,
                481.586402266289,
                467.70538243626066,
                445.89235127478753,
                430.028328611898,
                386.40226628895186,
                360.6232294617564
            ]
        }
    },
    "C": 0.22,
    "Si": 0.25,
    "Mn": 1.33,
    "Cr": 0.18,
    "Mo": 0.02,
    "Ni": 0.12,
    "Ti": 0.033,
    "Cu": 0.11,
    "Al": 0.034,
    "N": 0.009,
    "Ms:": 380,
    "Mf:": "",
    "Ac1:": 725,
    "Ac3:": 830,
    "Austenitization Temp:": 1150.0,
    "Austenitization Time:": 600.0,
    "Status": 1
}