{
    "Ferrite": {
        "1": {
            "Time": [
                143.7983857229019,
                69.97127475846167,
                40.95429603619912,
                24.872642353097273,
                16.264096652819283,
                10.833264786329297,
                7.08381775643965,
                5.080218046913022,
                4.14616955979682,
                4.070292957027181,
                4.070292957027181,
                4.070292957027181,
                4.070292957027181,
                4.2234606206677885,
                4.632073063493599,
                5.080218046913022,
                5.469755509920906,
                5.998944807823091
            ],
            "Temperature": [
                749.802371541502,
                745.8498023715415,
                728.0632411067194,
                718.1818181818182,
                708.300395256917,
                698.4189723320158,
                690.5138339920949,
                680.6324110671937,
                672.7272727272727,
                664.8221343873518,
                664.8221343873518,
                652.9644268774704,
                645.0592885375494,
                631.2252964426877,
                617.3913043478261,
                607.509881422925,
                595.6521739130435,
                583.794466403162
            ]
        }
    },
    "Pearlite": {
        "1": {
            "Time": [
                7215.871156937497,
                3850.893405571212,
                2612.836892001153,
                1180.8439622918022,
                717.1582078455895,
                468.94617154782804,
                419.7538154090364,
                486.5929085831026,
                846.8519397424732,
                1980.5756887451712,
                2761.69981334385,
                10833.264786329299,
                14557.996287012993,
                22678.533794764968,
                34682.22503904267,
                68690.77174391704
            ],
            "Temperature": [
                722.1343873517786,
                718.1818181818182,
                712.2529644268775,
                700.395256916996,
                690.5138339920949,
                676.6798418972332,
                633.201581027668,
                625.296442687747,
                607.509881422925,
                595.6521739130435,
                593.6758893280632,
                577.8656126482214,
                573.9130434782609,
                571.9367588932806,
                569.9604743083005,
                566.00790513834
            ]
        },
        "99": {
            "Time": [
                34047.5261019873,
                20299.560303083716,
                9174.171298046796,
                6701.981251115034,
                5781.387585665794,
                4987.247973892746,
                5271.389821830877,
                7487.408890930715,
                11240.92729967675,
                25336.307161400324,
                37341.56482100078,
                60359.921056848376,
                84165.41900590558
            ],
            "Temperature": [
                702.3715415019763,
                692.4901185770751,
                684.5849802371541,
                676.6798418972332,
                670.7509881422925,
                654.9407114624506,
                645.0592885375494,
                629.2490118577075,
                621.3438735177865,
                607.509881422925,
                603.5573122529645,
                599.604743083004,
                597.6284584980237
            ]
        }
    },
    "Bainite": {
        "1": {
            "Time": [
                1.3192310230045077,
                1.5013107289081735,
                1.9443303416548612,
                3.5766458190384665,
                5.469755509920906,
                8.211802631548853,
                14.291578986547906,
                18.853894366773318,
                35.987338807307616,
                57.10636173185504,
                105.04862551026018,
                151.99110829529343,
                295.52092352028893,
                533.6699231206312,
                1000.0000000000007,
                2518.0799715119697,
                4302.192507343014,
                7769.164759280654,
                11881.364244498502,
                14829.380021071836,
                20677.97573651246
            ],
            "Temperature": [
                433.59683794466406,
                461.2648221343874,
                498.8142292490119,
                526.4822134387352,
                536.3636363636364,
                544.2687747035573,
                546.2450592885375,
                546.2450592885375,
                546.2450592885375,
                548.2213438735178,
                552.1739130434783,
                552.1739130434783,
                552.1739130434783,
                556.1264822134387,
                556.1264822134387,
                550.197628458498,
                546.2450592885375,
                550.197628458498,
                558.102766798419,
                558.102766798419,
                558.102766798419
            ]
        },
        "99": {
            "Time": [
                24.417462800877107,
                23.970613221074743,
                25.33630716140032,
                30.475947675138027,
                79.62868040429731,
                128.71396488347744,
                179.47778255253672,
                618.6483376250883,
                3085.352668372834,
                6340.726742929728,
                14557.996287012993,
                27279.02708454168,
                46606.790593808786
            ],
            "Temperature": [
                435.5731225296443,
                463.2411067193676,
                484.9802371541502,
                494.8616600790514,
                502.76679841897237,
                504.74308300395256,
                506.7193675889328,
                508.69565217391306,
                508.69565217391306,
                508.69565217391306,
                508.69565217391306,
                510.6719367588933,
                514.6245059288538
            ]
        }
    },
    "C": 0.2,
    "Si": 0.25,
    "Mn": 0.75,
    "Cr": 0.4,
    "Mo": 0.45,
    "Ms:": 420,
    "Mf:": "",
    "Ac1:": 725,
    "Ac3:": 820,
    "Austenitization Temp:": 920.0,
    "Status": 1
}