{
    "Ferrite": {
        "1": {
            "Time": [
                0.3132331865304095,
                0.2794351222347197,
                0.27416785161915136,
                0.28480358684358026,
                0.3132331865304095,
                0.3788893487796157,
                0.4760865917562329,
                0.8587846980686323,
                1.9098169151133384,
                3.015357733329019,
                4.411924777324523,
                7.099694630794689,
                11.20951382293669,
                30.153577333290198,
                46.71124982522768,
                99.99999999999997,
                307.32883225297337,
                378.889348779616,
                909.2382259947124,
                1330.3531496171408,
                4328.761281083061
            ],
            "Temperature": [
                480.24691358024694,
                523.4567901234568,
                546.0905349794239,
                574.8971193415638,
                597.530864197531,
                634.5679012345679,
                663.3744855967078,
                698.3539094650206,
                718.9300411522634,
                733.3333333333334,
                741.5637860082304,
                751.8518518518518,
                758.0246913580247,
                768.312757201646,
                774.4855967078189,
                784.7736625514403,
                790.9465020576132,
                790.9465020576132,
                788.8888888888889,
                788.8888888888889,
                786.8312757201646
            ]
        }
    },
    "Pearlite": {
        "1": {
            "Time": [
                4760.865917562336,
                1769.8395026962457,
                683.45628847226,
                239.97460707811518,
                135.5911689803104,
                56.502298568687145,
                30.732883225297325,
                22.665844285006592,
                14.355713861864125,
                9.999999999999998,
                5.4392270763882005,
                2.958519118851453,
                2.223859972596659,
                1.5788726707083716,
                1.2565320014660875,
                1.1209513822936692,
                1.2096079377043665,
                1.5491113810120796,
                2.1004582303213084,
                2.689998675195933,
                3.4450067933266943,
                4.945553177717611,
                7.516801086146097,
                11.20951382293669,
                14.355713861864125,
                21.004582303213084
            ],
            "Temperature": [
                708.641975308642,
                708.641975308642,
                708.641975308642,
                702.4691358024692,
                698.3539094650206,
                686.0082304526749,
                675.7201646090535,
                673.6625514403293,
                671.604938271605,
                667.4897119341564,
                657.201646090535,
                640.7407407407408,
                618.1069958847736,
                591.358024691358,
                572.8395061728395,
                550.2057613168724,
                533.7448559670781,
                506.99588477366257,
                490.5349794238683,
                482.3045267489712,
                478.18930041152265,
                474.0740740740741,
                474.0740740740741,
                474.0740740740741,
                476.13168724279836,
                478.18930041152265
            ]
        },
        "99": {
            "Time": [
                4760.865917562336,
                1983.9040369852967,
                944.5101113397618,
                210.04582303213098,
                149.12612020020703,
                96.26558943926841,
                67.057333662102,
                40.114906577566614,
                28.480358684358013,
                23.54511556728785,
                19.098169151133387,
                18.38496510544708,
                18.38496510544708,
                22.23859972596659
            ],
            "Temperature": [
                657.201646090535,
                665.4320987654321,
                661.3168724279835,
                644.8559670781893,
                640.7407407407408,
                634.5679012345679,
                626.3374485596707,
                601.6460905349794,
                576.9547325102881,
                564.6090534979423,
                548.1481481481482,
                533.7448559670781,
                525.5144032921811,
                490.5349794238683
            ]
        }
    },
    "Bainite": {
        "1": {
            "Time": [
                0.3192509743545063,
                0.3380069419285069,
                0.3861685126990639
            ],
            "Temperature": [
                472.0164609053498,
                451.440329218107,
                428.8065843621399
            ]
        },
        "99": {
            "Time": [
                23.101297000831593,
                26.89998675195933,
                30.732883225297325,
                35.786482100128445
            ],
            "Temperature": [
                476.13168724279836,
                463.7860082304527,
                445.26748971193416,
                430.8641975308642
            ]
        }
    },
    "C": 0.2,
    "Si": 0.25,
    "Mn": 1.45,
    "Ms:": 420,
    "Mf:": "",
    "Ac1:": 725,
    "Ac3:": 875,
    "Austenitization Temp:": 900.0,
    "Status": 1
}