{
    "Ferrite": {
        "1": {
            "Time": [
                63789.52090518848,
                13798.811712539467,
                6535.870371552201,
                3581.704147049711,
                2111.243174681011,
                528.390675615484,
                294.88792673471653,
                161.60071269127525,
                86.95888933389955,
                51.25810341852583,
                45.118386683162356,
                41.18847623843148,
                47.65409912438273,
                64.96282576291958,
                134.67519062725106,
                180.27548617599763
            ],
            "Temperature": [
                783.495145631068,
                781.5533980582525,
                781.5533980582525,
                781.5533980582525,
                777.6699029126214,
                771.8446601941748,
                771.8446601941748,
                766.0194174757281,
                752.4271844660194,
                734.9514563106796,
                723.3009708737864,
                698.0582524271845,
                674.7572815533981,
                657.2815533980582,
                622.3300970873786,
                608.7378640776699
            ]
        }
    },
    "Pearlite": {
        "1": {
            "Time": [
                95255.88593744523,
                17172.301148498304,
                7561.848434185396,
                4069.1029773134837,
                2579.939362620406,
                1178.2572088148725,
                634.0314749969148,
                401.99591128676343,
                401.99591128676343,
                448.4510441883535,
                589.4521400993059,
                803.5505313594005,
                1244.476807585776,
                1791.8355677234244,
                3152.686149383927,
                4297.791895572866,
                5446.879370423216,
                7425.27257873176,
                11711.20499777695,
                18810.759567131874,
                31335.90315668363,
                50332.32192683818,
                69875.86173067828
            ],
            "Temperature": [
                744.6601941747573,
                744.6601941747573,
                740.7766990291262,
                736.8932038834952,
                733.0097087378641,
                727.1844660194174,
                717.4757281553398,
                707.7669902912621,
                678.6407766990292,
                672.8155339805826,
                659.2233009708738,
                649.5145631067961,
                637.8640776699028,
                628.1553398058252,
                614.5631067961165,
                604.8543689320388,
                600.9708737864078,
                595.1456310679612,
                583.495145631068,
                571.8446601941748,
                562.1359223300971,
                550.4854368932039,
                544.6601941747573
            ]
        },
        "99": {
            "Time": [
                88558.35717486375,
                35600.097494568035,
                11711.20499777695,
                6656.087114798181,
                3269.7298595763655,
                1466.3137697408597,
                1075.6284214866002,
                1199.9293406500358,
                1577.2087655504258,
                2189.623236182349,
                3269.7298595763655,
                4143.947532063883,
                7159.476476567667,
                22163.913063256485,
                33705.788048280585,
                48530.619048031964,
                85388.30975888664
            ],
            "Temperature": [
                729.126213592233,
                723.3009708737864,
                723.3009708737864,
                719.4174757281553,
                715.5339805825242,
                703.8834951456311,
                694.1747572815534,
                678.6407766990292,
                670.873786407767,
                657.2815533980582,
                647.5728155339806,
                639.8058252427185,
                624.2718446601941,
                606.7961165048544,
                593.2038834951456,
                587.3786407766991,
                567.9611650485438
            ]
        }
    },
    "Bainite": {
        "1": {
            "Time": [
                3.7830006125067563,
                3.3911188263045022,
                3.269729859576367,
                3.3911188263045022,
                3.9956102030411094,
                4.972444229837753,
                7.842582625510746,
                9.073683805727581
            ],
            "Temperature": [
                383.495145631068,
                418.4466019417476,
                451.45631067961165,
                488.34951456310677,
                507.7669902912621,
                531.0679611650485,
                560.1941747572815,
                567.9611650485438
            ]
        },
        "99": {
            "Time": [
                46.7934101790236,
                41.94607150748705,
                36.25490359333399,
                30.214198757481572,
                28.089810713371875,
                31.335903156683653,
                46.7934101790236,
                71.1611149641773,
                127.50901683166842,
                241.3157966558408,
                818.3305411242908,
                1338.5946241201718,
                3039.8321523127383,
                7561.848434185396,
                12369.390061509032,
                33705.788048280585,
                48530.619048031964
            ],
            "Temperature": [
                389.32038834951453,
                412.62135922330094,
                426.2135922330097,
                455.3398058252427,
                484.4660194174757,
                505.8252427184466,
                529.126213592233,
                536.8932038834951,
                544.6601941747573,
                546.6019417475728,
                552.4271844660194,
                552.4271844660194,
                550.4854368932039,
                544.6601941747573,
                546.6019417475728,
                544.6601941747573,
                552.4271844660194
            ]
        }
    },
    "C": 0.24,
    "Si": 0.25,
    "Mn": 0.57,
    "P": 0.012,
    "S": 0.01,
    "Cr": 1.1,
    "Mo": 0.25,
    "Ms:": 390,
    "Mf:": "",
    "Ac1:": 745,
    "Ac3:": 815,
    "Austenitization Temp:": 940.0,
    "Austenitization Time:": 600.0,
    "Status": 1
}