{
    "Ferrite": {
        "1": {
            "Time": [
                1.1782572088148724,
                1.4932842351806614,
                2.15007607133165,
                2.9310178928023083,
                4.297791895572862,
                6.656087114798183,
                16.258549373378717,
                27.084303896083206,
                47.65409912438273,
                95.25588593744526,
                224.34866152227906,
                833.382405215854,
                1727.6947695816793,
                4069.1029773134837,
                14574.323008616046,
                35600.097494568035,
                97007.96358455585
            ],
            "Temperature": [
                552.9577464788732,
                612.112676056338,
                700.8450704225352,
                736.338028169014,
                761.9718309859155,
                781.6901408450705,
                801.4084507042253,
                805.3521126760563,
                807.3239436619718,
                809.2957746478874,
                809.2957746478874,
                805.3521126760563,
                807.3239436619718,
                809.2957746478874,
                815.2112676056338,
                813.2394366197183,
                817.1830985915493
            ]
        }
    },
    "Pearlite": {
        "1": {
            "Time": [
                7291.163443479584,
                2312.6829306825734,
                1056.2013101006266,
                720.3105719230126,
                373.73120982725067,
                155.81603083820625,
                147.52493615384876,
                144.86046270779715,
                155.81603083820625,
                204.8074010075979,
                284.33207701064816,
                360.3530748462291,
                509.4763286323548,
                999.9999999999998
            ],
            "Temperature": [
                740.2816901408451,
                736.338028169014,
                732.3943661971831,
                730.4225352112676,
                724.5070422535211,
                704.7887323943662,
                687.0422535211268,
                665.3521126760563,
                657.4647887323944,
                633.8028169014085,
                614.0845070422536,
                604.2253521126761,
                588.4507042253522,
                558.8732394366198
            ]
        },
        "99": {
            "Time": [
                4457.347742637167,
                2398.5414582618905,
                1439.8304225528307,
                848.7111239538527,
                645.6934564479736,
                589.4521400993059,
                600.2941569316072,
                747.0521560306415,
                1075.6284214866002,
                1727.6947695816793,
                2675.719805317377,
                4220.16873110345,
                7700.936381160927,
                16557.599039981473,
                39714.08774667282,
                90187.24463461428
            ],
            "Temperature": [
                586.4788732394366,
                594.3661971830986,
                602.2535211267606,
                620.0,
                629.8591549295775,
                653.5211267605633,
                675.2112676056338,
                685.0704225352113,
                696.9014084507043,
                696.9014084507043,
                704.7887323943662,
                708.7323943661972,
                714.6478873239437,
                718.5915492957747,
                728.4507042253521,
                730.4225352112676
            ]
        }
    },
    "Bainite": {
        "1": {
            "Time": [
                1.1569765011097555,
                0.880219588203796,
                0.7470521560306413,
                0.6002941569316073,
                0.5188473200240573,
                0.4823666887743361
            ],
            "Temperature": [
                531.2676056338028,
                509.5774647887324,
                495.7746478873239,
                466.19718309859155,
                426.76056338028167,
                403.09859154929575
            ]
        },
        "99": {
            "Time": [
                134.67519062725106,
                173.822319503226,
                232.67762243911727,
                341.1784016930423,
                473.654580387733,
                733.559517535388,
                1314.4180345619422,
                2312.6829306825734,
                4220.16873110345,
                6903.194849081311,
                21763.606787197135
            ],
            "Temperature": [
                409.01408450704224,
                444.5070422535211,
                460.28169014084506,
                478.0281690140845,
                487.88732394366195,
                499.71830985915494,
                501.6901408450704,
                501.6901408450704,
                501.6901408450704,
                505.6338028169014,
                511.5492957746479
            ]
        }
    },
    "C": 0.25,
    "Si": 0.25,
    "Mn": 0.7,
    "Cr": 1.05,
    "Mo": 0.25,
    "Ms:": 400,
    "Mf:": 330,
    "Ac1:": 735,
    "Ac3:": 820,
    "Austenitization Temp:": 875.0,
    "Status": 1
}