{
    "Ferrite": {
        "1": {
            "Time": [
                5097.0286316889,
                1454.1246146668716,
                700.6940913385971,
                384.9159021949679,
                236.5831118145185,
                145.41246146668726,
                84.49466108283335,
                70.0694091338597,
                51.933447635438135,
                27.48048480853343,
                19.990009850689802,
                17.209662670181483,
                11.835067295194685,
                10.577675602831759,
                10.188965255670919,
                10.381501298126912,
                11.61557331703295
            ],
            "Temperature": [
                777.1043771043771,
                777.1043771043771,
                780.4713804713805,
                778.7878787878788,
                772.053872053872,
                765.3198653198654,
                753.5353535353536,
                750.1683501683501,
                743.4343434343434,
                718.1818181818181,
                697.9797979797979,
                687.8787878787879,
                654.2087542087542,
                627.2727272727273,
                612.1212121212121,
                585.1851851851852,
                566.6666666666666
            ]
        }
    },
    "Pearlite": {
        "1": {
            "Time": [
                9106.460192817825,
                6146.358476368785,
                3849.1590219496798,
                1820.38228959343,
                1596.8055466971944,
                1427.1563188004232,
                1626.97962353603,
                2278.8911258644675,
                2961.7248922143754,
                3921.8947538197526,
                5097.0286316889,
                14541.246146668705
            ],
            "Temperature": [
                719.8653198653199,
                706.3973063973064,
                696.2962962962963,
                679.4612794612794,
                664.3097643097643,
                637.3737373737374,
                630.6397306397306,
                613.8047138047139,
                605.3872053872053,
                600.3367003367002,
                595.2861952861953,
                580.1346801346801
            ]
        },
        "99": {
            "Time": [
                37777.72252003052,
                19619.273742801175,
                13492.154348336768,
                8937.571151054244,
                7694.4726765645555,
                6262.503296462009,
                6749.448574119237,
                7839.8714762225445,
                9814.53930705501,
                11400.150089399916,
                14006.881788178676,
                17534.865500829583
            ],
            "Temperature": [
                697.9797979797979,
                692.929292929293,
                687.8787878787879,
                681.1447811447811,
                677.7777777777778,
                660.942760942761,
                642.4242424242424,
                625.5892255892256,
                612.1212121212121,
                603.7037037037037,
                595.2861952861953,
                588.5521885521885
            ]
        }
    },
    "Bainite": {
        "1": {
            "Time": [
                6.26250329646201,
                5.702923697662177,
                5.702923697662177,
                6.501418610174439,
                7.5517704531203655,
                10.577675602831759,
                19.990009850689802,
                38.49159021949681,
                98.14539307055007,
                207.5263132145058,
                331.37916802654183,
                1324.1927918860447,
                3638.945990099392,
                6749.448574119237,
                16577.23885589314
            ],
            "Temperature": [
                413.46801346801345,
                433.67003367003366,
                462.28956228956224,
                506.06060606060606,
                524.5791245791245,
                544.7811447811448,
                558.2491582491582,
                558.2491582491582,
                563.2996632996633,
                563.2996632996633,
                564.9831649831649,
                570.03367003367,
                571.7171717171717,
                575.0841750841751,
                573.4006734006734
            ]
        },
        "99": {
            "Time": [
                94.53872831307937,
                79.880178080157,
                105.77675602831752,
                140.06881788178683,
                274.80484808533424,
                519.3344763543814,
                1077.7556920301065,
                1925.5413332459455,
                3638.945990099392,
                6146.358476368785,
                12518.750258625281,
                16577.23885589314
            ],
            "Temperature": [
                416.8350168350168,
                452.18855218855214,
                482.49158249158245,
                494.2760942760942,
                512.7946127946127,
                517.8451178451178,
                526.2626262626262,
                527.946127946128,
                527.946127946128,
                527.946127946128,
                526.2626262626262,
                527.946127946128
            ]
        }
    },
    "C": 0.26,
    "SI": 0.275,
    "Mn": 0.75,
    "P": 0.0175,
    "S": 0.0175,
    "Cr": 0.5,
    "Mo": 0.45,
    "Ms:": 410,
    "Mf:": "",
    "Ac1:": 725,
    "Ac3:": 830,
    "Austenitization Temp:": 890.0,
    "Austenitization Time:": 900.0,
    "Status": 1
}