{
    "Ferrite": {},
    "Pearlite": {
        "1": {
            "Time": [
                7.7905167392224,
                8.234981931268031,
                10.092902183438433,
                13.319808836657376,
                20.008052545562062,
                31.769328263969367,
                53.32214733067248,
                113.82165592043316,
                180.72911105418297,
                378.7156506866574,
                697.2258717575127,
                1170.2350250437908,
                2114.955358006341,
                3296.6458091803547,
                4951.982673554641,
                6182.507596208582,
                8311.48671146712,
                13443.552769048189,
                37871.56506866569,
                83887.02237778607,
                227734.96724789124,
                419266.3038382151,
                730220.153999275,
                846663.5113189049
            ],
            "Temperature": [
                779.2613636363636,
                759.375,
                735.5113636363636,
                709.659090909091,
                691.7613636363636,
                673.8636363636364,
                653.9772727272727,
                628.125,
                624.1477272727273,
                614.2045454545455,
                606.25,
                602.2727272727273,
                598.2954545454545,
                598.2954545454545,
                594.3181818181818,
                592.3295454545455,
                592.3295454545455,
                590.3409090909091,
                590.3409090909091,
                590.3409090909091,
                584.375,
                584.375,
                584.375,
                588.3522727272727
            ]
        },
        "99": {
            "Time": [
                40779.48784067483,
                24296.413413600778,
                16174.666742233381,
                10376.819370522187,
                7037.032523411165,
                3822.3400177176677,
                3236.2358208556043,
                5234.503590161748,
                9286.915327781857,
                15878.271106907914,
                29232.331419214952,
                43106.04248413963,
                102813.03813237813,
                196414.11331843442,
                354977.4809853619,
                894967.4265472483
            ],
            "Temperature": [
                785.2272727272727,
                785.2272727272727,
                779.2613636363636,
                763.3522727272727,
                753.409090909091,
                723.5795454545455,
                703.6931818181818,
                685.7954545454545,
                679.8295454545455,
                665.909090909091,
                651.9886363636364,
                644.034090909091,
                630.1136363636364,
                624.1477272727273,
                616.1931818181818,
                608.2386363636364
            ]
        }
    },
    "Bainite": {
        "1": {
            "Time": [
                2.3851189347805932,
                2.81708010667087,
                3.327272368549952,
                4.077948784067486,
                6.595946257418739,
                8.234981931268031,
                10.867873591186369,
                19.281488702019512,
                32.966458091803496,
                56.36428679932831,
                118.11067639400609,
                198.23884331697505,
                499.79876738269,
                854.5292002028225,
                2319.860377736923,
                4861.239162480229,
                12256.131546707993,
                19104.008293728188,
                45565.331911576606,
                130757.27566516213,
                419266.3038382151,
                690808.1135489439,
                911673.5551428003
            ],
            "Temperature": [
                387.5,
                439.2045454545455,
                465.05681818181824,
                490.90909090909093,
                514.7727272727273,
                522.7272727272727,
                536.6477272727273,
                552.5568181818182,
                562.5,
                560.5113636363637,
                560.5113636363637,
                560.5113636363637,
                562.5,
                568.4659090909091,
                566.4772727272727,
                566.4772727272727,
                564.4886363636364,
                562.5,
                560.5113636363637,
                558.5227272727273,
                572.4431818181818,
                576.4204545454545,
                574.4318181818182
            ]
        },
        "99": {
            "Time": [
                75.77362638765364,
                107.67838024844421,
                177.41730744509593,
                326.6301158243521,
                558.4547018776937,
                1544.383027224981,
                3549.774809853624,
                7168.391013988568,
                19823.88433169748,
                38578.50391066678,
                90328.18693504985,
                192814.8870201953,
                606921.5106410447,
                894967.4265472483
            ],
            "Temperature": [
                393.4659090909091,
                411.3636363636364,
                429.2613636363636,
                443.18181818181824,
                457.10227272727275,
                469.034090909091,
                473.0113636363636,
                473.0113636363636,
                473.0113636363636,
                473.0113636363636,
                476.9886363636364,
                476.9886363636364,
                478.97727272727275,
                478.97727272727275
            ]
        }
    },
    "C": 0.3,
    "Si": 0.95,
    "Mn": 0.4,
    "P": 0.0175,
    "S": 0.0175,
    "Cr": 1.05,
    "W": 3.75,
    "V": 0.175,
    "Ms:": 390,
    "Mf:": "",
    "Ac1:": 785,
    "Ac3:": 905,
    "Austenitization Temp:": 950.0,
    "Status": 1
}