{
    "Ferrite": {},
    "Pearlite": {
        "1": {
            "Time": [
                15731.332071794935,
                4603.3370688485065,
                2584.6332192250343,
                1506.2517834023686,
                1037.9406158387499,
                604.8826936232114,
                440.7627172264096,
                386.9020921660349,
                372.75937203149397,
                394.17341642310635,
                424.6511895771928,
                530.966823034697,
                728.6747031664381,
                1204.6545732722477,
                1954.8125623113042,
                2999.7768468235026,
                6933.7846695553,
                16328.188498562742,
                25056.58227950247,
                59005.09145977023
            ],
            "Temperature": [
                776.3532763532763,
                768.3760683760684,
                760.3988603988604,
                750.4273504273505,
                746.4387464387464,
                742.4501424501425,
                734.4729344729344,
                728.4900284900285,
                708.5470085470085,
                700.5698005698006,
                686.6096866096866,
                676.6381766381767,
                662.6780626780627,
                646.7236467236467,
                632.7635327635328,
                620.7977207977208,
                604.8433048433048,
                590.8831908831909,
                586.8945868945868,
                570.9401709401709
            ]
        },
        "99": {
            "Time": [
                57916.623453186934,
                13304.213889054912,
                8047.488733750884,
                4689.850833363983,
                3172.1061278090474,
                1883.3568438129194,
                1684.2831130116658,
                1534.559836916878,
                1653.2131114713486,
                1954.8125623113042,
                4040.815325966122,
                8198.730872842565,
                24594.363045690156,
                60114.01581430184
            ],
            "Temperature": [
                760.3988603988604,
                752.4216524216524,
                740.4558404558404,
                726.4957264957266,
                724.5014245014245,
                716.5242165242165,
                712.5356125356125,
                700.5698005698006,
                692.5925925925926,
                686.6096866096866,
                664.6723646723647,
                652.7065527065527,
                634.7578347578348,
                618.8034188034187
            ]
        }
    },
    "Bainite": {
        "1": {
            "Time": [
                97.54799084485819,
                126.59771761466386,
                164.29843368821142,
                298.1216601340781,
                551.1120312905784,
                715.2328275251815,
                1160.6199380672447,
                1563.3999036728712,
                2584.6332192250343,
                4353.254084469705,
                13808.98395725613,
                30751.805555835545,
                56848.234435925486
            ],
            "Temperature": [
                363.5327635327635,
                399.4301994301994,
                425.35612535612535,
                443.3048433048433,
                451.28205128205127,
                457.2649572649572,
                457.2649572649572,
                457.2649572649572,
                457.2649572649572,
                455.27065527065525,
                451.28205128205127,
                451.28205128205127,
                455.27065527065525
            ]
        },
        "99": {
            "Time": [
                1204.6545732722477,
                1160.6199380672447,
                1322.1897940787983,
                1954.8125623113042,
                2836.809604776266,
                5052.473485908209,
                9876.638640998164,
                22829.193334233325,
                57916.623453186934
            ],
            "Temperature": [
                371.5099715099715,
                391.45299145299145,
                399.4301994301994,
                407.4074074074074,
                407.4074074074074,
                407.4074074074074,
                409.40170940170935,
                413.3903133903134,
                413.3903133903134
            ]
        }
    },
    "C": 0.315,
    "Si": 0.2,
    "Mn": 0.55,
    "P": 0.0125,
    "S": 0.0175,
    "Cr": 3.05,
    "Mo": 0.4,
    "Ni": 0.3,
    "Ms:": 360,
    "Mf:": "",
    "Ac1:": 775,
    "Ac3:": 815,
    "Austenitization Temp:": 900.0,
    "Status": 1
}