{
    "Ferrite": {},
    "Pearlite": {
        "1": {
            "Time": [
                13554.24937640825,
                7753.32288856216,
                5974.2077851100585,
                4116.75722210205,
                3056.1537716160174,
                2067.1113967000488,
                1684.2831130116658,
                1372.3544891218578,
                1227.2944974220204,
                1398.1461162236592,
                1748.1858515661354,
                2444.2192588043476,
                4272.949526367231,
                6317.410291375309,
                11463.023727827867,
                25527.48832580548,
                47190.4857186625,
                69769.52531136849,
                109077.66915109547,
                281925.76716355886,
                756321.0701506903
            ],
            "Temperature": [
                783.7092731829574,
                777.6942355889724,
                767.6691729323309,
                753.6340852130326,
                743.609022556391,
                733.5839598997494,
                723.5588972431078,
                715.5388471177945,
                703.5087719298245,
                689.4736842105264,
                675.438596491228,
                661.4035087719299,
                647.3684210526316,
                639.3483709273182,
                635.3383458646617,
                615.2882205513785,
                601.2531328320802,
                589.2230576441102,
                581.203007518797,
                563.1578947368421,
                547.1177944862155
            ]
        },
        "99": {
            "Time": [
                663899.6288795533,
                64762.07491984748,
                40659.723455421416,
                20799.806712591762,
                18950.82112395216,
                22408.062785230453,
                30751.805555835545,
                43803.56262962904,
                69769.52531136849,
                152506.5194903334,
                287224.1972082083,
                424651.18957719265,
                651652.6602241357,
                814800.3613643973
            ],
            "Temperature": [
                783.7092731829574,
                765.6641604010025,
                759.6491228070175,
                741.6040100250627,
                723.5588972431078,
                699.4987468671679,
                685.4636591478697,
                671.4285714285714,
                659.3984962406015,
                637.34335839599,
                619.2982456140351,
                601.2531328320802,
                585.2130325814537,
                581.203007518797
            ]
        }
    },
    "Bainite": {
        "1": {
            "Time": [
                61.243780967375756,
                155.37268221466377,
                242.90963640780123,
                346.0059427213179,
                440.7627172264096,
                799.7697241235029,
                1057.4473668493117,
                1715.9370350332658,
                2999.7768468235026,
                5052.473485908209,
                9876.638640998164,
                13554.24937640825,
                23258.23848705551,
                56848.234435925486,
                158292.71075922126,
                928228.687680278
            ],
            "Temperature": [
                358.6466165413534,
                384.71177944862154,
                396.7418546365915,
                406.7669172932331,
                412.7819548872181,
                418.796992481203,
                422.8070175438597,
                426.81704260651634,
                426.81704260651634,
                434.8370927318296,
                434.8370927318296,
                434.8370927318296,
                434.8370927318296,
                436.8421052631579,
                438.8471177944862,
                446.8671679197995
            ]
        },
        "95": {
            "Time": [
                502.12127778683157,
                756.3210701506919,
                1118.1949336565442,
                1534.559836916878,
                2268.79443500282,
                4689.850833363983,
                7196.856730011513,
                11897.93790743586,
                28018.14335968803,
                48980.9218085583,
                111127.64282056552
            ],
            "Temperature": [
                354.6365914786968,
                388.7218045112782,
                392.7318295739349,
                396.7418546365915,
                402.75689223057645,
                402.75689223057645,
                402.75689223057645,
                406.7669172932331,
                410.77694235588973,
                410.77694235588973,
                408.7719298245614
            ]
        }
    },
    "C": 0.32,
    "Si": 0.4,
    "Mn": 0.4,
    "Cr": 3.0,
    "Mo": 2.8,
    "V": 0.5,
    "Ms:": 350,
    "Mf:": 190,
    "Ac1:": 780,
    "Ac3:": 875,
    "Austenitization Temp:": 1030.0,
    "Status": 1
}