{
    "Ferrite": {
        "1": {
            "Time": [
                9937.455670806681,
                9937.455670806681,
                5978.1493063407925,
                3398.8746633228207,
                2515.040362076254,
                1861.0359749743643,
                1377.0971441943695,
                782.948091873842,
                527.3158732938914,
                329.3905775127937,
                226.05984903692786,
                176.99312745275148,
                126.12972205207205,
                78.78758082654025,
                55.09908846930629,
                33.77616629739857,
                21.499337041614076,
                15.908706784932951,
                12.223440433559201,
                9.570319363588755,
                6.445614166878138,
                5.866679600767947,
                5.339743994440284,
                5.757288380462653,
                6.207482892498615,
                6.692880626133667,
                7.216234317746913,
                8.38891361127338
            ],
            "Temperature": [
                793.0835734870317,
                793.0835734870317,
                791.0662824207493,
                787.0317002881844,
                785.014409221902,
                785.014409221902,
                785.014409221902,
                782.9971181556195,
                778.9625360230548,
                776.9452449567723,
                776.9452449567723,
                776.9452449567723,
                772.9106628242075,
                764.8414985590778,
                760.806916426513,
                754.7550432276657,
                748.7031700288185,
                742.6512968299712,
                732.5648414985591,
                724.4956772334294,
                700.2881844380404,
                686.1671469740634,
                674.0634005763688,
                647.8386167146974,
                623.6311239193084,
                615.5619596541787,
                607.492795389049,
                589.3371757925072
            ]
        }
    },
    "Pearlite": {
        "1": {
            "Time": [
                9570.319363588753,
                5142.468760562559,
                2422.1229532721795,
                1969.1460524733004,
                1253.408521663634,
                828.4305973322832,
                624.6551530020272,
                453.6028236174019,
                342.02664906548625,
                253.08695156897173,
                190.83320795275006,
                167.27584888844052,
                141.20944958777736,
                98.7530252092479,
                69.06166702332693,
                57.21279806489803,
                38.53284386066297,
                32.52831600480964,
                26.94745225807772,
                24.069739477385657,
                21.499337041614076,
                17.81070862763244,
                17.81070862763244,
                17.47860677720521,
                17.81070862763244,
                18.493962503084255,
                19.203427343415676,
                19.940108652883037,
                22.748262384809927,
                27.459466680810685
            ],
            "Temperature": [
                740.6340057636887,
                738.6167146974063,
                742.6512968299712,
                742.6512968299712,
                742.6512968299712,
                742.6512968299712,
                742.6512968299712,
                738.6167146974063,
                734.5821325648415,
                730.5475504322767,
                728.5302593659942,
                728.5302593659942,
                724.4956772334294,
                720.4610951008646,
                712.3919308357349,
                706.3400576368877,
                696.2536023054755,
                688.1844380403459,
                682.1325648414986,
                678.0979827089337,
                674.0634005763688,
                661.9596541786743,
                659.942363112392,
                653.8904899135447,
                637.7521613832853,
                627.6657060518733,
                621.613832853026,
                619.5965417867435,
                611.5273775216139,
                599.4236311239193
            ]
        },
        "99": {
            "Time": [
                9752.15998797834,
                6207.482892498605,
                4026.286103603294,
                2611.522265757519,
                1826.3347452859634,
                1184.593873687327,
                768.349093286196,
                471.0039216664511,
                305.5016948721637,
                239.19196906438555,
                190.83320795275006,
                146.62652229939187,
                133.45676688588128,
                152.25140459349964,
                161.0958930242791,
                180.35608114175025,
                209.6649744652899,
                262.7958656891826,
                412.8609568102414,
                660.9422091950646,
                828.4305973322832,
                1429.9253039445473,
                1662.296333125435,
                2083.5363894696334
            ],
            "Temperature": [
                714.4092219020173,
                714.4092219020173,
                716.4265129682997,
                716.4265129682997,
                716.4265129682997,
                716.4265129682997,
                716.4265129682997,
                714.4092219020173,
                708.35734870317,
                702.3054755043228,
                694.2363112391931,
                678.0979827089337,
                670.0288184438041,
                651.8731988472623,
                645.821325648415,
                633.7175792507205,
                623.6311239193084,
                615.5619596541787,
                609.5100864553315,
                603.4582132564842,
                599.4236311239193,
                593.3717579250721,
                591.3544668587897,
                589.3371757925072
            ]
        }
    },
    "Bainite": {
        "1": {
            "Time": [
                5.240178115370764,
                4.180742371541831,
                3.5292621922214438,
                2.5628273263801837,
                2.044686374860906,
                1.7922805613065582,
                1.5710329221790178,
                1.1408294097495237,
                0.9274755130489374,
                0.8441711731019376,
                0.7829480918738427,
                0.8932102095169517,
                1.038361970303179,
                1.2772238803298999,
                1.4299253039445472,
                1.7260652956918783,
                2.1231245728526345,
                2.979301404991891,
                3.7342817696212767,
                5.240178115370764,
                7.216234317746913
            ],
            "Temperature": [
                575.2161383285303,
                571.1815561959654,
                565.1296829971182,
                551.0086455331412,
                542.9394812680116,
                538.9048991354467,
                534.8703170028818,
                520.749279538905,
                508.6455331412104,
                500.5763688760807,
                490.48991354466864,
                472.33429394812686,
                458.2132564841499,
                438.0403458213257,
                427.9538904899136,
                415.85014409221907,
                401.7291066282421,
                389.6253602305476,
                375.5043227665707,
                347.26224783861676,
                325.0720461095101
            ]
        },