{
    "Ferrite": {
        "1": {
            "Time": [
                105.17628051216732,
                72.03345514508614,
                52.216555412493605,
                54.23087045849505,
                57.39897136793465,
                63.09573444801931,
                92.12628565518402,
                113.44739305714927,
                137.08385261355807
            ],
            "Temperature": [
                806.4406779661017,
                788.1355932203389,
                755.5932203389831,
                710.8474576271186,
                690.5084745762712,
                676.271186440678,
                639.6610169491526,
                623.3898305084746,
                605.0847457627119
            ]
        }
    },
    "Pearlite": {
        "1": {
            "Time": [
                684.8830819488146,
                478.0265900969279,
                315.23188357130755,
                255.9877470157683,
                211.8494775265726,
                196.4041612085923,
                192.7220944686442,
                211.8494775265726,
                232.87522508522684,
                265.8627754685742,
                309.32210637144277,
                366.76134915788566,
                434.86671164260224,
                451.6422065665219,
                556.1673366635642,
                752.8567156644906,
                944.8056152586487,
                1120.2502989815384
            ],
            "Temperature": [
                763.728813559322,
                759.6610169491526,
                749.4915254237288,
                743.3898305084746,
                735.2542372881356,
                721.0169491525423,
                700.6779661016949,
                690.5084745762712,
                680.3389830508474,
                668.1355932203389,
                660.0,
                653.8983050847457,
                649.8305084745763,
                647.7966101694915,
                635.5932203389831,
                625.4237288135594,
                615.2542372881355,
                611.1864406779662
            ]
        },
        "99": {
            "Time": [
                10255.548766992786,
                3981.0717055349737,
                2726.568659146015,
                892.6576506242724,
                659.4442445291352,
                418.7143144403985,
                380.9095996134059,
                451.6422065665219,
                515.6188276901594,
                738.7426120954185,
                927.0929695068842,
                962.8566713207551,
                1405.8701356455979,
                1867.38074642097,
                2214.14204753406,
                3054.439355602016,
                3421.7366013341334
            ],
            "Temperature": [
                757.6271186440678,
                747.457627118644,
                747.457627118644,
                741.3559322033898,
                735.2542372881356,
                721.0169491525423,
                706.7796610169491,
                690.5084745762712,
                682.3728813559322,
                670.1694915254237,
                662.0338983050848,
                662.0338983050848,
                647.7966101694915,
                639.6610169491526,
                633.5593220338983,
                623.3898305084746,
                619.3220338983051
            ]
        }
    },
    "Bainite": {
        "1": {
            "Time": [
                37.141805696381,
                37.141805696381,
                35.091786582786426,
                38.57459454005071,
                42.403066039938224,
                51.23763092955047,
                55.2669825085649,
                74.81223040837173,
                113.44739305714927,
                150.68922239342407
            ],
            "Temperature": [
                387.45762711864404,
                411.86440677966107,
                448.47457627118644,
                474.91525423728814,
                497.2881355932204,
                529.8305084745763,
                537.9661016949153,
                554.2372881355932,
                568.4745762711864,
                578.6440677966102
            ]
        },
        "99": {
            "Time": [
                5812.775655381866,
                3981.0717055349737,
                2675.4525946377657,
                2131.901441719967,
                1487.9993439293103,
                1019.1055766081204,
                796.8376812180462,
                545.7406469255627,
                333.64734341149136,
                297.83285370673167,
                260.8785405271182,
                232.87522508522684,
                237.32444053822593,
                276.1187447596836,
                353.1386118192708,
                443.17509091621145,
                556.1673366635642,
                875.9226434569188,
                875.9226434569188
            ],
            "Temperature": [
                550.1694915254237,
                552.2033898305085,
                550.1694915254237,
                550.1694915254237,
                548.1355932203389,
                540.0,
                535.9322033898305,
                531.8644067796611,
                525.7627118644068,
                523.7288135593221,
                517.6271186440679,
                501.35593220338984,
                487.11864406779665,
                464.7457627118644,
                444.40677966101697,
                426.10169491525426,
                413.8983050847458,
                385.42372881355936,
                387.45762711864404
            ]
        }
    },
    "C": 0.34,
    "Si": 0.04,
    "Mn": 0.65,
    "Cr": 1.15,
    "Mo": 0.2,
    "Ms:": 380,
    "Mf:": "",
    "Ac1:": 765,
    "Ac3:": 850,
    "Status": 1
}