{
    "Ferrite": {
        "1": {
            "Time": [
                10248.314944192874,
                3591.3658924336146,
                1169.255587825127,
                570.5909775818004,
                310.9398834393953,
                119.4621590490865,
                55.166796181279345,
                18.979973680615654,
                10.154482362868942,
                6.410975263793643,
                3.6245519397498316,
                3.1866098541975516,
                3.1866098541975516,
                3.3060360876264223,
                3.367417289743244,
                3.9737547975092666,
                5.141051220227922,
                6.294116159449357,
                8.44820248190778,
                11.132803081988328
            ],
            "Temperature": [
                780.2371541501976,
                778.2608695652174,
                774.3083003952569,
                772.3320158102766,
                766.403162055336,
                758.498023715415,
                746.6403162055336,
                734.7826086956521,
                720.9486166007905,
                709.0909090909091,
                689.3280632411067,
                667.5889328063241,
                643.8735177865613,
                624.1106719367589,
                622.1343873517786,
                614.2292490118577,
                598.4189723320158,
                586.5612648221344,
                584.5849802371541,
                572.7272727272727
            ]
        }
    },
    "Pearlite": {
        "1": {
            "Time": [
                10061.50890359244,
                4010.474312780882,
                1921.4179232804545,
                955.0511484479149,
                530.111846986823,
                305.2720786533039,
                215.2233964292698,
                143.5898807695544,
                103.11351205781637,
                63.9134915309769,
                45.89699876005387,
                35.475900005904855,
                26.92112527910354,
                25.475643711213216,
                26.92112527910354,
                32.959152202777325,
                45.89699876005387,
                58.29694621570224,
                97.57701685062293,
                138.40288396604402,
                223.2894354981751,
                394.9462089220472,
                738.2029317426997,
                1689.2596354350735,
                2485.8373156895186,
                4732.600735062395,
                6352.276993777398,
                9698.050042552071
            ],
            "Temperature": [
                744.6640316205534,
                742.6877470355731,
                738.7351778656126,
                738.7351778656126,
                736.7588932806324,
                730.8300395256917,
                722.9249011857708,
                715.0197628458498,
                711.0671936758894,
                701.1857707509881,
                693.2806324110672,
                685.3754940711462,
                669.5652173913044,
                647.8260869565217,
                620.1581027667985,
                588.5375494071146,
                568.7747035573123,
                560.8695652173913,
                547.0355731225296,
                539.1304347826087,
                527.2727272727273,
                513.4387351778656,
                503.55731225296444,
                487.74703557312256,
                483.79446640316206,
                479.8418972332016,
                477.8656126482214,
                473.9130434782609
            ]
        },
        "99": {
            "Time": [
                10061.50890359244,
                3275.766340673738,
                1086.3057139258412,
                530.111846986823,
                305.2720786533039,
                189.21869718404812,
                175.79505633577247,
                192.73180798752819,
                273.3700918352419,
                501.6484415460951,
                824.3503959345902,
                1540.8120531732484,
                3725.9613782391007,
                6964.279060896262,
                10061.50890359244
            ],
            "Temperature": [
                722.9249011857708,
                715.0197628458498,
                709.0909090909091,
                695.2569169960475,
                683.399209486166,
                661.6600790513834,
                639.9209486166008,
                616.205533596838,
                600.395256916996,
                584.5849802371541,
                566.798418972332,
                554.9407114624506,
                547.0355731225296,
                539.1304347826087,
                529.2490118577075
            ]
        }
    },
    "Bainite": {
        "1": {
            "Time": [
                1.7365225451518242,
                1.8016031029611275,
                2.0118481888671775,
                2.3741017832039586,
                2.9065791717941867
            ],
            "Temperature": [
                464.0316205533597,
                436.3636363636364,
                406.7193675889328,
                371.14624505928856,
                351.3833992094862
            ]
        },
        "99": {
            "Time": [
                1852.009211657814,
                903.7713888850587,
                738.2029317426997,
                510.9622492499421,
                380.679293229534,
                340.8969919850431,
                322.59313903109086,
                316.71291897975397,
                322.59313903109086
            ],
            "Temperature": [
                481.8181818181818,
                473.9130434782609,
                469.96047430830043,
                458.102766798419,
                432.41106719367593,
                410.6719367588933,
                384.9802371541502,
                369.1699604743083,
                347.4308300395257
            ]
        }
    },
    "C": 0.335,
    "Si": 0.25,
    "Mn": 0.75,
    "P": 0.0125,
    "S": 0.03,
    "Cr": 1.05,
    "Cu": 0.2,
    "Ms:": 350,
    "Mf:": 250,
    "Ac1:": 735,
    "Ac3:": 790,
    "Austenitization Temp:": 850.0,
    "Status": 1
}