{
    "Ferrite": {
        "1": {
            "Time": [
                428204.03004310955,
                209218.59093936384,
                93029.80292704637,
                49945.83957291482,
                16120.072287722493,
                5825.696900592459,
                2186.2502068361805,
                1028.6752914931503,
                595.5218228043582,
                250.24354989666688,
                150.4365421544061,
                115.54623480090169,
                109.19410209689185,
                122.26788920172953,
                165.3031147211245,
                219.3128709098254,
                332.006032960071,
                378.8303346281893
            ],
            "Temperature": [
                755.6451612903226,
                757.6612903225806,
                757.6612903225806,
                755.6451612903226,
                751.6129032258065,
                749.5967741935484,
                743.5483870967741,
                739.516129032258,
                729.4354838709678,
                709.2741935483871,
                697.1774193548387,
                681.0483870967741,
                672.983870967742,
                656.8548387096774,
                650.8064516129032,
                646.7741935483871,
                634.6774193548388,
                628.6290322580645
            ]
        }
    },
    "Pearlite": {
        "1": {
            "Time": [
                299312.9529441992,
                27845.02502591119,
                3921.494126698799,
                1557.2565409218985,
                1068.1921598661943,
                705.6145551782685,
                484.0126953537705,
                408.495148636363,
                325.80701922278774,
                307.8958391175498,
                325.80701922278774,
                408.495148636363,
                642.1549524576068,
                1028.6752914931503,
                1417.2043258764083,
                2227.847208330024,
                4559.695907729777,
                10648.418949421663,
                21387.009789008775,
                39835.73652747758,
                62621.834264885554,
                102223.27611032987,
                194025.18997000932,
                648235.1935039068,
                945025.1865415133,
                981328.6111640369
            ],
            "Temperature": [
                721.3709677419355,
                721.3709677419355,
                717.3387096774194,
                717.3387096774194,
                711.2903225806451,
                705.241935483871,
                697.1774193548387,
                693.1451612903226,
                679.0322580645161,
                668.9516129032259,
                652.8225806451612,
                636.6935483870968,
                616.5322580645161,
                604.4354838709678,
                598.3870967741935,
                588.3064516129032,
                578.2258064516129,
                564.1129032258065,
                558.0645161290322,
                552.016129032258,
                543.9516129032259,
                535.8870967741935,
                529.8387096774193,
                521.7741935483871,
                519.758064516129,
                519.758064516129
            ]
        },
        "99": {
            "Time": [
                963005.8430891355,
                128167.01269480988,
                23947.672017289933,
                14670.309983784797,
                8334.376665310616,
                4646.451612494145,
                3705.9107186049796,
                3502.1789681558753,
                3187.2097199383697,
                3568.8136759832632,
                4646.451612494145,
                6523.206377322966,
                9332.249847848547,
                20211.262915423216,
                31772.133940604785,
                56989.92560466132,
                84663.14680918849,
                128167.01269480988,
                368270.08265971526,
                526855.6939752557,
                963005.8430891355
            ],
            "Temperature": [
                705.241935483871,
                701.2096774193549,
                697.1774193548387,
                697.1774193548387,
                697.1774193548387,
                693.1451612903226,
                691.1290322580645,
                687.0967741935484,
                675.0,
                666.9354838709678,
                652.8225806451612,
                634.6774193548388,
                624.5967741935484,
                608.4677419354839,
                606.4516129032259,
                596.3709677419355,
                588.3064516129032,
                584.2741935483871,
                564.1129032258065,
                562.0967741935484,
                558.0645161290322
            ]
        }
    },
    "Bainite": {
        "1": {
            "Time": [
                23.723050429597613,
                21.589512587249477,
                21.186406402954013,
                22.418880157564242,
                26.56340631730555,
                48.55355230747028,
                113.3888261224026,
                199.58891884941295,
                332.006032960071,
                732.7209489350477,
                1364.7760466701823,
                2494.5868906433493,
                4228.57194826987,
                14949.43672984642,
                28914.699973771425,
                49013.28138151036,
                110228.00592188364
            ],
            "Temperature": [
                332.258064516129,
                366.53225806451616,
                382.66129032258067,
                404.83870967741933,
                422.98387096774195,
                447.1774193548387,
                473.38709677419354,
                485.48387096774195,
                491.53225806451616,
                505.64516129032256,
                511.69354838709677,
                511.69354838709677,
                515.7258064516129,
                517.741935483871,
                521.7741935483871,
                527.8225806451612,
                521.7741935483871
            ]
        },
        "99": {
            "Time": [
                3848.2743850412585,
                6049.492785946926,
                7729.136347339073,
                11923.35193274643,
                16739.329676352136,
                23947.672017289933,
                42955.12694304731,
                74198.58691522841,
                114462.44767144266,
                197716.83793042513,
                361393.9687497232,
                578921.0917469806,
                1019026.6426796775
            ],
            "Temperature": [
                336.2903225806452,
                362.5,
                388.7096774193548,
                406.85483870967744,
                416.93548387096774,
                429.03225806451616,
                431.0483870967742,
                431.0483870967742,
                433.06451612903226,
                433.06451612903226,
                439.11290322580646,
                443.14516129032256,
                441.1290322580645
            ]
        }
    },
    "C": 0.34,
    "Si": 0.25,
    "Mn": 0.65,
    "P": 0.0125,
    "S": 0.0175,
    "Cr": 1.5,
    "Mo": 0.225,
    "Ni": 1.5,
    "Cu": 0.2,
    "Ms:": 320,
    "Mf:": 190,
    "Ac1:": 725,
    "Ac3:": 780,
    "Austenitization Temp:": 850.0,
    "Status": 1
}