{
    "Ferrite": {
        "1": {
            "Time": [
                299.09313961792674,
                218.12712609873654,
                159.07901866580409,
                83.0529071097915,
                54.18398816541038,
                45.001377359398745,
                39.51611071449842,
                40.256749915279045,
                45.001377359398745,
                58.36184760920005,
                71.58774948942683,
                94.58155537233911,
                144.97406703726315,
                168.19243248808695,
                277.68242098727706,
                360.1236248389737,
                467.0408184503112,
                664.6310783540043,
                1181.8997619088923
            ],
            "Temperature": [
                734.7826086956521,
                726.8774703557312,
                718.9723320158103,
                716.99604743083,
                713.0434782608695,
                701.1857707509881,
                683.399209486166,
                677.4703557312253,
                669.5652173913044,
                657.707509881423,
                649.802371541502,
                637.9446640316205,
                628.0632411067194,
                622.1343873517786,
                614.2292490118577,
                608.300395256917,
                606.3241106719368,
                598.4189723320158,
                590.5138339920949
            ]
        }
    },
    "Pearlite": {
        "1": {
            "Time": [
                184556.36690072453,
                75688.91123391599,
                45844.82534956904,
                24383.54098268827,
                16206.059137413195,
                6170.531598835209,
                3221.547329083804,
                1745.5628235338609,
                1057.288597193502,
                628.6184113951673,
                380.7546021222372,
                277.68242098727706,
                277.68242098727706,
                340.61052563594876,
                467.0408184503112,
                689.7785379387653,
                1117.8591777554034,
                1681.92432488087,
                2725.7365073673113,
                3406.105256359486,
                5124.805876960936
            ],
            "Temperature": [
                722.9249011857708,
                728.8537549407115,
                728.8537549407115,
                726.8774703557312,
                726.8774703557312,
                722.9249011857708,
                720.9486166007905,
                718.9723320158103,
                713.0434782608695,
                705.1383399209486,
                697.2332015810276,
                675.494071146245,
                671.5415019762846,
                659.6837944664031,
                645.8498023715415,
                637.9446640316205,
                624.1106719367589,
                612.2529644268775,
                596.4426877470356,
                590.5138339920949,
                578.6561264822135
            ]
        },
        "99": {
            "Time": [
                181160.91942004146,
                58361.847609200086,
                38789.097711234725,
                21411.404752974297,
                13211.974960367805,
                8002.502278161051,
                5220.858652910756,
                3534.981105030104,
                2776.8242098727665,
                2263.8034095214475,
                1915.393743599008,
                1845.5636690072445,
                1915.393743599008,
                2141.1404752974295,
                2935.9045735093323,
                4025.6749915279065,
                6057.0068458094165,
                12496.091412919868,
                21812.712609873644,
                34061.052563594836,
                51248.05876960932,
                116015.53017399722,
                168192.43248808692,
                181160.91942004146
            ],
            "Temperature": [
                701.1857707509881,
                697.2332015810276,
                697.2332015810276,
                697.2332015810276,
                697.2332015810276,
                697.2332015810276,
                695.2569169960475,
                691.304347826087,
                687.3517786561265,
                681.4229249011858,
                675.494071146245,
                671.5415019762846,
                659.6837944664031,
                653.7549407114625,
                641.897233201581,
                628.0632411067194,
                616.205533596838,
                598.4189723320158,
                586.5612648221344,
                576.6798418972332,
                570.7509881422925,
                558.8932806324111,
                549.0118577075099,
                549.0118577075099
            ]
        }
    },
    "Bainite": {
        "1": {
            "Time": [
                13.968870472002967,
                9.458155537233914,
                7.855273132638486,
                7.42963950759495,
                6.897785379387657,
                7.292949827514625,
                8.945670616650858,
                10.972929291203197,
                14.49740670372632,
                14.76912746572175
            ],
            "Temperature": [
                521.3438735177865,
                505.5335968379447,
                479.8418972332016,
                464.0316205533597,
                442.29249011857706,
                424.50592885375494,
                402.76679841897237,
                375.09881422924906,
                339.52569169960475,
                333.59683794466406
            ]
        },
        "99": {
            "Time": [
                1987.8659591254745,
                2101.7480113324887,
                2393.4935311747986,
                3104.0984280196717,
                4757.944314009411,
                7158.774948942686,
                14230.685030043362,
                22638.034095214498,
                50305.202692838095,
                156152.30060004958,
                191539.37435990054
            ],
            "Temperature": [
                335.5731225296443,
                349.40711462450594,
                361.2648221343874,
                371.14624505928856,
                381.02766798418975,
                386.95652173913044,
                392.8853754940712,
                394.8616600790514,
                398.8142292490119,
                404.74308300395256,
                404.74308300395256
            ]
        }
    },
    "C": 0.36,
    "Si": 0.2,
    "Mn": 0.65,
    "P": 0.0175,
    "S": 0.0175,
    "Cr": 1.05,
    "Mo": 0.225,
    "Ni": 1.05,
    "Ms:": 320,
    "Mf:": "",
    "Ac1:": 730,
    "Ac3:": 780,
    "Austenitization Temp:": 850.0,
    "Status": 1
}