{
    "Ferrite": {
        "1": {
            "Time": [
                3.744133096094604,
                5.532660878027171,
                6.663275229392786,
                8.024933709378429,
                10.031038447922862,
                13.760277334791095,
                19.23020213432177,
                25.416421322066064,
                39.71213937030676,
                58.68215531815251,
                85.11644157007198,
                138.02987099937087,
                207.79314905812416,
                405.83037478634736
            ],
            "Temperature": [
                554.0,
                612.0,
                640.0,
                668.0,
                686.0,
                704.0,
                718.0,
                730.0,
                746.0,
                760.0,
                766.0,
                768.0,
                776.0,
                788.0
            ]
        }
    },
    "Pearlite": {
        "1": {
            "Time": [
                2123.5010980885995,
                462.2449124905953,
                172.53512528563493,
                95.16246425623211,
                59.78351233573759,
                27.892744693382944,
                21.499881685502256,
                20.715018702889353,
                24.94818931475689,
                26.874507332194536,
                33.59270320241791,
                44.39923678263949,
                63.21316523094681
            ],
            "Temperature": [
                734.0,
                724.0,
                706.0,
                700.0,
                690.0,
                662.0,
                646.0,
                626.0,
                602.0,
                596.0,
                572.0,
                554.0,
                540.0
            ]
        },
        "99": {
            "Time": [
                14961.19738313133,
                5689.14635576164,
                3256.7618549126414,
                2163.3553403799683,
                1410.5690392814813,
                886.1558201480824,
                683.0538011780095,
                556.7059220173472,
                429.1119998610556,
                391.01535193882603,
                391.01535193882603,
                497.9361080385157,
                670.4702966644116,
                972.4940319779283,
                1636.8063763466726,
                4723.820702024584,
                10314.755790861765,
                14961.19738313133,
                29219.96403043252,
                37908.347988736794
            ],
            "Temperature": [
                716.0,
                704.0,
                698.0,
                694.0,
                688.0,
                680.0,
                674.0,
                666.0,
                654.0,
                644.0,
                634.0,
                620.0,
                604.0,
                594.0,
                582.0,
                566.0,
                556.0,
                556.0,
                540.0,
                536.0
            ]
        }
    },
    "Bainite": {
        "1": {
            "Time": [
                1.7468720800631719,
                1.5624599099570886,
                1.4776880885452843,
                1.4237444112026658,
                1.4504654968550956,
                1.5336756161059253,
                1.813058611230066,
                2.1433355875486915,
                2.6791351136491244,
                5.532660878027171,
                8.175547077421246,
                16.572227565695776,
                24.037444290072628,
                50.571180957179656
            ],
            "Temperature": [
                338.0,
                358.0,
                378.0,
                394.0,
                424.0,
                432.0,
                456.0,
                470.0,
                480.0,
                500.0,
                508.0,
                522.0,
                524.0,
                540.0
            ]
        },
        "99": {
            "Time": [
                1796.28051445237,
                2287.4624330652046,
                3023.3228205863684,
                5281.358224300165,
                6725.513324030962,
                9938.210928273147,
                16116.392404219245,
                28153.275922272773,
                46511.88386186876,
                85911.46878466668,
                92544.92855749872
            ],
            "Temperature": [
                334.0,
                356.0,
                372.0,
                388.0,
                396.0,
                402.0,
                404.0,
                406.0,
                410.0,
                418.0,
                418.0
            ]
        }
    },
    "C": 0.38,
    "Si": 0.26,
    "Mn": 0.74,
    "P": 0.023,
    "S": 0.01,
    "Cr": 0.9,
    "Mo": 0.04,
    "Ni": 0.26,
    "Cu": 0.17,
    "Ms:": 320,
    "Mf:": "",
    "Ac1:": 755,
    "Ac3:": 805,
    "Austenitization Temp:": 850.0,
    "Austenitization Time:": 1800.0,
    "Status": 1
}