{
    "Ferrite": {
        "1": {
            "Time": [
                1.9204402944883507,
                1.993403156873478,
                2.229349389828357,
                2.4932230516395815,
                2.84080416185082,
                3.2977567920336086,
                4.048437596861474,
                5.558265288878695,
                8.534421519231943,
                13.104151544127355,
                22.086635025323876,
                34.551072945922186,
                49.23882631706739,
                116.08532669443422,
                137.2940833566931,
                311.83662791909217,
                390.02560339718707,
                902.5381886321305,
                2976.3514416313205
            ],
            "Temperature": [
                511.40939597315435,
                553.6912751677852,
                577.8523489932886,
                606.0402684563758,
                628.1879194630872,
                648.3221476510066,
                672.48322147651,
                692.6174496644295,
                708.7248322147651,
                728.8590604026846,
                751.006711409396,
                757.0469798657718,
                763.0872483221476,
                773.1543624161073,
                775.1677852348993,
                777.1812080536913,
                777.1812080536913,
                783.2214765100671,
                783.2214765100671
            ]
        }
    },
    "Pearlite": {
        "1": {
            "Time": [
                11183.635292947682,
                6760.199524761192,
                5506.690757828763,
                4086.354429261437,
                2379.678126195378,
                1521.1997130533975,
                954.458577073746,
                645.2330419138176,
                335.98182862837814,
                142.51026703029984,
                89.41636362467867,
                56.10322856360124,
                38.64065988072256,
                26.121857056211926,
                16.087098937790575,
                12.862095826700804,
                9.907211102080499,
                7.774782690734357,
                8.07016828598894,
                9.907211102080499,
                13.857995145360492,
                18.329807108324356,
                32.06807380752769,
                42.4160638722897,
                62.74380470122013,
                91.09911753496392,
                142.51026703029984,
                249.32230516395805,
                355.3098828552555,
                645.2330419138176,
                972.4208251195046,
                2012.0729601238304
            ],
            "Temperature": [
                724.8322147651006,
                728.8590604026846,
                728.8590604026846,
                728.8590604026846,
                728.8590604026846,
                726.8456375838925,
                726.8456375838925,
                730.8724832214765,
                730.8724832214765,
                710.738255033557,
                708.7248322147651,
                700.6711409395973,
                690.6040268456376,
                680.5369127516778,
                664.4295302013422,
                656.3758389261745,
                640.2684563758389,
                612.0805369127517,
                587.9194630872482,
                557.7181208053692,
                539.5973154362416,
                529.5302013422818,
                515.4362416107382,
                507.38255033557044,
                501.3422818791946,
                491.2751677852349,
                487.248322147651,
                477.18120805369125,
                473.15436241610735,
                473.15436241610735,
                471.14093959731537,
                473.15436241610735
            ]
        },
        "99": {
            "Time": [
                4241.6063872289715,
                1733.2707047636725,
                919.5233309991075,
                496.99987019280695,
                323.68416779565194,
                199.34031568734787,
                139.87786272617478,
                99.99999999999997,
                81.4575181939367,
                54.04972918444515,
                53.05133978621551,
                67.60199524761182,
                105.75270820620952,
                222.93493898283577,
                355.3098828552555,
                555.8265288878697,
                822.2043252599192,
                1902.6207406437711
            ],
            "Temperature": [
                690.6040268456376,
                690.6040268456376,
                690.6040268456376,
                682.5503355704698,
                668.4563758389262,
                658.3892617449665,
                644.2953020134228,
                630.2013422818792,
                622.1476510067114,
                600.0,
                581.8791946308725,
                565.7718120805368,
                545.6375838926174,
                521.4765100671141,
                513.4228187919463,
                513.4228187919463,
                509.39597315436237,
                495.30201342281873
            ]
        }
    },
    "Bainite": {
        "1": {
            "Time": [
                1.8501480305062983,
                1.8849665324754596,
                1.993403156873478,
                2.1881695573048865,
                2.3575973551220946,
                2.788329731350717,
                3.2977567920336086,
                3.6199656827278566,
                4.281332398719394,
                5.158822760860684
            ],
            "Temperature": [
                497.3154362416107,
                469.12751677852344,
                442.95302013422815,
                426.8456375838926,
                412.75167785234896,
                392.6174496644295,
                372.48322147651004,
                364.42953020134223,
                350.33557046979865,
                336.24161073825496
            ]
        },
        "99": {
            "Time": [
                777.4782690734357,
                555.8265288878697,
                496.99987019280695,
                412.46263829013503,
                397.3656145833149,
                404.8437596861473,
                412.46263829013503,
                452.7624958955635,
                535.482077040579,
                545.5594781168519,
                695.1927961775605
            ],
            "Temperature": [
                477.18120805369125,
                467.1140939597315,
                459.0604026845637,
                438.92617449664425,
                428.8590604026845,
                406.7114093959731,
                390.6040268456375,
                374.49664429530196,
                356.3758389261744,
                356.3758389261744,
                338.2550335570469
            ]
        }
    },
    "C": 0.37,
    "Si": 1.25,
    "Mn": 1.25,
    "Ms:": 330,
    "Mf:": "",
    "Ac1:": 735,
    "Ac3:": 830,
    "Austenitization Temp:": 860.0,
    "Status": 1
}