{
    "Ferrite": {
        "1": {
            "Time": [
                16624.35027340759,
                10502.110796366665,
                8901.600206323117,
                5521.044868641891,
                3966.4707436884214,
                3181.7025386058044,
                2746.817383680017,
                1902.1962411528186,
                1391.9288015491236,
                1096.2096402761374,
                863.3168407011585,
                705.3493254022893,
                576.2863034635078,
                462.26777232915106,
                399.0835527651652,
                384.6860015957856,
                350.9237535065666,
                297.4433442178547,
                350.9237535065666,
                364.0576930746889,
                391.81865220516534,
                506.7423884161905,
                631.7306014157969,
                817.0225485575226,
                1076.2542851272228,
                1317.2883502754992,
                1703.6602037564508,
                3487.812995310742,
                4191.219688147408,
                5129.870277811947,
                7407.656765517322
            ],
            "Temperature": [
                742.384105960265,
                738.4105960264901,
                736.4238410596026,
                732.4503311258278,
                726.4900662251656,
                720.5298013245033,
                718.5430463576159,
                710.5960264900663,
                704.635761589404,
                694.7019867549669,
                688.7417218543046,
                680.794701986755,
                674.8344370860927,
                666.8874172185431,
                662.9139072847682,
                658.9403973509934,
                654.9668874172186,
                647.0198675496689,
                633.1125827814569,
                627.1523178807947,
                621.1920529801324,
                601.3245033112582,
                591.3907284768212,
                583.4437086092715,
                573.5099337748345,
                567.5496688741722,
                561.5894039735099,
                549.6688741721855,
                547.682119205298,
                545.6953642384105,
                537.7483443708609
            ]
        }
    },
    "Pearlite": {
        "1": {
            "Time": [
                42428.685259992955,
                28847.380500793548,
                17566.322474314446,
                14090.816855117298,
                10123.231044170612,
                7972.522336639675,
                6513.730517913141,
                4854.787362590345,
                3487.812995310742,
                2902.4580898634717,
                2285.822762676349,
                2009.9788582396145,
                1867.5687391126316,
                1902.1962411528186,
                2047.2468556936194,
                2244.211739236358,
                2460.1265433717704,
                2696.8144331433487,
                2956.2739796475657,
                3618.350539855909,
                4766.411013365254,
                5623.413251903484,
                8120.344758216839,
                9234.758272715579,
                14090.816855117298,
                25366.194557578005,
                38000.31826965987
            ],
            "Temperature": [
                694.7019867549669,
                694.7019867549669,
                694.7019867549669,
                694.7019867549669,
                690.7284768211921,
                686.7549668874173,
                684.7682119205298,
                682.7814569536424,
                678.8079470198676,
                674.8344370860927,
                666.8874172185431,
                658.9403973509934,
                650.9933774834437,
                643.0463576158941,
                635.0993377483444,
                629.1390728476821,
                625.1655629139073,
                621.1920529801324,
                615.2317880794702,
                607.2847682119206,
                599.3377483443709,
                589.4039735099338,
                581.4569536423842,
                581.4569536423842,
                573.5099337748345,
                567.5496688741722,
                559.6026490066225
            ]
        },
        "99": {
            "Time": [
                29927.04452584212,
                22305.10414334496,
                17246.545863385363,
                12620.130034499114,
                9938.948163124207,
                8424.262963413923,
                7010.430382067976,
                6395.154835804979,
                7010.430382067976,
                7684.901367307655,
                8901.600206323117,
                11302.941747470484,
                14889.233487785465,
                19256.372040542865,
                23139.9119525971,
                30481.93644155694,
                40898.00537391985,
                57982.62492218874
            ],
            "Temperature": [
                668.8741721854304,
                668.8741721854304,
                668.8741721854304,
                662.9139072847682,
                658.9403973509934,
                654.9668874172186,
                649.0066225165563,
                645.0331125827814,
                631.1258278145696,
                629.1390728476821,
                623.1788079470199,
                615.2317880794702,
                605.2980132450332,
                599.3377483443709,
                593.3774834437086,
                591.3907284768212,
                585.4304635761589,
                575.4966887417219
            ]
        }
    },
    "Bainite": {
        "1": {
            "Time": [
                69.67630416856473,
                63.5611124082188,
                56.92711160586989,
                50.057376563384246,
                45.66405432338167,
                43.21537618848911,
                44.83278775895622,
                53.87446602856934,
                85.28076035548864,
                112.33935211892182,
                156.36837976169602,
                209.8014621894648,
                314.297137418192,
                565.7956113271273,
                929.148449227118,
                1417.737231732175,
                2415.3425010859482,
                3011.0876960681153,
                6513.730517913141,
                7972.522336639675,
                12620.130034499114,
                17566.322474314446
            ],
            "Temperature": [
                299.3377483443709,
                309.27152317880797,
                329.13907284768214,
                347.0198675496689,
                374.83443708609275,
                390.7284768211921,
                416.5562913907285,
                446.3576158940397,
                492.05298013245033,
                503.97350993377484,
                509.9337748344371,
                517.8807947019868,
                523.841059602649,
                527.8145695364238,
                531.7880794701987,
                531.7880794701987,
                533.7748344370862,
                533.7748344370862,
                533.7748344370862,
                533.7748344370862,
                533.7748344370862,
                537.7483443708609
            ]
        },