{
    "Ferrite": {
        "1": {
            "Time": [
                187068.21403658006,
                30760.968147407115,
                13182.56738556408,
                7447.319739059897,
                3698.281797802666,
                2964.831389524341,
                1555.9656316050734,
                895.3647655495938,
                343.5579478998745,
                216.77041048196944,
                155.5965631605076,
                155.5965631605076,
                177.01089583174215
            ],
            "Temperature": [
                780.3921568627451,
                778.4313725490196,
                770.5882352941177,
                760.7843137254902,
                754.9019607843137,
                752.9411764705883,
                745.0980392156863,
                733.3333333333334,
                723.5294117647059,
                703.9215686274509,
                686.2745098039215,
                672.5490196078431,
                658.8235294117648
            ]
        }
    },
    "Pearlite": {
        "1": {
            "Time": [
                201372.42498623868,
                8165.823713585928,
                3250.8729738543466,
                1584.8931924611145,
                1096.4781961431854,
                744.7319739059889,
                413.04750199016127,
                270.39583641088456,
                187.0682140365803,
                183.65383433483464,
                208.92961308540396,
                363.0780547701015,
                608.135001278718,
                963.8290236239716,
                1555.9656316050734,
                4130.47501990161,
                14454.39770745928,
                29107.17118066606,
                64268.771731701956,
                131825.6738556407,
                224905.46058357836,
                597035.2865838368
            ],
            "Temperature": [
                741.1764705882352,
                739.2156862745098,
                727.4509803921569,
                719.6078431372549,
                717.6470588235294,
                713.7254901960785,
                703.9215686274509,
                690.1960784313726,
                676.4705882352941,
                662.7450980392157,
                647.0588235294117,
                633.3333333333334,
                617.6470588235294,
                609.8039215686274,
                601.9607843137255,
                580.3921568627451,
                552.9411764705883,
                549.0196078431372,
                535.2941176470588,
                527.4509803921569,
                521.5686274509803,
                515.686274509804
            ]
        },
        "99": {
            "Time": [
                197696.96401118624,
                71779.42912713627,
                41304.75019901614,
                18365.38343348347,
                7870.457896950987,
                3250.8729738543466,
                2167.7041048196947,
                2128.1390459827135,
                2249.0546058357804,
                3191.537855100763,
                5058.246620031143,
                7311.390834834179,
                12022.644346174142,
                20511.62178825566,
                32508.729738543443,
                61944.1075076781,
                111686.32477805624,
                187068.21403658006,
                280543.36379517155,
                575439.9373371565
            ],
            "Temperature": [
                721.5686274509804,
                719.6078431372549,
                713.7254901960785,
                713.7254901960785,
                707.843137254902,
                700.0,
                690.1960784313726,
                680.3921568627451,
                672.5490196078431,
                650.9803921568628,
                637.2549019607843,
                629.4117647058823,
                621.5686274509803,
                611.7647058823529,
                603.921568627451,
                592.156862745098,
                580.3921568627451,
                568.6274509803922,
                556.8627450980392,
                541.1764705882354
            ]
        }
    },
    "Bainite": {
        "1": {
            "Time": [
                48.75284901033864,
                48.75284901033864,
                55.4625712957911,
                66.68067692136219,
                81.65823713585925,
                136.7728825595849,
                246.60393372343412,
                608.135001278718,
                1472.3125024327194,
                2703.9583641088457,
                89536.47655495934,
                597035.2865838368
            ],
            "Temperature": [
                319.6078431372549,
                376.47058823529414,
                405.88235294117646,
                433.33333333333337,
                452.94117647058823,
                470.5882352941177,
                482.3529411764706,
                482.3529411764706,
                484.3137254901961,
                486.2745098039216,
                492.15686274509807,
                494.11764705882354
            ]
        },
        "99": {
            "Time": [
                1614.3585568264878,
                1472.3125024327194,
                1706.0823890031234,
                2167.7041048196947,
                4055.0853544838405,
                8472.274141405973,
                18030.17740859569,
                22908.676527677733,
                313328.5724315588,
                597035.2865838368
            ],
            "Temperature": [
                319.6078431372549,
                349.0196078431373,
                372.54901960784315,
                386.2745098039216,
                388.2352941176471,
                394.11764705882354,
                398.03921568627453,
                398.03921568627453,
                398.03921568627453,
                398.03921568627453
            ]
        }
    },
    "C": 0.4,
    "Mn": 1.5,
    "Cr": 1.9,
    "Mo": 0.17,
    "V": 0.08,
    "Ms:": 310,
    "Mf:": "",
    "Ac1:": 745,
    "Ac3:": 790,
    "Austenitization Temp:": 850.0,
    "Status": 1
}