{
    "Ferrite": {
        "1": {
            "Time": [
                17.32231365583459,
                16.692450891792355,
                12.411771743253995,
                11.741000156312449,
                12.411771743253995,
                14.936977767553083,
                20.84658172193777,
                28.036331061624278,
                39.8598989184565,
                53.607125478260286,
                88.38543364730639,
                108.35589580780751,
                151.22537317542452,
                223.11330482837508,
                341.5954397943454,
                641.1660369488715,
                1181.370328873386,
                2619.5733468653366,
                4239.804627263876,
                7121.097251514101,
                12643.77257705273,
                19719.96619973957,
                36334.71146665888,
                54609.149852038325,
                65719.5180606037
            ],
            "Temperature": [
                563.8888888888889,
                567.8571428571429,
                587.6984126984127,
                603.5714285714286,
                621.4285714285714,
                635.3174603174602,
                655.1587301587301,
                671.031746031746,
                678.968253968254,
                680.952380952381,
                694.8412698412699,
                700.7936507936508,
                702.7777777777778,
                704.7619047619048,
                710.7142857142857,
                716.6666666666666,
                726.5873015873016,
                724.6031746031746,
                728.5714285714286,
                732.5396825396825,
                734.5238095238095,
                738.4920634920635,
                740.4761904761905,
                740.4761904761905,
                740.4761904761905
            ]
        }
    },
    "Pearlite": {
        "1": {
            "Time": [
                63329.86745620922,
                41363.94804042022,
                14662.898866229365,
                7254.204799258932,
                4239.804627263876,
                2769.2314124128393,
                757.454531932734,
                317.20533468784663,
                211.05555282944368,
                118.8685661665766,
                96.96057320500114,
                83.60880394314316,
                76.21448748681864,
                69.47412029513679,
                66.94794727299218,
                65.71951806060366,
                70.77273053139628,
                74.81602634424986,
                79.09031848729283
            ],
            "Temperature": [
                696.8253968253969,
                696.8253968253969,
                688.8888888888889,
                684.9206349206349,
                680.952380952381,
                676.984126984127,
                671.031746031746,
                661.1111111111111,
                653.1746031746031,
                645.2380952380952,
                639.2857142857142,
                633.3333333333333,
                625.3968253968254,
                615.4761904761905,
                605.5555555555555,
                595.6349206349206,
                581.7460317460318,
                561.9047619047619,
                553.968253968254
            ]
        },
        "99": {
            "Time": [
                63329.86745620922,
                26034.52137176049,
                18311.949603856978,
                12184.027897356229,
                8893.273777821802,
                6255.27847842142,
                4482.027644067338,
                3271.487824408671,
                2873.7239020419424,
                1984.2077033133507,
                1588.81154178957,
                1588.81154178957,
                1648.762787759437,
                1876.974813641774,
                2478.0032787611062,
                4565.805703480794,
                6612.646932204811,
                11106.479197496781,
                15500.600579092066,
                23732.042676542525,
                37013.879882778274,
                56669.73821565082,
                66947.94727299217
            ],
            "Temperature": [
                673.015873015873,
                673.015873015873,
                671.031746031746,
                667.063492063492,
                663.0952380952381,
                661.1111111111111,
                657.1428571428571,
                655.1587301587301,
                651.1904761904761,
                647.2222222222222,
                639.2857142857142,
                635.3174603174602,
                619.4444444444445,
                611.5079365079365,
                605.5555555555555,
                599.6031746031746,
                593.6507936507936,
                581.7460317460318,
                575.7936507936508,
                567.8571428571429,
                561.9047619047619,
                550.0,
                548.015873015873
            ]
        }
    },
    "Bainite": {
        "1": {
            "Time": [
                14.39384904410225,
                9.75609766884803,
                6.862164519607272,
                4.826653390783143,
                3.8648386470269473,
                2.9821592475623775,
                2.820993885164616,
                2.478003278761107,
                2.3878997264599127,
                2.5715067435658847,
                2.820993885164616,
                3.3949321512466017,
                3.5888870099752452,
                4.16200836806398,
                4.738089031981602
            ],
            "Temperature": [
                557.936507936508,
                555.952380952381,
                548.015873015873,
                536.1111111111111,
                522.2222222222222,
                500.39682539682536,
                488.4920634920635,
                444.8412698412698,
                426.984126984127,
                407.1428571428571,
                391.26984126984127,
                373.4126984126984,
                363.4920634920635,
                345.6349206349206,
                335.7142857142857
            ]
        },
        "99": {
            "Time": [
                341.5954397943454,
                388.87706691887155,
                467.9950794321958,
                690.4656713553654,
                1057.1307024964908,
                1842.5341655574812,
                3271.487824408671,
                5197.777614244537,
                10124.22830968687,
                14129.736022497811,
                38410.539057756374,
                63329.86745620922
            ],
            "Temperature": [
                341.66666666666663,
                365.4761904761905,
                377.38095238095235,
                395.23809523809524,
                409.1269841269841,
                417.06349206349205,
                425.0,
                432.93650793650795,
                436.90476190476187,
                440.87301587301585,
                440.87301587301585,
                442.85714285714283
            ]
        }
    },
    "C": 0.4,
    "Si": 0.275,
    "Mn": 0.85,
    "P": 0.0175,
    "S": 0.0175,
    "Cr": 0.5,
    "Mo": 0.225,
    "Ni": 0.55,
    "Ms:": 330,
    "Mf:": "",
    "Ac1:": 735,
    "Ac3:": 790,
    "Austenitization Temp:": 850.0,
    "Status": 1
}