{
    "Ferrite": {
        "1": {
            "Time": [
                6329.1047258655135,
                2958.972572558144,
                1409.2670200171374,
                778.5296690540468,
                399.3395110769149,
                270.52958425353245,
                193.75294934682526,
                128.84486478962114,
                82.56168036291058,
                44.77202230082129,
                33.90012833314498,
                26.148673623892165,
                19.078178716055127,
                15.271884028260475,
                14.71584601928056,
                14.991287262413168,
                16.14558150261836,
                17.714224633510838,
                19.435271149298266,
                22.54343722848953,
                27.13670084300312
            ],
            "Temperature": [
                785.9437751004016,
                785.9437751004016,
                779.9196787148594,
                775.9036144578313,
                775.9036144578313,
                775.9036144578313,
                773.8955823293172,
                767.871485943775,
                761.847389558233,
                747.7911646586346,
                739.7590361445783,
                731.7269076305221,
                717.6706827309237,
                691.566265060241,
                673.4939759036145,
                649.3975903614457,
                631.3253012048192,
                619.277108433735,
                611.2449799196787,
                595.1807228915662,
                579.1164658634539
            ]
        }
    },
    "Pearlite": {
        "1": {
            "Time": [
                14312.144026397498,
                4704.1723128590465,
                1827.0270041765389,
                919.9376411159687,
                600.5144883981757,
                302.3687557163225,
                107.03608144565466,
                50.977971520303925,
                29.226163671174387,
                17.388753713717453,
                17.388753713717453,
                20.54715408955503,
                28.162060654953947,
                39.32157206582563,
                44.77202230082129,
                56.97767162903239,
                90.58305839474032,
                128.84486478962114,
                242.04305032445617,
                370.7895763813021,
                547.337284952014,
                937.1564110828108,
                1333.0063392924978,
                2042.05349088643
            ],
            "Temperature": [
                739.7590361445783,
                737.7510040160643,
                733.7349397590361,
                733.7349397590361,
                733.7349397590361,
                727.710843373494,
                715.6626506024096,
                707.6305220883535,
                681.5261044176707,
                645.3815261044176,
                639.3574297188754,
                615.2610441767068,
                597.1887550200803,
                579.1164658634539,
                571.0843373493976,
                557.0281124497992,
                534.9397590361446,
                520.8835341365461,
                504.8192771084337,
                498.79518072289153,
                488.7550200803213,
                476.7068273092369,
                470.68273092369475,
                474.69879518072287
            ]
        },
        "99": {
            "Time": [
                19983.48095495163,
                8515.32723864604,
                4131.496436933465,
                1489.890539276869,
                838.474642229972,
                557.5819737033428,
                291.3597328220212,
                220.609474984474,
                155.09722477167256,
                144.00887634664252,
                126.47754375122798,
                136.2160203551271,
                173.35092943223313,
                286.006457576039,
                414.4285481839419,
                634.8696465998694,
                1028.2069543276302,
                1665.2387566325315,
                2458.1253571023503,
                3907.9257961558656,
                6816.431064347407,
                10250.339622716701,
                15702.65736354248
            ],
            "Temperature": [
                709.6385542168674,
                709.6385542168674,
                703.6144578313254,
                703.6144578313254,
                703.6144578313254,
                697.5903614457832,
                685.5421686746988,
                679.5180722891566,
                671.4859437751004,
                661.4457831325301,
                641.3654618473895,
                625.3012048192771,
                609.2369477911647,
                587.14859437751,
                577.1084337349398,
                563.0522088353414,
                553.0120481927711,
                540.9638554216867,
                534.9397590361446,
                530.9236947791164,
                524.8995983935743,
                524.8995983935743,
                524.8995983935743
            ]
        }
    },
    "Bainite": {
        "1": {
            "Time": [
                5.306793820656117,
                4.927395807636489,
                5.2092898597604576,
                6.629434896990015,
                8.436736721624847,
                10.345824348289248,
                11.779881986065252
            ],
            "Temperature": [
                494.77911646586347,
                474.69879518072287,
                460.6425702811245,
                428.5140562248996,
                386.3453815261044,
                366.26506024096386,
                350.2008032128514
            ]
        },
        "99": {
            "Time": [
                1409.2670200171374,
                954.6974703287524,
                838.474642229972,
                568.0184156030447,
                480.7056145453398,
                446.33858217713464,
                438.137815172879,
                480.7056145453398,
                537.2808261875962,
                578.6501997567339,
                793.1016603333051
            ],
            "Temperature": [
                474.69879518072287,
                458.63453815261045,
                450.6024096385542,
                430.52208835341366,
                406.42570281124495,
                386.3453815261044,
                362.24899598393574,
                346.18473895582326,
                332.1285140562249,
                330.12048192771084,
                308.0321285140562
            ]
        }
    },
    "C": 0.42,
    "Si": 0.25,
    "Mn": 0.7,
    "Cr": 1.05,
    "Ms:": 350,
    "Mf:": 220,
    "Ac1:": 750,
    "Ac3:": 795,
    "Austenitization Temp:": 850.0,
    "Status": 1
}