{
    "Ferrite": {
        "1": {
            "Time": [
                32.83926608389778,
                36.0891828940797,
                38.191543720109514,
                44.41615741346408,
                62.38525681114846,
                82.80046712286479,
                125.41822663794918,
                287.75070307970515,
                909.9476200466966,
                1664.6060755636302,
                3346.4948726577663,
                8125.237525193879,
                16646.060755636303,
                33464.9487265777,
                54664.44184030686,
                87623.97501349729
            ],
            "Temperature": [
                572.7272727272727,
                623.2323232323232,
                643.4343434343434,
                667.6767676767677,
                695.959595959596,
                714.1414141414141,
                732.3232323232323,
                734.3434343434343,
                750.5050505050505,
                758.5858585858585,
                762.6262626262626,
                762.6262626262626,
                764.6464646464647,
                766.6666666666666,
                766.6666666666666,
                764.6464646464647
            ]
        }
    },
    "Pearlite": {
        "1": {
            "Time": [
                90994.76200466968,
                20877.19420479466,
                6855.9173557646045,
                3677.678581637517,
                1761.5770326037862,
                927.2847441516194,
                600.7427310761209,
                310.3153641797168,
                252.1386041677242,
                247.4244553588842,
                256.9425710948244,
                293.2331831045616,
                354.14435847257124,
                470.0360278907435,
                612.1886110964044,
                672.7734625702838,
                1352.5319749835337,
                2209.338675153079,
                3747.7489555614484,
                9629.562524599025,
                16029.428283467389,
                37477.489555614455,
                67277.34625702834,
                92728.4744151619
            ],
            "Temperature": [
                728.2828282828283,
                718.1818181818181,
                716.1616161616162,
                716.1616161616162,
                710.10101010101,
                702.0202020202021,
                693.939393939394,
                677.7777777777778,
                649.4949494949494,
                631.3131313131313,
                605.0505050505051,
                586.8686868686868,
                568.6868686868686,
                548.4848484848485,
                538.3838383838383,
                534.3434343434343,
                512.1212121212121,
                493.93939393939394,
                479.7979797979798,
                463.6363636363636,
                455.55555555555554,
                451.5151515151515,
                451.5151515151515,
                457.57575757575756
            ]
        },
        "99": {
            "Time": [
                87623.97501349729,
                22514.32942951669,
                10190.528814219355,
                4700.360278907431,
                2474.24455358884,
                1230.7332516733259,
                843.780546046376,
                698.6542336182581,
                725.5306062279813,
                892.934642191483,
                1119.902793272474,
                1795.1401509215925,
                3346.4948726577663,
                7119.656098863208,
                13024.291219623357,
                28237.07270992574,
                42770.816491538455,
                57848.89690095876,
                89293.46421914824
            ],
            "Temperature": [
                704.040404040404,
                695.959595959596,
                693.939393939394,
                691.9191919191919,
                683.8383838383838,
                677.7777777777778,
                663.6363636363636,
                639.3939393939394,
                615.1515151515151,
                592.9292929292928,
                576.7676767676767,
                560.6060606060605,
                546.4646464646464,
                530.3030303030303,
                518.1818181818181,
                514.1414141414141,
                512.1212121212121,
                514.1414141414141,
                520.2020202020201
            ]
        }
    },
    "Bainite": {
        "1": {
            "Time": [
                7.39354054836429,
                6.727734625702835,
                6.986542336182584,
                7.534408799720553,
                8.598569967363344,
                10.190528814219363
            ],
            "Temperature": [
                475.75757575757575,
                449.4949494949495,
                423.2323232323232,
                401.010101010101,
                366.66666666666663,
                336.3636363636364
            ]
        },
        "99": {
            "Time": [
                536.4239956225908,
                635.7387571164828,
                753.440879972055,
                981.3033437525332,
                1352.5319749835337,
                1972.7950393776196,
                3410.255242645636,
                5364.2399562259,
                7973.322752256319,
                12077.226551344607,
                20486.860481335993
            ],
            "Temperature": [
                336.3636363636364,
                366.66666666666663,
                388.88888888888886,
                411.1111111111111,
                425.25252525252523,
                433.3333333333333,
                443.4343434343434,
                449.4949494949495,
                453.5353535353535,
                453.5353535353535,
                457.57575757575756
            ]
        }
    },
    "C": 0.43,
    "Si": 0.2,
    "Mn": 0.75,
    "P": 0.025,
    "S": 0.015,
    "Cr": 1.05,
    "Mo": 0.225,
    "Cu": 0.15,
    "Al": 0.025,
    "Ms:": 330,
    "Mf:": 130,
    "Ac1:": 750,
    "Ac3:": 805,
    "Austenitization Temp:": 850.0,
    "Status": 1
}