{
    "Ferrite": {},
    "Pearlite": {
        "1": {
            "Time": [
                3966.3731936574736,
                1694.0088022878713,
                1170.2350250437908,
                954.8159797274034,
                684.4494289090603,
                558.4547018776937,
                423.16137934508833,
                281.708010667087,
                309.00096759191587,
                332.7272368549951,
                364.9631328868355,
                431.06042484139607,
                558.4547018776937,
                659.594625741874,
                1214.3317475937922,
                1602.5783712413847,
                1928.1488702019524,
                3005.4648049020607,
                5332.214733067252,
                7577.362638765367,
                11382.16559204332,
                18753.933404043,
                35827.529929086355,
                77905.1673922241,
                114879.08395619194,
                227734.96724789124,
                375229.6849840639,
                606921.5106410447,
                981675.3173311747
            ],
            "Temperature": [
                763.1728045325779,
                753.257790368272,
                751.2747875354107,
                747.3087818696883,
                741.3597733711049,
                735.4107648725212,
                727.4787535410765,
                721.5297450424929,
                705.6657223796034,
                695.7507082152974,
                687.8186968838527,
                679.8866855524079,
                671.9546742209632,
                666.0056657223796,
                652.1246458923513,
                642.2096317280453,
                638.243626062323,
                630.3116147308782,
                616.4305949008499,
                610.4815864022663,
                606.5155807365439,
                598.5835694050992,
                582.7195467422097,
                562.8895184135977,
                560.9065155807366,
                549.0084985835695,
                545.0424929178471,
                539.0934844192634,
                533.14447592068
            ]
        },
        "99": {
            "Time": [
                963686.4286572603,
                459886.4379394488,
                311871.65404930396,
                203815.37757266662,
                126009.01200671293,
                110707.41414516012,
                82349.81931268031,
                56887.923330489146,
                34526.50436497232,
                21346.03755069701,
                15021.276049021058,
                11382.16559204332,
                9816.753173311743,
                8949.674265472479,
                8466.635113189046,
                8624.679630538958,
                10000.0,
                13950.131878249616,
                20570.886693214965,
                31476.900981067716,
                65959.46257418748,
                108678.7359118636,
                179065.55296923788,
                368353.72007880744,
                495198.2673554653,
                831148.6711467121,
                981675.3173311747
            ],
            "Temperature": [
                763.1728045325779,
                763.1728045325779,
                763.1728045325779,
                763.1728045325779,
                755.2407932011331,
                753.257790368272,
                751.2747875354107,
                749.2917847025496,
                745.3257790368273,
                737.3937677053824,
                731.4447592067988,
                725.4957507082153,
                719.5467422096317,
                711.614730878187,
                703.6827195467422,
                699.7167138810198,
                689.8016997167139,
                673.9376770538244,
                664.0226628895184,
                656.0906515580737,
                642.2096317280453,
                628.328611898017,
                618.4135977337111,
                600.5665722379604,
                596.600566572238,
                582.7195467422097,
                578.7535410764872
            ]
        }
    },
    "Bainite": {
        "1": {
            "Time": [
                23.19860377736924,
                25.446173848637663,
                22.3561796240478,
                22.3561796240478,
                24.97988078772559,
                26.897931020215232,
                30.05464804902062,
                52.345035901617486,
                67.81492740831094,
                127.17966324154726,
                209.5487818634362,
                332.7272368549951,
                464.1588833612778,
                568.8792333048907,
                1356.844630958962,
                2640.5034969821822,
                3822.3400177176677,
                9636.864286572616,
                13694.500138392421,
                306156.7049554481,
                963686.4286572603
            ],
            "Temperature": [
                328.8951841359774,
                352.69121813031165,
                380.4532577903683,
                388.38526912181305,
                404.24929178470256,
                410.19830028328613,
                418.1303116147309,
                437.9603399433428,
                447.8753541076487,
                461.7563739376771,
                461.7563739376771,
                465.7223796033995,
                471.67138810198304,
                473.65439093484423,
                477.6203966005666,
                477.6203966005666,
                479.6033994334278,
                479.6033994334278,
                483.5694050991502,
                479.6033994334278,
                479.6033994334278
            ]
        },
        "99": {
            "Time": [
                1214.3317475937922,
                2038.1537757266672,
                2689.793102021521,
                5332.214733067252,
                8009.6669458060205,
                11382.16559204332,
                15878.271106907914,
                22150.39759399663,
                30333.8622916434,
                47282.321880432,
                68444.94289090594,
                90328.18693504985,
                154438.30272249808,
                236316.4619483149,
                419266.3038382151,
                678149.2740831093,
                946027.180659862
            ],
            "Temperature": [
                315.01416430594907,
                354.67422096317284,
                372.52124645892354,
                398.300283286119,
                410.19830028328613,
                416.1473087818697,
                422.09631728045326,
                424.07932011331445,
                424.07932011331445,
                424.07932011331445,
                426.06232294617564,
                428.04532577903683,
                432.0113314447592,
                432.0113314447592,
                426.06232294617564,
                424.07932011331445,
                426.06232294617564
            ]
        }
    },
    "C": 0.43,
    "Cr": 2.0,
    "Mo": 0.5,
    "W": 0.4,
    "V": 0.8,
    "Ms:": 320,
    "Mf:": 180,
    "Ac1:": 765,
    "Ac3:": 830,
    "Austenitization Temp:": 1050.0,
    "Status": 1
}