{
    "Ferrite": {
        "1": {
            "Time": [
                34355.79478998749,
                9638.290236239702,
                6309.573444801934,
                3191.537855100763,
                1870.6821403658014,
                1000.0000000000007,
                731.1390834834178,
                666.8067692136227,
                744.7319739059889,
                981.7479430199849,
                1318.2567385564075,
                1499.684835502373,
                2376.840286624878,
                2910.717118066605,
                4786.300923226389
            ],
            "Temperature": [
                791.8032786885246,
                783.9344262295082,
                776.0655737704918,
                770.1639344262295,
                768.1967213114754,
                754.4262295081967,
                742.6229508196722,
                732.7868852459017,
                722.9508196721312,
                695.4098360655738,
                683.6065573770492,
                683.6065573770492,
                669.8360655737705,
                663.9344262295082,
                646.2295081967213
            ]
        }
    },
    "Pearlite": {
        "1": {
            "Time": [
                25118.864315095838,
                8472.274141405973,
                5345.643593969723,
                2703.9583641088457,
                1870.6821403658014,
                1294.1958414499861,
                1116.8632477805609,
                1318.2567385564075,
                1644.371723214932,
                2089.2961308540403,
                2754.2287033381667,
                5445.0265284242105,
                10764.652136298362,
                26061.535499988964,
                48752.84901033859,
                94623.71613657933,
                201372.42498623868,
                343557.9478998747
            ],
            "Temperature": [
                766.2295081967213,
                764.2622950819672,
                762.2950819672132,
                758.360655737705,
                750.4918032786885,
                738.688524590164,
                722.9508196721312,
                707.2131147540983,
                697.3770491803278,
                685.5737704918033,
                675.7377049180328,
                650.1639344262295,
                630.4918032786885,
                608.8524590163934,
                593.1147540983607,
                575.4098360655737,
                561.639344262295,
                551.8032786885246
            ]
        },
        "99": {
            "Time": [
                26546.05561975541,
                14454.39770745928,
                6668.067692136216,
                4613.175745603798,
                5445.0265284242105,
                6792.036326171842,
                8790.225168308856,
                13931.568029453028,
                21281.390459827137,
                32508.729738543443,
                50582.46620031139,
                152756.60582380733,
                413047.5019901619
            ],
            "Temperature": [
                756.3934426229508,
                752.4590163934427,
                744.5901639344263,
                720.983606557377,
                703.2786885245902,
                693.4426229508197,
                689.5081967213115,
                675.7377049180328,
                663.9344262295082,
                656.0655737704918,
                650.1639344262295,
                624.5901639344263,
                608.8524590163934
            ]
        }
    },
    "Bainite": {
        "1": {
            "Time": [
                134.27649611378646,
                78.70457896950991,
                74.47319739059894,
                183.65383433483464,
                319.1537855100762,
                1247.3835142429439,
                2167.7041048196947,
                5649.369748123027,
                20892.961308540405,
                73113.90834834175,
                197696.96401118624
            ],
            "Temperature": [
                313.7704918032787,
                345.2459016393443,
                382.62295081967216,
                421.9672131147541,
                443.60655737704917,
                469.1803278688525,
                473.11475409836066,
                473.11475409836066,
                471.1475409836066,
                473.11475409836066,
                477.04918032786884
            ]
        },
        "99": {
            "Time": [
                5754.399373371573,
                9289.66386779937,
                14190.575216890922,
                27039.583641088462,
                51522.864458175645,
                101859.13880541165,
                205116.21788255684
            ],
            "Temperature": [
                309.8360655737705,
                333.44262295081967,
                335.4098360655738,
                337.37704918032784,
                339.344262295082,
                343.27868852459017,
                345.2459016393443
            ]
        }
    },
    "C": 0.45,
    "Si": 0.2,
    "Mn": 0.7,
    "P": 0.0175,
    "S": 0.0175,
    "Cr": 1.4,
    "Mo": 0.7,
    "V": 0.3,
    "Ms:": 310,
    "Mf:": 80,
    "Ac1:": 781,
    "Ac3:": 840,
    "Austenitization Temp:": 950.0,
    "Status": 1
}