{
    "Ferrite": {
        "1": {
            "Time": [
                182991.50931724222,
                34131.012453668285,
                2856.282144473295,
                503.10363891901017,
                257.98960640295536,
                166.33914894596174,
                122.57383947588959,
                105.22027863283417,
                99.36594543333437,
                111.4195309800488,
                132.29607552623239,
                186.51691863198548,
                234.51236467793643,
                377.8749183094684,
                795.3393796021585,
                1492.9083571151173,
                2802.2947434829985
            ],
            "Temperature": [
                797.1722365038561,
                788.9460154241646,
                774.5501285347044,
                770.4370179948586,
                760.1542416452442,
                745.758354755784,
                733.4190231362468,
                714.9100257069408,
                702.5706940874036,
                690.2313624678663,
                679.9485861182519,
                665.5526992287918,
                659.3830334190231,
                651.1568123393316,
                626.478149100257,
                616.1953727506427,
                603.8560411311055
            ]
        }
    },
    "Pearlite": {
        "1": {
            "Time": [
                186516.91863198526,
                9147.996017128818,
                3950.8003436535746,
                2405.5559896090745,
                874.9615133603927,
                512.7961446617293,
                392.5750113654806,
                306.32881105719196,
                248.32910557684275,
                234.51236467793643,
                248.32910557684275,
                377.8749183094684,
                503.10363891901017,
                709.2979902121605,
                874.9615133603927,
                1674.0055984025264,
                2271.7136687541156,
                3456.798247667895,
                5063.139456128327,
                8475.723795051543,
                12897.253542749379,
                17502.251599642597,
                23302.54283203008,
                42102.646167165265,
                97487.80144420866,
                197505.91676664504
            ],
            "Temperature": [
                778.6632390745501,
                762.2107969151671,
                758.0976863753214,
                751.9280205655527,
                756.0411311053984,
                753.9845758354757,
                749.8714652956298,
                745.758354755784,
                723.1362467866325,
                712.853470437018,
                700.5141388174807,
                675.8354755784062,
                665.5526992287918,
                655.2699228791773,
                647.0437017994859,
                630.5912596401029,
                620.3084832904884,
                605.9125964010283,
                593.5732647814909,
                589.4601542416453,
                581.2339331619537,
                577.120822622108,
                577.120822622108,
                570.9511568123394,
                560.6683804627249,
                560.6683804627249
            ]
        },
        "99": {
            "Time": [
                190110.2464577174,
                24675.456354257312,
                7558.803207293262,
                2646.378342531399,
                1674.0055984025264,
                891.8180193302654,
                620.6084429395165,
                553.4697923619602,
                466.13132272670424,
                457.32084205242006,
                564.1326234883982,
                1100.1108907722648,
                1987.6620295345929,
                8004.144439361869,
                14188.409083429793,
                27668.712472066818,
                45442.11783690726,
                95645.1567886675,
                132296.07552623245,
                182991.50931724222
            ],
            "Temperature": [
                760.1542416452442,
                749.8714652956298,
                737.5321336760926,
                741.6452442159383,
                735.4755784061697,
                731.3624678663239,
                729.3059125964011,
                725.1928020565553,
                712.853470437018,
                702.5706940874036,
                696.401028277635,
                677.8920308483291,
                663.496143958869,
                630.5912596401029,
                624.4215938303341,
                614.1388174807198,
                603.8560411311055,
                595.6298200514138,
                593.5732647814909,
                591.5167095115681
            ]
        }
    },
    "Bainite": {
        "1": {
            "Time": [
                23.30254283203008,
                21.590074634579295,
                22.42997188850245,
                26.632648952219537,
                31.62277660168378,
                40.52609952348328,
                76.07035966225023,
                107.24739208621821,
                160.1105279243169,
                268.02592010849054,
                423.713033510181,
                1058.9168972726911,
                1950.0926643269875,
                3591.274640395714,
                6245.6854834223695,
                8158.347688836973,
                20388.828141458398,
                32852.966106755695,
                57135.505926587066,
                92063.6942287867,
                115753.97445407289,
                190110.2464577174
            ],
            "Temperature": [
                338.56041131105405,
                381.7480719794345,
                402.31362467866325,
                433.16195372750644,
                449.6143958868895,
                470.17994858611826,
                486.6323907455013,
                498.9717223650386,
                507.1979434447301,
                511.31105398457584,
                515.4241645244216,
                523.6503856041131,
                527.763496143959,
                531.8766066838047,
                535.9897172236504,
                540.1028277634962,
                540.1028277634962,
                538.0462724935733,
                542.1593830334191,
                546.2724935732648,
                552.4421593830334,
                554.4987146529563
            ]
        },
        "99": {
            "Time": [
                1492.9083571151173,
                3523.394937246473,
                5677.323564207215,
                9686.967558720975,
                16216.03792484257,
                21590.07463457928,
                34788.56093597066,
                71837.89385000289,
                163195.12539355925,
                190110.2464577174
            ],
            "Temperature": [
                328.2776349614396,
                363.2390745501285,
                379.6915167095116,
                389.974293059126,
                398.2005141388175,
                402.31362467866325,
                408.4832904884319,
                412.5964010282777,
                420.82262210796915,
                420.82262210796915
            ]
        }
    },
    "C": 0.45,
    "Si": 1.0,
    "Mn": 0.3,
    "Cr": 1.1,
    "W": 2.0,
    "V": 0.2,
    "Ms:": 320,
    "Mf:": 110,
    "Ac1:": 775,
    "Ac3:": 860,
    "Austenitization Temp:": 900.0,
    "Status": 1
}