{
    "Ferrite": {
        "1": {
            "Time": [
                23456.881305224,
                9396.648314954686,
                4370.5947581375,
                2898.4256351332015,
                2149.970160802326,
                1452.6539259467806,
                1182.96793493893,
                861.2617008130054,
                560.5942625831896,
                351.51668661180923,
                176.17567573679733,
                135.65394633714897,
                64.2847720274848,
                50.431594871713585,
                36.716803466162254,
                28.804441533962958,
                23.456881305224027,
                19.828839491270713,
                21.768967843509827,
                23.456881305224027,
                27.235486360395925,
                31.62277660168378,
                37.408730733528984,
                52.35026915568302,
                86.66382194049764,
                119.03527392207181,
                212.33765999238622
            ],
            "Temperature": [
                772.0930232558139,
                772.0930232558139,
                770.0996677740864,
                762.126245847176,
                758.1395348837209,
                756.1461794019933,
                752.1594684385382,
                742.1926910299003,
                734.21926910299,
                736.2126245847176,
                730.2325581395348,
                720.265780730897,
                702.3255813953489,
                694.3521594684386,
                686.3787375415283,
                676.4119601328904,
                664.4518272425249,
                648.5049833887043,
                630.5647840531561,
                622.5913621262458,
                614.6179401993355,
                604.6511627906976,
                600.6644518272425,
                592.6910299003323,
                580.7308970099668,
                574.7508305647841,
                568.7707641196014
            ]
        }
    },
    "Pearlite": {
        "1": {
            "Time": [
                24349.300334543695,
                5366.976945540477,
                755.7503872394917,
                241.98240223162918,
                88.29699955494091,
                67.98802609533816,
                61.92868979659558,
                63.09573444801925,
                70.574636287199,
                80.42765483057629,
                160.47426876477357,
                241.98240223162918,
                275.7658862393489,
                540.0480875069829,
                1139.6113258491484
            ],
            "Temperature": [
                730.2325581395348,
                730.2325581395348,
                714.2857142857143,
                700.3322259136213,
                678.405315614618,
                672.4252491694352,
                648.5049833887043,
                634.5514950166113,
                622.5913621262458,
                612.624584717608,
                580.7308970099668,
                572.7574750830565,
                562.7906976744187,
                548.8372093023256,
                534.8837209302326
            ]
        },
        "99": {
            "Time": [
                2543.345761304648,
                1205.2609368708418,
                663.1650371466483,
                415.83296885774706,
                314.2659272411902,
                260.7451362831877,
                197.05823771683336,
                151.73336212695477,
                133.14483516026385,
                140.81491217648332,
                172.91705798904806,
                320.1882609885402,
                482.8183680584109,
                675.6623661254339,
                981.5035887666027,
                1718.4430149581913,
                2543.345761304648,
                4132.531914625695,
                7101.520602780341,
                19828.839491270694,
                23898.925662310503
            ],
            "Temperature": [
                552.8239202657808,
                558.8039867109635,
                568.7707641196014,
                582.7242524916944,
                594.6843853820599,
                600.6644518272425,
                612.624584717608,
                626.578073089701,
                634.5514950166113,
                650.4983388704319,
                662.4584717607974,
                676.4119601328904,
                680.3986710963455,
                686.3787375415283,
                694.3521594684386,
                704.3189368770765,
                708.3056478405316,
                714.2857142857143,
                714.2857142857143,
                714.2857142857143,
                714.2857142857143
            ]
        }
    },
    "Bainite": {
        "1": {
            "Time": [
                19.828839491270713,
                17.077820025399912,
                14.985653124037583,
                13.650078065460143,
                13.149793077803471,
                13.650078065460143,
                14.169396437702684,
                15.55578356212342,
                16.761941643240178,
                19.462077121759155,
                19.828839491270713,
                20.202513488706046,
                20.202513488706046
            ],
            "Temperature": [
                514.9501661129568,
                506.9767441860465,
                491.0299003322259,
                467.10963455149505,
                453.156146179402,
                431.2292358803987,
                423.25581395348837,
                389.36877076411963,
                379.40199335548175,
                347.50830564784053,
                339.5348837209302,
                311.6279069767442,
                295.6810631229236
            ]
        },
        "99": {
            "Time": [
                1205.2609368708418,
                1097.8437670592477,
                1018.8449756527527,
                999.9999999999989,
                1038.0450844128586,
                1077.5375972736988,
                1139.6113258491484,
                1205.2609368708418,
                1425.7850415526589,
                1750.8270317357233,
                2640.1075654845695,
                3835.1626199229577,
                4536.874404645238,
                6231.528628840914,
                10125.241847722224,
                16451.905877536617,
                23898.925662310503,
                36716.803466162215,
                63095.73444801929
            ],
            "Temperature": [
                307.64119601328906,
                323.58803986710967,
                337.54152823920265,
                347.50830564784053,
                359.468438538206,
                365.4485049833887,
                371.42857142857144,
                379.40199335548175,
                395.34883720930236,
                407.30897009966776,
                413.2890365448505,
                419.2691029900332,
                423.25581395348837,
                427.2425249169435,
                433.22259136212625,
                433.22259136212625,
                433.22259136212625,
                433.22259136212625,
                435.2159468438538
            ]
        }
    },
    "C": 0.5,
    "Si": 0.25,
    "Mn": 0.9,
    "Cr": 1.1,
    "V": 0.12,
    "Ms:": 290,
    "Mf:": 210,
    "Ac1:": 730,
    "Ac3:": 775,
    "Austenitization Temp:": 880.0,
    "Status": 1
}