{
    "Ferrite": {
        "1": {
            "Time": [
                461.3175745603796,
                109.64781961431851,
                35.645113342624434,
                20.511621788255656,
                12.246161992650489,
                8.016780633876792,
                4.965923214503362,
                3.499451670283573,
                2.0137242498623884,
                1.3931568029453032
            ],
            "Temperature": [
                715.1315789473684,
                697.3684210526316,
                687.5,
                677.6315789473684,
                661.8421052631579,
                646.0526315789474,
                634.2105263157895,
                622.3684210526316,
                584.8684210526316,
                547.3684210526316
            ]
        }
    },
    "Pearlite": {
        "1": {
            "Time": [
                3435.579478998746,
                1180.3206356517292,
                307.609681474071,
                103.75284158180128,
                58.6138164514029,
                37.6703798983909,
                16.749428760264376,
                13.931568029453036,
                9.28966386779937,
                6.918309709189367,
                3.981071705534973,
                2.805433637951714,
                1.9408858775927786,
                1.7060823890031238
            ],
            "Temperature": [
                705.2631578947369,
                699.3421052631579,
                687.5,
                675.6578947368421,
                667.7631578947369,
                661.8421052631579,
                642.1052631578948,
                636.1842105263158,
                622.3684210526316,
                614.4736842105264,
                590.7894736842105,
                576.9736842105264,
                555.2631578947369,
                543.421052631579
            ]
        },
        "99": {
            "Time": [
                3499.4516702835735,
                1706.0823890031234,
                1270.5741052085427,
                608.135001278718,
                398.10717055349727,
                205.1162178825567,
                164.43717232149316,
                81.65823713585925,
                34.355794789987456,
                29.107171180666064,
                26.546055619755403,
                23.33458062281003,
                21.67704104819696,
                18.706821403658015,
                19.054607179632477
            ],
            "Temperature": [
                681.578947368421,
                679.6052631578948,
                675.6578947368421,
                667.7631578947369,
                657.8947368421052,
                651.9736842105264,
                648.0263157894738,
                644.078947368421,
                618.421052631579,
                606.578947368421,
                598.6842105263158,
                590.7894736842105,
                582.8947368421052,
                565.1315789473684,
                529.6052631578948
            ]
        }
    },
    "Bainite": {
        "1": {
            "Time": [
                1.6143585568264867,
                1.3182567385564072,
                1.076465213629835,
                1.0568175092136587,
                1.018591388054117,
                1.1168632477805611,
                1.2022644346174132,
                1.3677288255958493,
                1.7378008287493758,
                6.918309709189367,
                12.473835142429436,
                24.660393372343396,
                33.11311214825912,
                53.45643593969716,
                127.05741052085425
            ],
            "Temperature": [
                537.5,
                523.6842105263158,
                500.0,
                496.0526315789474,
                470.39473684210526,
                452.63157894736844,
                438.8157894736842,
                428.94736842105266,
                415.13157894736844,
                363.8157894736842,
                348.0263157894737,
                326.3157894736842,
                318.42105263157896,
                302.63157894736844,
                280.92105263157896
            ]
        },
        "99": {
            "Time": [
                19.408858775927783,
                25.585858869056466,
                38.37072454922788,
                52.480746024977265,
                60.8135001278718,
                96.38290236239705,
                136.7728825595849,
                280.5433637951714,
                428.54852039743963,
                619.4410750767812,
                928.9663867799368,
                1905.460717963247,
                2376.840286624878
            ],
            "Temperature": [
                533.5526315789474,
                503.94736842105266,
                466.44736842105266,
                452.63157894736844,
                446.7105263157895,
                428.94736842105266,
                411.1842105263158,
                381.5789473684211,
                361.8421052631579,
                342.10526315789474,
                320.39473684210526,
                300.65789473684214,
                288.8157894736842
            ]
        }
    },
    "C": 0.64,
    "Si": 0.18,
    "Mn": 0.92,
    "P": 0.017,
    "S": 0.005,
    "Cu": 0.16,
    "Ms:": 250,
    "Mf:": "",
    "Ac1:": 725,
    "Ac3:": 750,
    "Austenitization Temp:": 830.0,
    "Austenitization Time:": 1200.0,
    "Status": 1
}