{
    "Ferrite": {},
    "Pearlite": {
        "1": {
            "Time": [
                9695.655615935917,
                5768.645159707222,
                2551.005584823911,
                2080.2752656546695,
                1214.9649753136505,
                1107.3764975659235,
                807.9464002800614,
                547.337284952014,
                414.4285481839419,
                308.02828938158706,
                228.94520050591217,
                160.9575709554637,
                111.08043808937565,
                95.76527358133059,
                56.97767162903239,
                46.46373245500039,
                32.66584971842762,
                31.476510275732785,
                33.90012833314498,
                37.193735530726414,
                42.349241628612056,
                52.904173367540324,
                67.3267916666302,
                97.55774313895012,
                128.84486478962114,
                224.73869378419127,
                313.7937543664822,
                446.33858217713464,
                498.86906858441137,
                722.8703350949565
            ],
            "Temperature": [
                728.0,
                724.0,
                724.0,
                722.0,
                714.0,
                714.0,
                708.0,
                704.0,
                698.0,
                696.0,
                692.0,
                682.0,
                670.0,
                666.0,
                658.0,
                644.0,
                620.0,
                614.0,
                602.0,
                594.0,
                584.0,
                564.0,
                552.0,
                534.0,
                528.0,
                512.0,
                496.0,
                486.0,
                484.0,
                476.0
            ]
        },
        "99": {
            "Time": [
                89747.04009584329,
                41187.468583409085,
                29498.413403416973,
                20357.51822261104,
                12569.814223918605,
                8358.871540130116,
                5066.382636136651,
                3561.8682586116693,
                2240.4516211039477,
                1489.890539276869,
                854.1686429342734,
                557.5819737033428,
                384.79985465761996,
                208.67147565740765,
                144.00887634664252,
                119.63337338049732,
                109.03951035451966,
                105.06946238103608,
                109.03951035451966,
                119.63337338049732,
                149.45024946065232,
                190.19304469724244,
                344.28075895186186,
                658.8581861506809,
                919.9376411159687,
                1665.2387566325315,
                2504.1348833809575,
                3981.0717055349664,
                6816.431064347407,
                9170.9876241071,
                14049.18096835458,
                19616.31603175327
            ],
            "Temperature": [
                724.0,
                720.0,
                716.0,
                712.0,
                708.0,
                702.0,
                696.0,
                694.0,
                686.0,
                682.0,
                676.0,
                668.0,
                660.0,
                648.0,
                642.0,
                636.0,
                626.0,
                614.0,
                606.0,
                598.0,
                580.0,
                568.0,
                550.0,
                528.0,
                518.0,
                500.0,
                492.0,
                482.0,
                470.0,
                464.0,
                456.0,
                450.0
            ]
        }
    },
    "Bainite": {
        "1": {
            "Time": [
                30.33047380302472,
                34.53464798483218,
                37.193735530726414,
                43.141906062897704,
                49.12190125853853,
                52.904173367540324,
                63.6834885235248,
                66.08976812968,
                67.3267916666302
            ],
            "Temperature": [
                466.0,
                434.0,
                406.0,
                374.0,
                356.0,
                326.0,
                294.0,
                280.0,
                272.0
            ]
        },
        "99": {
            "Time": [
                3128.254035051852,
                1728.1597767017117,
                1284.472563794582,
                954.6974703287524,
                671.1902476307805,
                480.7056145453398,
                370.7895763813021,
                344.28075895186186,
                399.3395110769149,
                508.2065620748477,
                696.55116051682,
                990.7706991383114,
                1237.7058671879274,
                1827.0270041765389,
                2042.05349088643
            ],
            "Temperature": [
                446.0,
                442.0,
                434.0,
                432.0,
                426.0,
                418.0,
                406.0,
                386.0,
                350.0,
                328.0,
                304.0,
                280.0,
                266.0,
                258.0,
                258.0
            ]
        }
    },
    "C": 0.58,
    "Si": 0.25,
    "Mn": 0.95,
    "Cr": 1.1,
    "V": 0.12,
    "Ms:": 270,
    "Mf:": 190,
    "Ac1:": 745,
    "Ac3:": 780,
    "Austenitization Temp:": 840.0,
    "Status": 1
}