{
    "Ferrite": {
        "1": {
            "Time": [
                5356.228060914106,
                228.94520050591217,
                64.87547294786287,
                40.80733704412151,
                28.162060654953947,
                15.848931924611131,
                9.969140531071059,
                7.1398859598948725,
                5.306793820656117,
                4.491061407077095,
                4.169982459641462,
                4.408545241834121,
                5.406122794681451,
                7.273525511575547
            ],
            "Temperature": [
                763.1728045325779,
                747.3087818696883,
                731.4447592067988,
                725.4957507082153,
                715.5807365439093,
                699.7167138810198,
                687.8186968838527,
                671.9546742209632,
                656.0906515580737,
                636.2606232294618,
                620.3966005665723,
                594.6175637393768,
                580.7365439093485,
                568.8385269121814
            ]
        }
    },
    "Pearlite": {
        "1": {
            "Time": [
                5456.48231158151,
                446.33858217713464,
                126.47754375122798,
                60.23733806605877,
                42.349241628612056,
                28.68917904052371,
                16.14558150261836,
                8.919398556396892,
                7.689640567018715,
                5.93136107025939,
                5.715404597963965,
                5.61039305893382,
                6.155477454443278,
                7.1398859598948725,
                8.281724999822059,
                8.755518685151355,
                14.991287262413168,
                22.965390024581687,
                37.88990269215949,
                52.904173367540324,
                105.06946238103608,
                173.35092943223313,
                286.006457576039,
                696.55116051682,
                1284.472563794582,
                2696.947443235694,
                4792.221825477371,
                10250.339622716701
            ],
            "Temperature": [
                731.4447592067988,
                717.5637393767705,
                707.6487252124646,
                691.7847025495751,
                687.8186968838527,
                685.8356940509915,
                675.9206798866855,
                658.0736543909348,
                650.1416430594901,
                640.2266288951841,
                630.3116147308782,
                608.4985835694051,
                586.685552407932,
                570.8215297450424,
                562.8895184135977,
                562.8895184135977,
                545.0424929178471,
                533.14447592068,
                519.2634560906515,
                511.3314447592068,
                503.39943342776206,
                495.4674220963173,
                495.4674220963173,
                489.51841359773374,
                483.5694050991502,
                475.6373937677054,
                479.6033994334278,
                485.55240793201136
            ]
        },
        "99": {
            "Time": [
                6098.666701068878,
                508.2065620748477,
                246.57344827681518,
                163.97026580002063,
                105.06946238103608,
                73.86800600788887,
                66.08976812968,
                54.90315672109497,
                55.93079683905688,
                63.6834885235248,
                85.6812721489948,
                224.73869378419127,
                302.3687557163225,
                508.2065620748477,
                1028.2069543276302,
                1861.2240587398896,
                2696.947443235694,
                3696.4533944015116,
                6212.81741557031
            ],
            "Temperature": [
                713.5977337110481,
                699.7167138810198,
                685.8356940509915,
                677.9036827195467,
                662.0396600566572,
                650.1416430594901,
                646.1756373937677,
                630.3116147308782,
                616.4305949008499,
                600.5665722379604,
                578.7535410764872,
                552.9745042492918,
                549.0084985835695,
                539.0934844192634,
                529.1784702549576,
                519.2634560906515,
                513.3144475920681,
                509.34844192634563,
                501.4164305949009
            ]
        }
    },
    "Bainite": {
        "1": {
            "Time": [
                9.086345820125413,
                33.90012833314498,
                61.364819779184586
            ],
            "Temperature": [
                455.8073654390935,
                344.7592067988669,
                301.13314447592074
            ]
        },
        "99": {
            "Time": [
                3070.777304390463,
                1728.1597767017117,
                1308.5144516532728,
                696.55116051682,
                547.337284952014,
                547.337284952014,
                658.8581861506809,
                1067.0577378268981,
                1634.6426226774793,
                2458.1253571023503,
                4881.919389263184,
                10062.00580996324
            ],
            "Temperature": [
                305.0991501416431,
                330.8781869688386,
                348.7252124645893,
                390.36827195467424,
                414.1643059490085,
                430.028328611898,
                445.89235127478753,
                451.8413597733711,
                453.8243626062323,
                461.7563739376771,
                471.67138810198304,
                467.70538243626066
            ]
        }
    },
    "C": 0.615,
    "Si": 0.9,
    "Mn": 1.0,
    "P": 0.015,
    "S": 0.015,
    "Cr": 0.3,
    "Ms:": 300,
    "Mf:": "",
    "Ac1:": 740,
    "Ac3:": 815,
    "Austenitization Temp:": 850.0,
    "Austenitization Time:": 600.0,
    "Status": 1
}