{
    "Ferrite": {},
    "Pearlite": {
        "1": {
            "Time": [
                46034.90468901619,
                24505.397127942546,
                17879.237495534686,
                13537.660674002776,
                8674.711369005958,
                4532.896876121828,
                3628.5368972846486,
                2504.1348833809575,
                1517.7773017322697,
                1462.5161520687186,
                1931.5503803479942,
                3070.777304390463,
                4704.1723128590465,
                7906.541907288507,
                15702.65736354248,
                31186.004092322015,
                57508.43427100406,
                106048.21324693652,
                191964.74508446406
            ],
            "Temperature": [
                706.7988668555241,
                706.7988668555241,
                696.8838526912182,
                690.9348441926346,
                686.9688385269121,
                677.0538243626063,
                669.1218130311615,
                651.2747875354107,
                631.4447592067988,
                625.4957507082153,
                605.6657223796034,
                585.8356940509915,
                573.9376770538244,
                564.0226628895184,
                540.2266288951841,
                524.3626062322946,
                512.4645892351275,
                504.53257790368275,
                494.6175637393768
            ]
        },
        "99": {
            "Time": [
                61936.44990970603,
                25431.33317065669,
                14852.928161964344,
                8205.290468144925,
                7906.541907288507,
                9342.643961678745,
                40430.713853177025,
                64276.71768948271,
                93138.13058573788,
                191964.74508446406
            ],
            "Temperature": [
                675.070821529745,
                667.1388101983002,
                663.1728045325779,
                637.3937677053824,
                627.4787535410765,
                609.6317280453258,
                585.8356940509915,
                573.9376770538244,
                571.9546742209632,
                554.1076487252125
            ]
        }
    },
    "Bainite": {
        "1": {
            "Time": [
                188437.69586593084,
                93138.13058573788,
                26392.255692093084,
                9342.643961678745,
                4367.857451434862,
                2282.38687775768,
                1028.2069543276302,
                886.4433915914674,
                870.1563933188905,
                954.6974703287524,
                1489.890539276869,
                2119.2124497268037,
                4973.295851322525,
                7206.395956304045,
                9170.9876241071,
                15702.65736354248
            ],
            "Temperature": [
                437.1104815864023,
                431.1614730878187,
                425.21246458923514,
                413.314447592068,
                407.36543909348444,
                399.4334277620397,
                371.67138810198304,
                355.8073654390935,
                333.9943342776204,
                314.1643059490085,
                284.4192634560907,
                264.5892351274788,
                232.86118980169977,
                220.96317280453263,
                209.0651558073655,
                195.18413597733718
            ]
        },
        "99": {
            "Time": [
                108033.15190764659,
                98466.52027941225,
                89747.04009584329,
                106048.21324693652,
                125310.24444770052,
                195557.81122245025,
                210615.3076982311
            ],
            "Temperature": [
                199.15014164305956,
                222.94617563739382,
                250.70821529745047,
                270.53824362606235,
                284.4192634560907,
                310.19830028328613,
                314.1643059490085
            ]
        }
    },
    "C": 0.58,
    "Cr": 1.0,
    "Mo": 0.3,
    "Ni": 3.0,
    "V": 0.1,
    "Ms:": 190,
    "Mf:": 50,
    "Ac1:": 710,
    "Ac3:": 770,
    "Austenitization Temp:": 860.0,
    "Status": 1
}