{
    "Ferrite": {
        "1": {
            "Time": [
                8725.305042289501,
                990.7459711044243,
                219.71379987685867,
                46.94632652406364,
                27.892744693382944,
                14.549675166338996,
                8.644560817305443,
                7.177764957187703,
                3.885993043761008,
                2.8328313944494523,
                1.9897050145794795,
                1.9897050145794795,
                2.1433355875486915,
                2.6791351136491244,
                3.1671814674759107,
                3.9589260450427264,
                5.0414701548324246,
                6.420029329391467,
                9.312031031080078,
                12.080908533646584,
                18.87593525968126,
                31.770119071799588,
                38.980545630327455
            ],
            "Temperature": [
                756.0,
                748.0,
                728.0,
                710.0,
                704.0,
                692.0,
                674.0,
                670.0,
                652.0,
                640.0,
                600.0,
                580.0,
                568.0,
                534.0,
                526.0,
                522.0,
                512.0,
                508.0,
                498.0,
                492.0,
                486.0,
                480.0,
                486.0
            ]
        }
    },
    "Pearlite": {
        "1": {
            "Time": [
                9575.412007558141,
                3995.9042585149778,
                2203.957574104001,
                1087.2744072754872,
                695.8734751186981,
                362.98805051804203,
                228.03844735924378,
                128.13612953784252,
                77.5597871117067,
                54.47592032771556,
                31.770119071799588,
                18.87593525968126,
                11.639889460002781,
                8.328987183659626,
                7.177764957187703,
                5.136089353869455,
                4.1089241960568375,
                3.6074518104909687,
                3.2871815277554957,
                3.2871815277554957,
                3.6074518104909687,
                4.033227865726862,
                5.232484382684595,
                6.185663231864232,
                9.664850816283458,
                12.773964550437531,
                19.23020213432177,
                32.973844290217166,
                46.94632652406364,
                82.00922706641587,
                138.02987099937087,
                163.1741703358347,
                223.83742713701503,
                330.7618998509901
            ],
            "Temperature": [
                732.0,
                730.0,
                728.0,
                722.0,
                720.0,
                714.0,
                710.0,
                700.0,
                690.0,
                686.0,
                676.0,
                664.0,
                656.0,
                644.0,
                640.0,
                626.0,
                612.0,
                600.0,
                578.0,
                572.0,
                558.0,
                552.0,
                536.0,
                530.0,
                520.0,
                514.0,
                510.0,
                496.0,
                494.0,
                488.0,
                486.0,
                486.0,
                486.0,
                482.0
            ]
        },
        "99": {
            "Time": [
                11111.18633236218,
                6128.420925578253,
                3443.5953527837773,
                1899.329305436781,
                1107.6805646840075,
                453.729242227606,
                223.83742713701503,
                151.47812916146097,
                89.99939071199121,
                65.608223334208,
                56.53993648537564,
                27.892744693382944,
                23.159946427718367,
                22.7332841503029,
                26.874507332194536,
                32.36638625727591,
                48.72505694120083,
                79.01544284477858,
                114.60917356507707,
                169.3566106151335,
                295.84433465770684,
                470.92040635162283,
                683.0538011780095
            ],
            "Temperature": [
                690.0,
                686.0,
                680.0,
                676.0,
                674.0,
                662.0,
                652.0,
                648.0,
                642.0,
                634.0,
                630.0,
                602.0,
                582.0,
                564.0,
                548.0,
                536.0,
                518.0,
                512.0,
                506.0,
                504.0,
                492.0,
                486.0,
                486.0
            ]
        }
    },
    "Bainite": {
        "1": {
            "Time": [
                47.827423441632384,
                28.41624063420538,
                21.499881685502256,
                11.85834895371403,
                10.411100414936351,
                8.48530708081347,
                7.877095004170819,
                8.024933709378429,
                9.486800868153143,
                11.639889460002781,
                14.28163492878923,
                27.892744693382944,
                31.18483657128779,
                55.498333986809186,
                73.35175311360452,
                125.77555184745607
            ],
            "Temperature": [
                484.0,
                482.0,
                470.0,
                444.0,
                434.0,
                418.0,
                400.0,
                380.0,
                352.0,
                332.0,
                316.0,
                288.0,
                286.0,
                266.0,
                262.0,
                254.0
            ]
        },
        "99": {
            "Time": [
                8564.563801712524,
                5184.0628210115765,
                4551.375473732019,
                3080.065075311422,
                2245.3218376955265,
                1698.8226724903043,
                1384.5829429565224,
                954.5783377533488,
                807.482731781065,
                749.6037717773496,
                588.6429562033691,
                556.7059220173472,
                556.7059220173472,
                822.6377097876533,
                1149.649026515952,
                1667.5262464544373,
                2557.44434340381,
                2912.955042703796,
                4902.799637969373,
                6851.738941616481,
                9755.125025146128,
                10705.567409767553
            ],
            "Temperature": [
                476.0,
                472.0,
                472.0,
                462.0,
                452.0,
                444.0,
                436.0,
                416.0,
                408.0,
                404.0,
                386.0,
                366.0,
                342.0,
                312.0,
                288.0,
                274.0,
                268.0,
                266.0,
                264.0,
                256.0,
                252.0,
                252.0
            ]
        }
    },
    "C": 0.65,
    "Si": 1.65,
    "Mn": 0.85,
    "P": 0.0175,
    "S": 0.0175,
    "Ms:": 250,
    "Mf:": "",
    "Ac1:": 745,
    "Ac3:": 785,
    "Austenitization Temp:": 850.0,
    "Status": 1
}