{
    "Ferrite": {},
    "Pearlite": {
        "1": {
            "Time": [
                1018.591388054117,
                619.4410750767812,
                452.8975799036209,
                363.0780547701015,
                260.6153549998895,
                190.5460717963248,
                134.27649611378646,
                94.62371613657936,
                71.77942912713624,
                54.45026528424211,
                36.982817978026624,
                27.54228703338167,
                21.281390459827122,
                19.769696401118615,
                22.080047330189004,
                25.585858869056466,
                28.054336379517146,
                39.08408957924022,
                51.522864458175654,
                70.46930689671473,
                118.032063565173,
                183.65383433483464,
                280.5433637951714
            ],
            "Temperature": [
                730.9859154929577,
                721.1267605633802,
                717.1830985915493,
                713.2394366197183,
                709.2957746478874,
                703.3802816901408,
                695.4929577464789,
                685.6338028169014,
                679.7183098591549,
                671.830985915493,
                658.0281690140845,
                650.1408450704225,
                638.3098591549295,
                608.7323943661972,
                589.0140845070423,
                583.0985915492957,
                577.1830985915493,
                557.4647887323944,
                547.6056338028169,
                533.8028169014085,
                510.14084507042253,
                496.3380281690141,
                488.4507042253521
            ]
        },
        "99": {
            "Time": [
                296483.1389524347,
                285759.05433749495,
                136772.88255958498,
                92896.63867799364,
                51522.864458175645,
                18706.821403658018,
                10764.652136298362,
                7870.457896950987,
                5058.246620031143,
                2964.831389524341,
                1940.8858775927783,
                1158.7773561551262,
                787.0457896950992,
                597.035286583837,
                265.46055619755396,
                201.3724249862389,
                155.5965631605076,
                136.7728825595849,
                131.82567385564073,
                149.96848355023727,
                190.5460717963248,
                265.46055619755396,
                436.5158322401662,
                554.6257129579111,
                717.7942912713619,
                981.7479430199849,
                1706.0823890031234,
                2089.2961308540403,
                2606.153549998898,
                3698.281797802666
            ],
            "Temperature": [
                715.2112676056338,
                715.2112676056338,
                713.2394366197183,
                713.2394366197183,
                705.3521126760563,
                703.3802816901408,
                703.3802816901408,
                703.3802816901408,
                701.4084507042253,
                697.4647887323944,
                693.5211267605633,
                687.6056338028169,
                683.661971830986,
                679.7183098591549,
                660.0,
                654.0845070422536,
                638.3098591549295,
                618.5915492957747,
                598.8732394366198,
                585.0704225352113,
                573.2394366197183,
                561.4084507042253,
                535.7746478873239,
                523.943661971831,
                512.112676056338,
                504.22535211267603,
                490.4225352112676,
                488.4507042253521,
                484.50704225352115,
                478.59154929577466
            ]
        }
    },
    "Bainite": {
        "1": {
            "Time": [
                291071.7118066604,
                69183.09709189371,
                15848.931924611134,
                10964.781961431845,
                6081.350012787188,
                3133.2857243155863,
                1644.371723214932,
                619.4410750767812,
                444.6312674691091,
                255.8585886905647,
                177.01089583174215,
                131.82567385564073,
                127.05741052085425,
                129.41958414499874,
                190.5460717963248,
                251.1886431509581,
                390.8408957924019,
                744.7319739059889,
                963.8290236239716,
                1294.1958414499861,
                1472.3125024327194,
                1940.8858775927783,
                2421.02904673618
            ],
            "Temperature": [
                176.90140845070425,
                194.64788732394368,
                224.2253521126761,
                232.11267605633805,
                251.830985915493,
                271.54929577464793,
                291.2676056338028,
                334.6478873239437,
                352.3943661971831,
                378.0281690140845,
                393.80281690140845,
                427.32394366197184,
                439.15492957746477,
                452.9577464788732,
                470.70422535211264,
                478.59154929577466,
                484.50704225352115,
                482.53521126760563,
                480.5633802816901,
                480.5633802816901,
                480.5633802816901,
                480.5633802816901,
                478.59154929577466
            ]
        },
        "99": {
            "Time": [
                280543.36379517155,
                147231.25024327185,
                118032.06356517298,
                86297.8547766971,
                31332.857243155842,
                16143.585568264865,
                10185.913880541173,
                6309.573444801934,
                4875.284901033863,
                4130.47501990161,
                4365.1583224016595,
                4965.923214503361,
                7870.457896950987,
                11168.63247780563,
                15559.656316050767,
                20137.24249862388,
                28054.336379517128,
                44463.12674691093,
                59703.528658383715,
                86297.8547766971,
                131825.6738556407,
                197696.96401118624,
                325087.2973854342
            ],
            "Temperature": [
                423.38028169014086,
                423.38028169014086,
                423.38028169014086,
                419.4366197183098,
                415.49295774647885,
                417.46478873239437,
                417.46478873239437,
                413.5211267605634,
                405.6338028169014,
                391.83098591549293,
                376.056338028169,
                366.19718309859155,
                340.5633802816901,
                324.7887323943662,
                312.9577464788732,
                303.09859154929575,
                291.2676056338028,
                271.54929577464793,
                263.66197183098586,
                253.8028169014084,
                240.0,
                226.1971830985915,
                212.3943661971831
            ]
        }
    },
    "C": 0.9,
    "Mn": 2.0,
    "Cr": 0.4,
    "V": 0.2,
    "Ms:": 160,
    "Mf:": "",
    "Ac1:": 725,
    "Ac3:": 770,
    "Austenitization Temp:": 820.0,
    "Status": 1
}