{
    "Ferrite": {
        "1": {
            "Time": [
                12.307645150940166,
                12.080908533646584,
                10.606497779614019,
                8.972091092984247,
                8.175547077421246,
                7.312478513009147,
                6.663275229392786,
                6.420029329391467,
                6.301756847920012,
                6.9157373751200515,
                8.024933709378429,
                9.664850816283458,
                12.080908533646584,
                15.967250843218162,
                20.715018702889353,
                27.892744693382944,
                49.63953738424998,
                68.0940268272475,
                108.39101184988787,
                172.53512528563493,
                336.96969739311544,
                536.3831185347847,
                990.7459711044243,
                1667.5262464544373,
                3574.068347197285,
                5481.461474392486,
                11532.173586598597,
                29219.96403043252,
                53971.798586889796,
                103467.7119190695,
                177415.0993345642,
                327701.01967221324,
                457967.28471357404,
                551554.14932866
            ],
            "Temperature": [
                940.0,
                938.0,
                918.0,
                896.0,
                878.0,
                858.0,
                834.0,
                814.0,
                780.0,
                758.0,
                738.0,
                718.0,
                696.0,
                672.0,
                652.0,
                636.0,
                614.0,
                602.0,
                582.0,
                572.0,
                550.0,
                538.0,
                526.0,
                518.0,
                508.0,
                506.0,
                496.0,
                478.0,
                474.0,
                470.0,
                466.0,
                460.0,
                458.0,
                458.0
            ]
        }
    },
    "Pearlite": {
        "1": {
            "Time": [
                7519.304255406591,
                5481.461474392486,
                3922.2900290264547,
                3080.065075311422,
                2084.3810674170104,
                1519.4829376380408,
                1149.649026515952,
                1009.3404658363238,
                972.4940319779283,
                1087.2744072754872,
                1309.461900027899,
                1730.706475357391,
                2654.342319892263,
                4551.375473732019,
                6360.618192466829,
                9055.894603318644,
                13888.804735135058,
                20908.506627382532,
                43988.36496251142,
                71334.14213809873,
                101561.58619705461,
                247940.36768854415,
                321663.9736107685,
                640016.4213029081
            ],
            "Temperature": [
                798.0,
                798.0,
                790.0,
                786.0,
                776.0,
                768.0,
                760.0,
                750.0,
                738.0,
                716.0,
                704.0,
                690.0,
                678.0,
                668.0,
                656.0,
                640.0,
                630.0,
                616.0,
                606.0,
                588.0,
                580.0,
                564.0,
                560.0,
                540.0
            ]
        },
        "99": {
            "Time": [
                115679.67663529096,
                63803.60564119235,
                52001.533474014635,
                37209.98445251658,
                22522.90968188463,
                16727.019891104963,
                10906.491382822947,
                9225.857226841952,
                7519.304255406591,
                6980.333583805357,
                7950.670740946755,
                9225.857226841952,
                13135.262665269947,
                19774.108119933648,
                26135.297992906257,
                37908.347988736794,
                70019.99455847856,
                84328.77156029386,
                115679.67663529096,
                202077.5973449258,
                387396.8845733697,
                561905.8146628285,
                928321.7365205437
            ],
            "Temperature": [
                794.0,
                788.0,
                786.0,
                782.0,
                776.0,
                770.0,
                764.0,
                762.0,
                752.0,
                740.0,
                732.0,
                722.0,
                712.0,
                704.0,
                696.0,
                688.0,
                668.0,
                666.0,
                658.0,
                644.0,
                628.0,
                618.0,
                606.0
            ]
        }
    },
    "Bainite": {
        "1": {
            "Time": [
                2203.957574104001,
                1730.706475357391,
                658.1186107653507,
                488.762919554416,
                405.83037478634736,
                391.01535193882603,
                405.83037478634736,
                445.3704512250876,
                610.9458115821773,
                853.8062979397713,
                1309.461900027899,
                2163.3553403799683,
                2967.6258955516137,
                5088.559834578481,
                15819.489442532093,
                25653.822537106444,
                40835.35534869794,
                51043.53934521271,
                97854.03419153523,
                221766.02911837734,
                282406.593211299,
                484239.893373773,
                894432.9283118342
            ],
            "Temperature": [
                218.0,
                224.0,
                264.0,
                284.0,
                302.0,
                322.0,
                336.0,
                344.0,
                352.0,
                352.0,
                354.0,
                354.0,
                350.0,
                350.0,
                356.0,
                356.0,
                356.0,
                360.0,
                360.0,
                358.0,
                358.0,
                360.0,
                364.0
            ]
        },
        "99": {
            "Time": [
                120062.61721255485,
                115679.67663529096,
                78284.2316534962,
                63803.60564119235,
                44813.946336966605,
                37209.98445251658,
                33906.474699029866,
                38619.818534699094,
                43177.99279549184,
                51043.53934521271,
                74036.89265759665,
                97854.03419153523,
                129332.98067818939,
                167789.37964684426
            ],
            "Temperature": [
                214.0,
                214.0,
                226.0,
                232.0,
                246.0,
                262.0,
                278.0,
                300.0,
                308.0,
                316.0,
                324.0,
                324.0,
                324.0,
                324.0
            ]
        }
    },
    "C": 0.58,
    "Si": 0.25,
    "Mn": 0.25,
    "Cr": 4.0,
    "Mo": 0.9,
    "W": 9.0,
    "V": 0.8,
    "Ms:": 210,
    "Mf:": 30,
    "Ac1:": 795,
    "Ac3:": 835,
    "Austenitization Temp:": 1150.0,
    "Status": 1
}