{
    "Ferrite": {
        "1": {
            "Time": [
                0.29372436441613803,
                0.31672484205377405,
                0.3752770259320975,
                0.4794728093884419,
                0.6859448856344644,
                1.0384152984910175,
                1.663449227913123,
                3.2173877996809206,
                5.252032701718738,
                9.072104603876062,
                15.090985398864719,
                21.589512587249477,
                40.21292100517574,
                93.9106551639116,
                165.3031147211245,
                618.3989713853026,
                1647.8466003863382,
                4474.560052462803
            ],
            "Temperature": [
                544.3089430894308,
                586.9918699186992,
                611.3821138211382,
                637.8048780487804,
                664.2276422764228,
                686.5853658536585,
                708.9430894308944,
                721.1382113821138,
                731.30081300813,
                737.3983739837398,
                747.560975609756,
                751.6260162601626,
                757.7235772357724,
                759.7560975609756,
                767.8861788617886,
                776.0162601626016,
                788.2113821138212,
                782.1138211382114
            ]
        }
    },
    "Pearlite": {
        "1": {
            "Time": [
                3996.106994217949,
                1289.7477380918808,
                732.7209489350477,
                185.09482222299033,
                80.7663690983008,
                40.21292100517574,
                25.580715495916134,
                18.56771778698316,
                13.995081869650717,
                9.072104603876062,
                1.9341665171934876,
                1.326731630434297,
                0.6361317421488403,
                0.5789210917469807,
                0.5368799890082775,
                0.8127539190327532,
                0.9813286111640367,
                1.3519748790983979,
                2.3353353304482525,
                3.3409847123670207,
                4.516927402571998
            ],
            "Temperature": [
                729.2682926829268,
                725.2032520325204,
                725.2032520325204,
                713.0081300813008,
                710.9756097560976,
                702.8455284552845,
                694.7154471544716,
                684.5528455284552,
                680.4878048780488,
                674.390243902439,
                639.8373983739837,
                623.5772357723577,
                582.9268292682926,
                566.6666666666666,
                544.3089430894308,
                515.8536585365853,
                511.7886178861788,
                503.6585365853658,
                489.43089430894304,
                489.43089430894304,
                487.3983739837398
            ]
        },
        "99": {
            "Time": [
                3996.106994217949,
                972.1240592339614,
                338.3229931166999,
                195.86231653822614,
                124.59423664076938,
                72.13023150145588,
                52.355602901045074,
                30.88645581686589,
                20.021687663095953,
                12.736431053885175,
                8.102048075066564,
                5.557558440256469,
                4.110696527114971,
                3.535339332694338,
                3.278603887707407,
                3.2173877996809206,
                3.4693296373465268,
                4.110696527114971
            ],
            "Temperature": [
                700.8130081300812,
                698.780487804878,
                694.7154471544716,
                684.5528455284552,
                682.520325203252,
                672.3577235772358,
                666.260162601626,
                660.1626016260162,
                656.0975609756097,
                641.869918699187,
                629.6747967479674,
                621.5447154471544,
                607.3170731707316,
                591.0569105691056,
                574.7967479674796,
                552.4390243902438,
                530.081300813008,
                503.6585365853658
            ]
        }
    },
    "Bainite": {
        "1": {
            "Time": [
                0.29931295294419963,
                0.33514963046951596,
                0.3896934049001003,
                0.4446536156722729,
                0.5170185664526028,
                0.5899360164993799,
                0.6125985846638053,
                0.7122956631644993
            ],
            "Temperature": [
                532.1138211382113,
                507.7235772357723,
                485.36585365853654,
                469.10569105691053,
                450.81300813008124,
                438.61788617886174,
                432.520325203252,
                414.2276422764227
            ]
        },
        "99": {
            "Time": [
                4.870631420010922,
                7.513679400348014,
                9.24471629652668,
                13.995081869650717,
                16.582320059463612
            ],
            "Temperature": [
                483.3333333333333,
                450.81300813008124,
                436.5853658536585,
                404.06504065040644,
                393.9024390243902
            ]
        }
    },
    "C": 0.36,
    "Si": 0.25,
    "Mn": 0.65,
    "P": 0.0125,
    "S": 0.0175,
    "Ms:": 410,
    "Mf:": "",
    "Ac1:": 725,
    "Ac3:": 820,
    "Austenitization Temp:": 850.0,
    "Status": 1
}