{
    "Ferrite": {
        "1": {
            "Time": [
                2047.2468556936194,
                1341.7128354799113,
                692.5091753294392,
                391.81865220516534,
                266.3985857258772,
                159.26768208766643,
                102.47980677365983,
                67.16262464554397,
                44.83278775895622,
                25.366194557577987,
                18.22377303303667,
                12.620130034499109,
                7.545005739286744,
                4.944802340771367,
                3.424320991174662,
                2.4153425010859473,
                1.800193332891545,
                1.2697651529487504,
                1.0762542851272234,
                0.6799027668197501,
                0.6202306035627282,
                0.6675258448514301,
                0.6675258448514301
            ],
            "Temperature": [
                763.3663366336634,
                763.3663366336634,
                761.3861386138614,
                755.4455445544554,
                751.4851485148515,
                739.6039603960396,
                737.6237623762377,
                735.6435643564356,
                725.7425742574258,
                717.8217821782179,
                711.8811881188119,
                701.980198019802,
                692.0792079207921,
                684.1584158415842,
                666.3366336633663,
                652.4752475247525,
                638.6138613861386,
                618.8118811881188,
                604.950495049505,
                581.1881188118812,
                559.4059405940594,
                541.5841584158416,
                533.6633663366337
            ]
        }
    },
    "Pearlite": {
        "1": {
            "Time": [
                2047.2468556936194,
                1179.8003227449656,
                863.3168407011585,
                453.8526688381783,
                281.4933147220583,
                150.72715066745482,
                82.20412614574907,
                64.73962996609892,
                45.66405432338167,
                29.382253839710096,
                17.246545863385364,
                11.512515098225249,
                8.120344758216852,
                4.3480834671045105,
                3.552482235634559,
                2.244211739236357,
                1.612303543642963,
                1.341712835479912,
                1.0185414872903906,
                0.9817960411806925,
                1.0185414872903906,
                1.1583232862547106,
                1.2933084873939305,
                1.8335715946935995,
                2.371373705661656,
                3.823374228940031,
                5.129870277811951,
                6.8828127960871965
            ],
            "Temperature": [
                700.0,
                705.940594059406,
                705.940594059406,
                700.0,
                700.0,
                700.0,
                694.059405940594,
                690.09900990099,
                686.1386138613861,
                680.1980198019802,
                672.2772277227723,
                664.3564356435644,
                654.4554455445544,
                632.6732673267327,
                624.7524752475247,
                610.8910891089108,
                589.1089108910892,
                575.2475247524753,
                543.5643564356435,
                537.6237623762377,
                527.7227722772277,
                509.9009900990099,
                501.980198019802,
                480.1980198019802,
                472.2772277227723,
                464.35643564356434,
                464.35643564356434,
                464.35643564356434
            ]
        },
        "99": {
            "Time": [
                1937.46578858198,
                1037.4267613317209,
                731.7482662596113,
                406.48315538656436,
                225.79972270736855,
                130.12528752211463,
                93.48559163176567,
                67.16262464554397,
                51.930862048914115,
                35.96259845164042,
                22.718673948329638,
                14.352081556747688,
                12.164839490258505,
                8.270908027344918,
                5.521044868641892,
                4.679643463562064,
                4.594455426662338,
                4.854787362590349,
                5.224985702369354,
                6.052222609402345,
                6.8828127960871965
            ],
            "Temperature": [
                672.2772277227723,
                674.2574257425742,
                678.2178217821782,
                678.2178217821782,
                670.2970297029703,
                662.3762376237623,
                656.4356435643565,
                650.4950495049504,
                646.5346534653465,
                638.6138613861386,
                626.7326732673267,
                610.8910891089108,
                604.950495049505,
                595.049504950495,
                565.3465346534654,
                543.5643564356435,
                533.6633663366337,
                517.8217821782177,
                505.94059405940595,
                492.0792079207921,
                482.1782178217822
            ]
        }
    },
    "Bainite": {
        "1": {
            "Time": [
                1.0,
                1.0762542851272234,
                1.391928801549125,
                1.6421980493056707,
                1.9733892858765425,
                2.5057409484084525,
                3.618350539855915,
                4.679643463562064,
                6.164439817993193
            ],
            "Temperature": [
                462.3762376237624,
                454.45544554455444,
                436.63366336633663,
                424.7524752475248,
                414.8514851485149,
                400.990099009901,
                373.26732673267327,
                363.3663366336634,
                343.5643564356436
            ]
        },
        "99": {
            "Time": [
                8.120344758216852,
                13.092460629275585,
                18.22377303303667,
                23.568960335966956,
                33.41459258151926,
                51.930862048914115,
                72.28406257515795,
                90.11295555144581,
                108.28653771637272
            ],
            "Temperature": [
                462.3762376237624,
                428.71287128712873,
                410.8910891089109,
                395.0495049504951,
                379.2079207920792,
                361.38613861386136,
                347.5247524752475,
                343.5643564356436,
                337.62376237623766
            ]
        }
    },
    "C": 0.46,
    "Si": 0.25,
    "Mn": 0.65,
    "P": 0.0225,
    "S": 0.0225,
    "Cr": 0.2,
    "Mo": 0.05,
    "Ni": 0.2,
    "Cu": 0.15,
    "Ms:": 330,
    "Mf:": "",
    "Ac1:": 730,
    "Ac3:": 795,
    "Austenitization Temp:": 850.0,
    "Status": 1
}