{
    "Ferrite": {
        "1": {
            "Time": [
                0.6760199524761186,
                0.701703828670383,
                0.7847599703514614,
                0.8941636362467864,
                1.1826997198197637,
                1.5354469561408155,
                2.06913808111479,
                2.6862708388625602,
                3.973656145833148,
                5.878016072274913,
                8.534421519231943,
                12.862095826700804,
                20.120729601238313,
                29.763514416313175,
                48.329302385717554,
                68.87421788376713,
                120.49573077773083,
                278.83297313507154,
                506.35306284207036,
                902.5381886321305,
                1974.9065886699234
            ],
            "Temperature": [
                524.0,
                540.0,
                560.0,
                580.0,
                602.0,
                622.0,
                640.0,
                652.0,
                674.0,
                684.0,
                694.0,
                708.0,
                720.0,
                722.0,
                724.0,
                730.0,
                738.0,
                752.0,
                752.0,
                756.0,
                756.0
            ]
        }
    },
    "Pearlite": {
        "1": {
            "Time": [
                1902.6207406437711,
                1087.5199859403797,
                587.8016072274913,
                390.02560339718707,
                244.7169028802865,
                159.37828519674613,
                107.7429007844296,
                77.02641338990665,
                60.44724588814256,
                44.02756798419291,
                28.14444653112492,
                17.658896565728348,
                14.931005960176822,
                10.875199859403798,
                7.490208846460908,
                3.1183662791909224,
                2.271304198221957,
                1.782428615255812,
                1.1826997198197637,
                1.0977054740581866,
                1.0,
                1.0575270820620952,
                1.1608532669443428,
                1.3729408335669313,
                1.5643430022865399,
                1.74950416106475,
                2.1477503855438775,
                2.84080416185082,
                3.359818286283783,
                4.788086011515862,
                5.45559478116852,
                7.082758421520123
            ],
            "Temperature": [
                702.0,
                698.0,
                700.0,
                700.0,
                698.0,
                692.0,
                686.0,
                682.0,
                678.0,
                674.0,
                668.0,
                660.0,
                658.0,
                652.0,
                642.0,
                614.0,
                600.0,
                586.0,
                552.0,
                540.0,
                520.0,
                510.0,
                506.0,
                500.0,
                494.0,
                490.0,
                480.0,
                478.0,
                476.0,
                472.0,
                472.0,
                468.0
            ]
        },
        "99": {
            "Time": [
                1867.4761357591062,
                1047.7144048156379,
                735.1852092122447,
                428.13323987193957,
                249.32230516395805,
                181.5972684825852,
                129.82559566132375,
                75.60360599248737,
                48.329302385717554,
                32.67157270199673,
                22.92576765367387,
                16.69829252154458,
                12.391315330265854,
                9.544585770737456,
                8.222043252599189,
                6.69747237839933,
                5.878016072274913,
                5.255908225102389,
                4.527624958955632,
                4.612831718603875,
                4.969998701928067,
                5.662867984292738,
                6.1013382338697495,
                6.823514160651686
            ],
            "Temperature": [
                666.0,
                666.0,
                668.0,
                668.0,
                664.0,
                660.0,
                654.0,
                646.0,
                640.0,
                634.0,
                626.0,
                616.0,
                604.0,
                594.0,
                588.0,
                580.0,
                572.0,
                564.0,
                552.0,
                524.0,
                518.0,
                498.0,
                488.0,
                478.0
            ]
        }
    },
    "Bainite": {
        "1": {
            "Time": [
                0.9456022611260966,
                1.274274985703134,
                1.74950416106475,
                2.06913808111479,
                2.447169028802865,
                3.4230477347863344,
                3.8282117456201097,
                4.878194467418633,
                5.3548207704057935,
                6.452330419138173
            ],
            "Temperature": [
                464.0,
                444.0,
                424.0,
                410.0,
                400.0,
                382.0,
                374.0,
                364.0,
                358.0,
                346.0
            ]
        },
        "99": {
            "Time": [
                7.631169378899255,
                9.907211102080499,
                13.602014668813952,
                15.211997130533991,
                19.384267426027307,
                31.47572255259679,
                40.86354429261441,
                66.35327270315531,
                89.41636362467867,
                101.88193060204124
            ],
            "Temperature": [
                464.0,
                446.0,
                430.0,
                426.0,
                412.0,
                384.0,
                374.0,
                356.0,
                342.0,
                338.0
            ]
        }
    },
    "C": 0.46,
    "Si": 0.25,
    "Mn": 0.65,
    "P": 0.0125,
    "S": 0.0175,
    "Cr": 0.2,
    "Mo": 0.05,
    "Ni": 0.2,
    "Cu": 0.15,
    "Ms:": 340,
    "Mf:": "",
    "Ac1:": 730,
    "Ac3:": 795,
    "Austenitization Temp:": 850.0,
    "Status": 1
}