{
    "Ferrite": {
        "1": {
            "Time": [
                1.0373256560072663,
                1.1578718017283964,
                1.2924264443608549,
                1.7012542798525894,
                2.1588253376054625,
                2.8942661247167507,
                4.331165454907079,
                4.92388263170674,
                8.53167852417281,
                10.826367338740544,
                16.500861965116812,
                21.720510410396567,
                31.33438824225659,
                45.20353656360244,
                61.72355455312177,
                90.69005842828604,
                133.25037349635224,
                226.69276820262516,
                471.78057248814565,
                680.5989060193423,
                1340.667109237761,
                3002.29650648141,
                3880.2473987887847,
                7643.444644493236,
                8850.129021930656
            ],
            "Temperature": [
                539.1549295774648,
                562.8169014084507,
                574.6478873239437,
                600.2816901408451,
                614.0845070422536,
                629.8591549295775,
                651.5492957746478,
                657.4647887323944,
                683.0985915492957,
                692.9577464788732,
                702.8169014084507,
                708.7323943661972,
                716.6197183098591,
                720.5633802816901,
                724.5070422535211,
                732.3943661971831,
                736.338028169014,
                744.2253521126761,
                750.1408450704225,
                756.056338028169,
                756.056338028169,
                758.0281690140845,
                760.0,
                761.9718309859155,
                761.9718309859155
            ]
        }
    },
    "Pearlite": {
        "1": {
            "Time": [
                8224.686697725941,
                4575.909784118348,
                3880.2473987887847,
                2592.9437974046646,
                1898.9546308852327,
                1390.7083885774261,
                912.4565678833344,
                632.5006963122188,
                463.21487087472553,
                272.27844559183865,
                192.22931955419773,
                126.12342501679443,
                82.7507394546131,
                48.64101765068495,
                34.340690116291604,
                26.088290592128537,
                18.418403770288634,
                15.907118337966976,
                12.535545456680975,
                10.06126342508498,
                7.234632010364714,
                6.363756122146909,
                5.396292607251306,
                4.331165454907079,
                3.41315883159093,
                2.947786470398525,
                2.1196294597847745,
                1.7973882977919378,
                1.5810259274503216,
                1.3654585292519161,
                1.4426174914958871,
                1.7647547118832563,
                2.409699373378499
            ],
            "Temperature": [
                716.6197183098591,
                716.6197183098591,
                712.6760563380282,
                710.7042253521126,
                710.7042253521126,
                710.7042253521126,
                706.7605633802817,
                704.7887323943662,
                700.8450704225352,
                694.9295774647887,
                694.9295774647887,
                694.9295774647887,
                690.9859154929577,
                679.1549295774648,
                671.2676056338028,
                669.2957746478874,
                663.3802816901408,
                661.4084507042253,
                657.4647887323944,
                649.5774647887324,
                639.7183098591549,
                635.7746478873239,
                629.8591549295775,
                620.0,
                610.1408450704225,
                602.2535211267606,
                576.6197183098591,
                564.7887323943662,
                550.9859154929577,
                537.1830985915493,
                527.3239436619718,
                513.5211267605634,
                499.71830985915494
            ]
        },
        "99": {
            "Time": [
                7.103279210572944,
                6.723357536499338,
                5.80665107006073,
                5.496080060545138,
                5.496080060545138,
                7.103279210572944,
                9.699233183734641,
                16.805993490127044,
                21.720510410396567,
                37.63542433143221,
                74.1355519339077,
                160.0457079322857,
                315.26353436922915,
                526.6055248164773,
                2322.99216685104,
                6481.433769196428,
                8850.129021930656
            ],
            "Temperature": [
                497.7464788732394,
                503.6619718309859,
                519.4366197183099,
                535.2112676056338,
                552.9577464788732,
                586.4788732394366,
                604.2253521126761,
                620.0,
                633.8028169014085,
                649.5774647887324,
                657.4647887323944,
                663.3802816901408,
                667.3239436619718,
                669.2957746478874,
                683.0985915492957,
                690.9859154929577,
                690.9859154929577
            ]
        }
    },
    "Bainite": {
        "1": {
            "Time": [
                1.4164251646069603,
                1.6400387573569013,
                2.3659485980942447,
                4.575909784118349,
                6.1347717424067385,
                11.230468601834675,
                16.805993490127044,
                33.10502340072369,
                50.45657554335777
            ],
            "Temperature": [
                478.0281690140845,
                466.19718309859155,
                450.4225352112676,
                409.01408450704224,
                391.2676056338028,
                369.5774647887324,
                351.830985915493,
                330.14084507042253,
                308.45070422535207
            ]
        },
        "99": {
            "Time": [
                11.865076892213002,
                16.500861965116812,
                27.06205315258792,
                61.72355455312177,
                222.57690857724245,
                454.80468911186443
            ],
            "Temperature": [
                468.169014084507,
                452.3943661971831,
                428.7323943661972,
                395.2112676056338,
                332.11267605633805,
                296.6197183098592
            ]
        }
    },
    "C": 0.56,
    "Si": 0.25,
    "Mn": 0.75,
    "P": 0.0125,
    "S": 0.03,
    "Cr": 0.2,
    "Mo": 0.05,
    "Ni": 0.2,
    "Cu": 0.15,
    "Ms:": 300,
    "Mf:": "",
    "Ac1:": 770,
    "Ac3:": 825,
    "Austenitization Temp:": 840.0,
    "Status": 1
}