{
    "Ferrite": {
        "1": {
            "Time": [
                8629.785477669699,
                666.8067692136227,
                183.65383433483464,
                122.46161992650488,
                70.46930689671473,
                33.11311214825912,
                24.660393372343396,
                11.803206356517299,
                6.792036326171848,
                4.207266283844442,
                3.0760968147407084,
                2.2908676527677736,
                1.5559656316050745,
                1.137627285823431,
                1.018591388054117
            ],
            "Temperature": [
                759.8684210526316,
                751.9736842105264,
                744.078947368421,
                740.1315789473684,
                728.2894736842105,
                720.3947368421052,
                712.5,
                698.6842105263158,
                678.9473684210526,
                655.2631578947369,
                637.5,
                625.6578947368421,
                601.9736842105262,
                572.3684210526317,
                536.8421052631579
            ]
        }
    },
    "Pearlite": {
        "1": {
            "Time": [
                8472.274141405973,
                2910.717118066605,
                666.8067692136227,
                107.64652136298356,
                40.55085354483839,
                13.677288255958498,
                8.472274141405968,
                5.152286445817566,
                3.250872973854344,
                1.8030177408595693,
                1.5275660582380728,
                1.2941958414499863,
                1.5559656316050745,
                2.0137242498623884,
                2.754228703338167,
                3.7670379898390896,
                5.97035286583837,
                6.426877173170197,
                11.168632477805613
            ],
            "Temperature": [
                720.3947368421052,
                718.421052631579,
                712.5,
                696.7105263157895,
                684.8684210526316,
                661.1842105263158,
                643.421052631579,
                631.578947368421,
                615.7894736842105,
                580.2631578947369,
                560.5263157894738,
                532.8947368421052,
                511.1842105263158,
                493.42105263157896,
                485.5263157894737,
                481.5789473684211,
                473.6842105263158,
                473.6842105263158,
                467.7631578947369
            ]
        },
        "99": {
            "Time": [
                8953.64765549594,
                405.508535448384,
                118.032063565173,
                57.5439937337157,
                29.648313895243433,
                22.49054605835781,
                16.44371723214932,
                9.462371613657934,
                7.726805850957026,
                6.668067692136224,
                5.75439937337157,
                6.792036326171848,
                7.726805850957026,
                9.999999999999998
            ],
            "Temperature": [
                692.7631578947369,
                675.0,
                671.0526315789474,
                655.2631578947369,
                643.421052631579,
                633.5526315789474,
                619.7368421052631,
                600.0,
                588.1578947368421,
                568.421052631579,
                536.8421052631579,
                509.2105263157895,
                499.3421052631579,
                481.5789473684211
            ]
        }
    },
    "Bainite": {
        "1": {
            "Time": [
                2.1281390459827123,
                16.14358556826486,
                47.863009232263856
            ],
            "Temperature": [
                444.0789473684211,
                347.36842105263156,
                311.8421052631579
            ]
        },
        "99": {
            "Time": [
                12.022644346174129,
                58.6138164514029,
                398.10717055349727
            ],
            "Temperature": [
                469.7368421052632,
                392.7631578947369,
                303.9473684210526
            ]
        }
    },
    "C": 0.55,
    "Si": 0.25,
    "Mn": 0.75,
    "P": 0.0125,
    "S": 0.0125,
    "Cr": 0.2,
    "Mo": 0.05,
    "Ni": 0.2,
    "Ms:": 300,
    "Mf:": "",
    "Ac1:": 770,
    "Ac3:": 825,
    "Austenitization Temp:": 840.0,
    "Status": 1
}