{
    "Ferrite": {
        "1": {
            "Time": [
                62180.0108732091,
                29393.680434473787,
                12681.616133864967,
                8329.806647658266,
                6105.402296585329,
                4084.238652674518,
                2360.5645078046846,
                1339.627724518015,
                577.9692884153311,
                263.411614754118,
                152.24382353977097,
                115.74228805920572,
                71.96856730011523,
                52.74997063702618,
                39.37658923564386,
                24.040991835099717,
                12.915496650148839,
                8.48342898244072,
                7.066532313287153,
                5.886284783911128,
                3.9376589235643875,
                3.5287350208467525,
                2.8861404414300895,
                2.586416205275969,
                2.1941678196492505
            ],
            "Temperature": [
                705.8823529411765,
                709.8039215686274,
                705.8823529411765,
                703.9215686274509,
                700.0,
                700.0,
                700.0,
                703.9215686274509,
                698.0392156862745,
                692.156862745098,
                690.1960784313726,
                690.1960784313726,
                686.2745098039215,
                684.313725490196,
                682.3529411764706,
                676.4705882352941,
                668.6274509803922,
                662.7450980392157,
                658.8235294117648,
                652.9411764705883,
                637.2549019607843,
                633.3333333333334,
                623.5294117647059,
                609.8039215686274,
                588.2352941176471
            ]
        }
    },
    "Pearlite": {
        "1": {
            "Time": [
                63326.76479574184,
                19663.045929337633,
                1136.4636663857243,
                173.0195738845894,
                70.66532313287152,
                34.02091827967107,
                25.39580038320829,
                17.301957388458945,
                8.48342898244072,
                6.568410965708358,
                5.471359332670896,
                3.2799937477717527,
                2.7321713724466705,
                2.3178181806008924,
                1.668100537200059,
                1.6988644564620479,
                1.7946024402973164,
                2.0395004690050573,
                2.3178181806008924,
                2.782559402207125,
                2.8338767124544275,
                4.236274826185522,
                5.274997063702618,
                6.938567878737186,
                13.396277245180155,
                18.614066873551216,
                40.102791394952064
            ],
            "Temperature": [
                684.313725490196,
                682.3529411764706,
                680.3921568627451,
                674.5098039215686,
                670.5882352941177,
                668.6274509803922,
                662.7450980392157,
                650.9803921568628,
                639.2156862745098,
                633.3333333333334,
                625.4901960784314,
                609.8039215686274,
                600.0,
                590.1960784313726,
                549.0196078431372,
                533.3333333333334,
                513.7254901960785,
                500.0,
                486.2745098039216,
                472.54901960784315,
                470.5882352941177,
                456.8627450980392,
                452.94117647058823,
                450.98039215686276,
                449.0196078431373,
                447.05882352941177,
                445.0980392156863
            ]
        },
        "99": {
            "Time": [
                57796.928841533096,
                2154.4346900318837,
                681.2920690579614,
                366.00925186639944,
                211.54210685465083,
                133.96277245180158,
                76.02429140842622,
                48.14372420784345,
                36.60092518663997,
                24.484367468222263,
                13.643337888343607,
                11.574228805920573,
                10.372250954070573,
                10.372250954070573,
                11.36463666385725,
                13.396277245180155,
                15.505157798326248,
                17.946024402973162,
                21.9416781964925,
                31.62277660168379,
                37.275937203149404,
                44.7500629725045
            ],
            "Temperature": [
                670.5882352941177,
                664.7058823529412,
                662.7450980392157,
                660.7843137254902,
                660.7843137254902,
                658.8235294117648,
                650.9803921568628,
                637.2549019607843,
                629.4117647058823,
                613.7254901960785,
                594.1176470588235,
                572.5490196078431,
                545.0980392156863,
                529.4117647058824,
                515.686274509804,
                501.9607843137255,
                494.11764705882354,
                486.2745098039216,
                478.4313725490196,
                460.7843137254902,
                456.8627450980392,
                449.0196078431373
            ]
        }
    },
    "Bainite": {
        "1": {
            "Time": [
                3.8663537521924116,
                5.274997063702618,
                6.1054022965853285,
                6.938567878737186,
                8.639884494839686,
                13.396277245180155,
                15.791111439617412,
                26.826957952797255,
                30.48786299301165,
                50.85682063672452,
                65.6841096570836,
                91.26777442042871,
                223.46337269165932
            ],
            "Temperature": [
                443.1372549019608,
                417.64705882352945,
                409.80392156862746,
                396.07843137254906,
                380.39215686274514,
                358.82352941176475,
                349.0196078431373,
                325.4901960784314,
                313.72549019607845,
                296.07843137254906,
                288.2352941176471,
                274.5098039215686,
                247.05882352941182
            ]
        },
        "99": {
            "Time": [
                53.72281118324029,
                103.72250954070574,
                203.95004690050558,
                288.6140441430089,
                408.4238652674521,
                537.2281118324029,
                746.4760408417116,
                1200.5080577484075,
                1730.1957388458943,
                2360.5645078046846,
                3105.0134951248606,
                3402.091827967104
            ],
            "Temperature": [
                437.2549019607843,
                401.9607843137255,
                358.82352941176475,
                349.0196078431373,
                333.33333333333337,
                321.5686274509804,
                307.843137254902,
                284.31372549019613,
                270.5882352941177,
                256.8627450980392,
                241.17647058823536,
                237.2549019607843
            ]
        }
    },
    "C": 0.61,
    "Si": 0.25,
    "Mn": 0.75,
    "P": 0.0125,
    "S": 0.03,
    "Cr": 0.2,
    "Mo": 0.05,
    "Ni": 0.2,
    "Cu": 0.15,
    "Ms:": 230,
    "Mf:": "",
    "Ac1:": 725,
    "Ac3:": 770,
    "Austenitization Temp:": 810.0,
    "Status": 1
}