{
    "Ferrite": {
        "1": {
            "Time": [
                1.4475799869555956,
                1.7416619158620708,
                2.2985067481815196,
                3.147690098106773,
                4.003221666659723,
                6.239944441689819,
                9.90795295371942,
                18.240812395696505,
                30.05464804902062,
                39.66373193657478,
                84.6663511318905,
                113.82165592043316,
                213.46037550697002,
                364.9631328868355,
                723.4986931682569,
                1066.8723256342962,
                1516.0826983319616,
                2194.650972674984,
                3822.3400177176677,
                5332.214733067252,
                8785.674324568325,
                14475.799869555965,
                37177.580656610604,
                92014.32015283853
            ],
            "Temperature": [
                576.7441860465117,
                604.6511627906976,
                626.578073089701,
                634.5514950166113,
                642.5249169435216,
                652.4916943521595,
                664.4518272425249,
                674.4186046511628,
                682.3920265780731,
                688.3720930232558,
                696.3455149501661,
                696.3455149501661,
                698.3388704318937,
                706.312292358804,
                712.2923588039868,
                718.2724252491694,
                718.2724252491694,
                720.265780730897,
                724.2524916943521,
                724.2524916943521,
                724.2524916943521,
                730.2325581395348,
                732.2259136212624,
                734.21926910299
            ]
        }
    },
    "Pearlite": {
        "1": {
            "Time": [
                90328.18693504985,
                7168.391013988568,
                225.63873414089383,
                14.342554407501815,
                5.381752172193698,
                2.765458007663463,
                2.1346037550696986,
                1.7741730744509603,
                1.5878271106907935,
                1.344355276904818,
                1.3694500138392418,
                1.7416619158620708,
                2.3851189347805932,
                2.81708010667087,
                4.154070813508868,
                5.794983568003637,
                9.03281869350499,
                11.277396119740912
            ],
            "Temperature": [
                718.2724252491694,
                710.2990033222592,
                686.3787375415283,
                654.485049833887,
                634.5514950166113,
                610.6312292358804,
                598.671096345515,
                584.717607973422,
                578.7375415282393,
                566.7774086378738,
                524.9169435215947,
                497.00996677740864,
                473.0897009966777,
                465.1162790697675,
                457.14285714285717,
                449.16943521594686,
                447.1760797342193,
                445.1827242524917
            ]
        },
        "99": {
            "Time": [
                90328.18693504985,
                1107.0741414516008,
                144.7579986955596,
                89.49674265472474,
                66.57224038334418,
                41.15833818666482,
                28.96325644291159,
                20.381537757266674,
                16.32493292790763,
                12.143317475937913,
                11.070741414516009,
                10.867873591186369,
                11.702350250437908,
                12.600901200671299,
                14.07973164932397,
                18.58130898644451,
                22.3561796240478,
                27.400027835416232,
                38.22340017717667
            ],
            "Temperature": [
                708.3056478405316,
                688.3720930232558,
                670.4318936877077,
                662.4584717607974,
                656.4784053156146,
                650.4983388704319,
                640.531561461794,
                630.5647840531561,
                620.5980066445183,
                590.6976744186047,
                570.764119601329,
                540.8637873754153,
                510.96345514950167,
                493.0232558139535,
                483.0564784053156,
                469.1029900332226,
                461.1295681063123,
                457.14285714285717,
                447.1760797342193
            ]
        }
    },
    "Bainite": {
        "1": {
            "Time": [
                5.584547018776936,
                10.47322228818895,
                20.381537757266674,
                40.40412470021797,
                99.99999999999997,
                217.4449858709831
            ],
            "Temperature": [
                421.2624584717608,
                377.4086378737542,
                341.5282392026578,
                311.6279069767442,
                279.73421926910305,
                257.8073089700997
            ]
        },
        "99": {
            "Time": [
                54.31749824945831,
                309.00096759191587,
                870.4804787452366,
                2640.5034969821822,
                4270.926409538856
            ],
            "Temperature": [
                435.2159468438538,
                355.48172757475083,
                311.6279069767442,
                269.76744186046517,
                257.8073089700997
            ]
        }
    },
    "C": 0.685,
    "SI": 0.25,
    "Mn": 0.75,
    "P": 0.0225,
    "S": 0.0225,
    "Ms:": 250,
    "Mf:": "",
    "Ac1:": 735,
    "Ac3:": 775,
    "Austenitization Temp:": 810.0,
    "Austenitization Time:": 1200.0,
    "Status": 1
}