{
    "Ferrite": {
        "1": {
            "Time": [
                3.1874163023189213,
                8.726755729529444,
                24.351176301909074,
                43.8900309611692,
                76.15626556287498,
                113.50647397658453,
                153.84031174947717,
                299.1771861390399,
                472.0660315490496,
                773.7189231632773,
                1854.4946492165732
            ],
            "Temperature": [
                683.6734693877551,
                712.2448979591836,
                720.4081632653061,
                734.6938775510204,
                740.8163265306123,
                740.8163265306123,
                740.8163265306123,
                746.9387755102041,
                746.9387755102041,
                746.9387755102041,
                744.8979591836735
            ]
        }
    },
    "Pearlite": {
        "1": {
            "Time": [
                1890.0734409430995,
                165.99023162290234,
                66.67054038685275,
                19.757677895696926,
                5.426570468342094,
                3.1874163023189213,
                1.670450314413494,
                1.1207753469666004,
                0.8113644142171473,
                0.7664020738465532,
                0.7664020738465532,
                0.8427953791445342,
                1.2561373783681034,
                1.6081530278543696,
                2.489708807814539,
                3.8545149872830557,
                7.3548694037705,
                11.172311955257872,
                35.61080926078151,
                70.58188618282625
            ],
            "Temperature": [
                730.6122448979592,
                728.5714285714286,
                724.4897959183673,
                708.1632653061224,
                687.7551020408164,
                679.5918367346939,
                655.1020408163265,
                632.6530612244898,
                604.0816326530612,
                577.5510204081633,
                544.8979591836735,
                514.2857142857142,
                483.6734693877551,
                469.3877551020408,
                451.0204081632653,
                442.85714285714283,
                432.65306122448976,
                424.48979591836735,
                406.1224489795918,
                393.87755102040813
            ]
        },
        "99": {
            "Time": [
                1854.4946492165732,
                390.36583583011077,
                175.72834370154592,
                67.94962591655259,
                43.06384387414312,
                24.818357714542163,
                15.142325313654325,
                7.935738442055064,
                3.010783344086557,
                2.586156160997177,
                3.1274162947481314,
                4.238724725549126,
                5.744929873631833,
                7.6397853283843125,
                11.172311955257872,
                27.81580347865719,
                56.189623363108524
            ],
            "Temperature": [
                714.2857142857142,
                716.3265306122449,
                704.0816326530612,
                687.7551020408164,
                681.6326530612245,
                673.469387755102,
                663.2653061224489,
                630.6122448979592,
                575.5102040816327,
                548.9795918367347,
                516.3265306122448,
                500.0,
                485.7142857142857,
                471.42857142857144,
                459.18367346938777,
                430.61224489795916,
                410.2040816326531
            ]
        }
    },
    "Bainite": {
        "1": {
            "Time": [
                7.3548694037705,
                30.01262549258403,
                57.267630737070235,
                93.86197401368041,
                179.09972152873223,
                272.0589381224106,
                615.9508796469743
            ],
            "Temperature": [
                381.63265306122446,
                336.734693877551,
                314.2857142857143,
                295.91836734693874,
                267.34693877551024,
                253.0612244897959,
                206.1224489795918
            ]
        },
        "99": {
            "Time": [
                103.21793308710792,
                189.60692514215265,
                499.76062465130394,
                953.6022403814782,
                1718.7519541592833,
                2711.9862469729605,
                7860.69232303285
            ],
            "Temperature": [
                381.63265306122446,
                348.9795918367347,
                314.2857142857143,
                289.7959183673469,
                267.34693877551024,
                251.0204081632653,
                208.1632653061224
            ]
        }
    },
    "C": 0.76,
    "Si": 0.22,
    "Mn": 0.29,
    "Cr": 0.11,
    "Mo": 0.02,
    "Ni": 0.07,
    "V": 0.02,
    "Cu": 0.17,
    "Ms:": 205,
    "Mf:": 20,
    "Ac1:": 720,
    "Ac3:": 740,
    "Austenitization Temp:": 860.0,
    "Austenitization Time:": 600.0,
    "Status": 1
}