{
    "Ferrite": {
        "1": {
            "Time": [
                1932.428981779478,
                114.80095585240625,
                33.77616629739857,
                3.6646516436315753,
                3.212269610437351
            ],
            "Temperature": [
                741.3294797687861,
                739.3063583815028,
                727.1676300578034,
                688.7283236994219,
                684.6820809248554
            ]
        }
    },
    "Pearlite": {
        "1": {
            "Time": [
                1861.0359749743643,
                98.7530252092479,
                20.705050508867103,
                5.046581312912245,
                3.2733042624148,
                2.0065607649915065,
                1.2772238803298999,
                1.0,
                0.7978244783853167,
                0.7399626674134223,
                0.7126249694963014,
                0.7261651832013788,
                0.7978244783853167,
                0.8932102095169517,
                1.0781955813719,
                1.3014917421494465,
                1.4032626455775494,
                1.6008832956777905,
                1.89639654454829,
                1.9324289817794795,
                3.0359095501484394,
                4.593305599056461,
                6.091736989390872,
                8.078987724120905
            ],
            "Temperature": [
                729.1907514450867,
                727.1676300578034,
                708.9595375722544,
                686.7052023121387,
                676.5895953757225,
                664.4508670520231,
                638.150289017341,
                621.9653179190751,
                593.6416184971098,
                579.4797687861271,
                567.3410404624277,
                539.0173410404624,
                522.8323699421965,
                510.69364161849705,
                490.4624277456647,
                476.3005780346821,
                466.18497109826586,
                460.11560693641616,
                447.97687861271675,
                445.9537572254335,
                435.8381502890173,
                429.7687861271676,
                427.7456647398844,
                423.69942196531787
            ]
        },
        "99": {
            "Time": [
                1896.396544548287,
                239.19196906438555,
                123.777883337335,
                75.87679737879455,
                51.103055346598595,
                31.921786856400626,
                19.940108652883037,
                12.223440433559201,
                8.710728866104985,
                6.568083904841001,
                4.423607306915637,
                2.9237487860442544,
                2.815731767594092,
                2.979301404991891,
                3.6646516436315753,
                4.76951385204089,
                6.445614166878138,
                10.318676050139327,
                14.754935987300794,
                19.940108652883037,
                35.071886585854614,
                42.33533466628743,
                52.074037728628255,
                74.46198422672857,
                96.91165757514958
            ],
            "Temperature": [
                713.0057803468208,
                710.9826589595375,
                700.8670520231213,
                696.820809248555,
                694.7976878612717,
                680.635838150289,
                666.4739884393064,
                648.2658959537572,
                632.0809248554913,
                623.9884393063584,
                601.7341040462427,
                565.3179190751445,
                547.1098265895953,
                526.878612716763,
                496.53179190751445,
                488.4393063583815,
                474.2774566473988,
                462.1387283236994,
                447.97687861271675,
                435.8381502890173,
                423.69942196531787,
                419.6531791907514,
                411.56069364161846,
                401.44508670520224,
                393.35260115606934
            ]
        }
    },
    "Bainite": {
        "1": {
            "Time": [
                8.38891361127338,
                601.5774564814245
            ],
            "Temperature": [
                375.14450867052017,
                213.2947976878612
            ]
        },
        "99": {
            "Time": [
                100.62937970507929,
                114.80095585240625,
                149.41249603276992,
                205.75552159368027,
                590.3603291537206,
                4680.5805923364605,
                7780.5119555389765
            ],
            "Temperature": [
                389.30635838150283,
                363.00578034682076,
                356.93641618497105,
                348.8439306358381,
                302.31213872832365,
                225.43352601156062,
                207.22543352601144
            ]
        }
    },
    "C": 0.76,
    "Si": 0.22,
    "Mn": 0.29,
    "Cr": 0.11,
    "Mo": 0.02,
    "Ni": 0.07,
    "V": 0.02,
    "Cu": 0.17,
    "Ms:": 210,
    "Mf:": 30,
    "Ac1:": 720,
    "Ac3:": 740,
    "Austenitization Temp:": 860.0,
    "Austenitization Time:": 600.0,
    "Status": 1
}