{
    "Ferrite": {
        "1": {
            "Time": [
                0.3099214836091842,
                0.34011715133949216,
                0.38026009617225753,
                0.5941411556255792,
                0.9112198029079466,
                2.8328313944494523,
                4.186041208435085,
                6.9157373751200515,
                14.018532641270964,
                38.980545630327455,
                85.11644157007198,
                223.83742713701503,
                735.7942557051126,
                1667.5262464544373,
                4147.303462134147
            ],
            "Temperature": [
                547.7732793522267,
                580.161943319838,
                598.3805668016194,
                648.9878542510121,
                677.3279352226721,
                715.7894736842105,
                723.8866396761134,
                734.0080971659919,
                744.1295546558704,
                754.251012145749,
                758.2995951417004,
                768.421052631579,
                778.5425101214576,
                778.5425101214576,
                786.6396761133603
            ]
        }
    },
    "Pearlite": {
        "1": {
            "Time": [
                3995.9042585149778,
                203.96509623921256,
                19.95880750127167,
                3.9589260450427264,
                1.505421598626802,
                0.8459051497874116,
                0.6642657451654531,
                0.5413931867286399,
                0.5515541493286598,
                0.7566054201984158,
                1.037888596378792,
                1.6216593228434961,
                2.4870993610759164,
                3.475760137530578,
                4.033227865726862
            ],
            "Temperature": [
                729.9595141700405,
                709.7165991902834,
                687.4493927125507,
                655.0607287449393,
                628.7449392712551,
                604.4534412955466,
                590.2834008097166,
                565.9919028340081,
                551.8218623481781,
                515.3846153846154,
                507.2874493927126,
                499.19028340080973,
                491.0931174089069,
                485.02024291497975,
                485.02024291497975
            ]
        },
        "99": {
            "Time": [
                4225.140783331918,
                215.6661398130657,
                106.39418702511668,
                54.47592032771556,
                27.892744693382944,
                12.538637200967024,
                8.328987183659626,
                6.301756847920012,
                4.264605566472287,
                3.475760137530578,
                3.2871815277554957,
                3.540993815437557,
                4.264605566472287,
                4.680106328750526
            ],
            "Temperature": [
                695.5465587044534,
                691.497975708502,
                681.3765182186235,
                677.3279352226721,
                673.2793522267207,
                651.0121457489879,
                640.8906882591093,
                626.7206477732793,
                606.4777327935223,
                580.161943319838,
                549.7975708502024,
                533.6032388663967,
                505.2631578947368,
                497.165991902834
            ]
        }
    },
    "Bainite": {
        "1": {
            "Time": [
                0.42514098501490294,
                0.5619058146628291,
                0.6400164213029084,
                0.6520283621246111,
                0.7566054201984158
            ],
            "Temperature": [
                470.8502024291498,
                446.5587044534413,
                426.3157894736842,
                424.2914979757085,
                410.12145748987854
            ]
        },
        "99": {
            "Time": [
                4.94859407049017,
                11.425454518999414
            ],
            "Temperature": [
                480.97165991902835,
                416.1943319838057
            ]
        }
    },
    "C": 0.36,
    "Si": 0.2,
    "Mn": 0.65,
    "P": 0.0125,
    "S": 0.0175,
    "Ms:": 410,
    "Mf:": "",
    "Ac1:": 725,
    "Ac3:": 820,
    "Austenitization Temp:": 850.0,
    "Status": 1
}