{
    "Ferrite": {},
    "Pearlite": {
        "1": {
            "Time": [
                1486.7215601189387,
                1086.5458667834355,
                990.8197608562459,
                779.5712382530292,
                591.1471418212097,
                393.96769738328595,
                282.6626054820725,
                248.42402354319933,
                202.8038061714028,
                159.5648578535019,
                112.39171867333098,
                77.71783506869706,
                35.81558887207412,
                27.664483317452902,
                23.004656577902125,
                17.44438008652059,
                12.51593457795173,
                9.147063814368442,
                6.684980326720531,
                5.558957124972503,
                4.293819576596335,
                3.1964866664596365,
                2.514977160404831,
                2.1699443598788544,
                1.8380294683249214,
                1.3187431404156347,
                1.1170280667337522,
                1.0966130367085785
            ],
            "Temperature": [
                735.5889724310778,
                735.5889724310778,
                735.5889724310778,
                735.5889724310778,
                735.5889724310778,
                735.5889724310778,
                731.578947368421,
                731.578947368421,
                727.5689223057644,
                723.5588972431078,
                711.5288220551379,
                703.5087719298245,
                693.483709273183,
                687.468671679198,
                681.453634085213,
                673.4335839598998,
                663.4085213032581,
                651.3784461152882,
                639.3483709273182,
                627.3182957393484,
                613.2832080200501,
                593.2330827067669,
                577.1929824561404,
                565.1629072681704,
                553.1328320802005,
                525.062656641604,
                505.01253132832085,
                488.97243107769424
            ]
        },
        "99": {
            "Time": [
                6.096024853748884,
                6.442861145875683,
                7.19685673001152,
                8.341195579639319,
                10.03078942644173,
                12.062627660142446,
                14.506035355868308,
                18.09993030268476,
                23.432921370527872,
                42.28323669887886,
                53.741164910208155,
                73.5340780177471,
                110.33762497628884,
                148.21580803997895,
                293.2849108438136,
                352.69274704553106,
                440.0729753636,
                697.8976280627714,
                1236.2970428557423,
                2732.638038692609,
                7965.290182176262
            ],
            "Temperature": [
                478.94736842105266,
                494.9874686716792,
                511.02756892230576,
                525.062656641604,
                541.1027568922307,
                549.1228070175439,
                563.1578947368421,
                583.2080200501254,
                599.2481203007519,
                629.3233082706768,
                641.3533834586467,
                655.3884711779449,
                667.4185463659148,
                675.438596491228,
                697.4937343358396,
                703.5087719298245,
                709.5238095238095,
                713.5338345864661,
                711.5288220551379,
                711.5288220551379,
                721.5538847117795
            ]
        }
    },
    "Bainite": {
        "1": {
            "Time": [
                1.0765711158857074,
                1.2249475403496124,
                2.0531305036026533,
                6.325110117357947,
                39.27584167451118,
                424.13424359484674,
                6267.044093870017
            ],
            "Temperature": [
                480.95238095238096,
                468.9223057644111,
                430.82706766917295,
                380.70175438596493,
                310.52631578947376,
                242.35588972431083,
                174.1854636591479
            ]
        },
        "99": {
            "Time": [
                6.325110117357947,
                18.780115735679882,
                34.51840614073219,
                45.52091131617149,
                93.46037157502288,
                102.48986188479786,
                210.42506174570138,
                287.9247767172699,
                416.382680697227,
                854.8879829113203,
                1236.2970428557423,
                1960.6038591148783,
                2585.5328902801684,
                4840.756280843709
            ],
            "Temperature": [
                474.937343358396,
                424.812030075188,
                400.75187969924815,
                388.7218045112782,
                366.66666666666674,
                360.65162907268177,
                334.5864661654135,
                322.5563909774437,
                306.51629072681703,
                282.45614035087726,
                270.4260651629073,
                254.38596491228077,
                242.35588972431083,
                216.2907268170427
            ]
        }
    },
	"C": 1.20,
    "Si": 0.225,
    "Mn": 0.275,
	"P": 0.0175,
	"S": 0.0175,
    "Cr": 0.20,
    "W": 1.0,
    "V": 0.095,
    "Ms:": 170,
    "Mf:": "",
    "Ac1:": 730,
    "Ac3:": 760,
    "Austenitization Temp:": 800.0,
    "Status": 1
}