{
    "Ferrite": {},
    "Pearlite": {
        "1": {
            "Time": [
                894700.854963131,
                426118.31531463156,
                214557.4624407555,
                127655.71676799425,
                84890.4939101195,
                60798.465395119194,
                34215.91732842763,
                20738.55646662255,
                7341.280397070104,
                5662.655409383075,
                3696.4533944015116,
                2504.1348833809575,
                1634.6426226774793,
                1149.2187010036985,
                778.5296690540468,
                480.7056145453398,
                377.72976464674554,
                319.6671334217342,
                377.72976464674554,
                471.87340756181004,
                709.5887335728877,
                1214.9649753136505,
                1793.458266518568,
                2798.851559702762,
                4792.221825477371,
                7341.280397070104,
                14049.18096835458,
                26392.255692093084,
                48668.5404529253,
                106048.21324693652,
                159472.0451071493,
                273049.64154553175,
                450496.348514668,
                1018717.3229980607
            ],
            "Temperature": [
                823.4782608695652,
                821.159420289855,
                821.159420289855,
                821.159420289855,
                821.159420289855,
                821.159420289855,
                821.159420289855,
                821.159420289855,
                809.5652173913044,
                807.2463768115942,
                804.927536231884,
                804.927536231884,
                800.2898550724638,
                795.6521739130435,
                788.695652173913,
                774.7826086956521,
                770.1449275362319,
                756.231884057971,
                742.3188405797101,
                728.4057971014493,
                712.1739130434783,
                695.9420289855072,
                684.3478260869565,
                675.072463768116,
                663.4782608695652,
                649.5652173913044,
                640.2898550724638,
                631.0144927536232,
                628.695652173913,
                621.7391304347826,
                626.3768115942029,
                624.0579710144928,
                621.7391304347826,
                617.1014492753623
            ]
        },
        "99": {
            "Time": [
                963590.7391680692,
                584040.4851092119,
                367367.4478245013,
                181576.81864658036,
                110055.24330640053,
                70521.5984739605,
                56451.80755516961,
                34215.91732842763,
                22753.4355306388,
                18902.100464791572,
                15996.569073343775,
                15702.65736354248,
                16295.98202355036,
                20357.51822261104,
                34856.3477047388,
                51452.84530985851,
                78821.42738856161,
                137484.90995302558,
                181576.81864658036,
                381248.42102745106,
                503516.170813575,
                640783.6315224344,
                945886.2801431953
            ],
            "Temperature": [
                779.4202898550725,
                779.4202898550725,
                784.0579710144928,
                784.0579710144928,
                781.7391304347826,
                774.7826086956521,
                772.463768115942,
                767.8260869565217,
                767.8260869565217,
                765.5072463768116,
                758.5507246376811,
                751.5942028985507,
                746.9565217391305,
                735.3623188405797,
                714.4927536231884,
                702.8985507246377,
                695.9420289855072,
                688.9855072463768,
                682.0289855072464,
                672.7536231884058,
                668.1159420289855,
                663.4782608695652,
                649.5652173913044
            ]
        }
    },
    "Bainite": {
        "1": {
            "Time": [
                36850.46335534325,
                19616.31603175327,
                15130.935215838843,
                9695.655615935917,
                8054.531205964925,
                4973.295851322525,
                4449.612050162869,
                4131.496436933465,
                4287.6049644275845,
                5456.48231158151,
                7906.541907288507,
                10250.339622716701,
                13791.049441476225,
                20738.55646662255,
                31769.722603936836,
                51452.84530985851,
                86479.41670410024,
                116351.4532526464,
                184975.4506101486,
                273049.64154553175,
                458928.4341792638,
                963590.7391680692
            ],
            "Temperature": [
                204.3478260869565,
                206.66666666666663,
                213.62318840579712,
                215.94202898550725,
                225.21739130434776,
                239.13043478260863,
                248.40579710144925,
                253.0434782608695,
                276.231884057971,
                292.463768115942,
                299.4202898550725,
                301.7391304347826,
                306.3768115942029,
                313.33333333333326,
                317.9710144927536,
                317.9710144927536,
                322.6086956521739,
                322.6086956521739,
                324.927536231884,
                327.24637681159413,
                329.5652173913044,
                331.8840579710145
            ]
        },
        "90": {
            "Time": [
                945886.2801431953,
                743260.3056217793,
                485183.5192173283,
                341103.2882466046,
                248870.3475902783,
                140058.2594199758,
                108033.15190764659,
                64276.71768948271,
                34215.91732842763,
                27902.144524284242,
                25431.33317065669,
                26886.24806652938,
                30613.01048709205,
                34856.3477047388,
                45189.085970911445,
                63095.73444801929,
                83330.76506472753,
                110055.24330640053,
                142679.77510008565,
                273049.64154553175,
                367367.4478245013,
                512940.6456174391,
                771344.3845085956,
                928507.1126104672,
                981626.5782710176
            ],
            "Temperature": [
                297.10144927536226,
                294.78260869565213,
                292.463768115942,
                294.78260869565213,
                294.78260869565213,
                294.78260869565213,
                294.78260869565213,
                290.1449275362319,
                280.86956521739125,
                278.5507246376811,
                269.2753623188405,
                257.6811594202899,
                250.72463768115938,
                246.08695652173913,
                239.13043478260863,
                232.17391304347825,
                225.21739130434776,
                222.89855072463763,
                218.26086956521738,
                215.94202898550725,
                215.94202898550725,
                218.26086956521738,
                218.26086956521738,
                220.5797101449275,
                220.5797101449275
            ]
        }
    },
    "C": 0.76,
    "Si": 0.225,
    "Mn": 0.2,
    "P": 0.015,
    "S": 0.015,
    "Cr": 4.15,
    "Mo": 0.65,
    "W": 18.0,
    "V": 1.55,
    "Co": 9.5,
    "Ms:": 200,
    "Mf:": "",