{
    "Ferrite": {},
    "Pearlite": {
        "1": {
            "Time": [
                79753.4838892122,
                48274.15385632834,
                34542.83738286255,
                22522.90968188463,
                13381.787586445498,
                9225.857226841952,
                3317.8853345132857,
                1519.4829376380408,
                1285.3384419621223,
                990.7459711044243,
                886.1558201480824,
                919.7310203463894,
                1067.2441806844406,
                1410.5690392814813,
                2123.5010980885995,
                4385.225437115153,
                6725.513324030962,
                11319.723032735496,
                19409.821180383005,
                27634.62442801342,
                52001.533474014635
            ],
            "Temperature": [
                811.7794486215539,
                807.7694235588972,
                807.7694235588972,
                805.7644110275689,
                803.7593984962406,
                801.7543859649123,
                791.7293233082706,
                779.6992481203008,
                773.6842105263158,
                759.6491228070175,
                751.6290726817042,
                735.5889724310778,
                721.5538847117795,
                701.5037593984962,
                685.4636591478697,
                671.4285714285714,
                665.4135338345865,
                661.4035087719299,
                651.3784461152882,
                647.3684210526316,
                651.3784461152882
            ]
        },
        "99": {
            "Time": [
                53971.798586889796,
                35191.14343352912,
                23376.271116097578,
                16116.392404219245,
                11969.111456991415,
                9755.125025146128,
                10124.733019848538,
                12422.604289998113,
                20523.321321240404,
                28681.66155904592,
                43177.99279549184,
                53971.798586889796
            ],
            "Temperature": [
                773.6842105263158,
                773.6842105263158,
                771.6791979949875,
                765.6641604010025,
                759.6491228070175,
                751.6290726817042,
                729.5739348370928,
                719.5488721804511,
                705.5137844611529,
                699.4987468671679,
                699.4987468671679,
                693.483709273183
            ]
        }
    },
    "Bainite": {
        "1": {
            "Time": [
                13888.804735135058,
                8725.305042289501,
                4723.820702024584,
                3080.065075311422,
                1899.329305436781,
                1359.0755734314605,
                902.7873485216152,
                577.798727998345,
                391.01535193882603,
                318.6872859043089,
                219.71379987685867,
                166.23665187922143,
                143.25962906988286,
                179.07223900874678,
                259.73810412677614,
                369.80067412687333,
                516.802208258413,
                869.8306847878013,
                1238.4165761592203
            ],
            "Temperature": [
                328.57142857142856,
                328.57142857142856,
                326.5664160401003,
                324.56140350877195,
                324.56140350877195,
                318.546365914787,
                310.52631578947376,
                300.50125313283206,
                290.4761904761905,
                286.4661654135339,
                274.43609022556393,
                258.3959899749374,
                242.35588972431083,
                224.31077694235591,
                210.27568922305773,
                202.2556390977444,
                196.24060150375942,
                186.21553884711784,
                182.20551378446123
            ]
        },
        "90": {
            "Time": [
                79753.4838892122,
                57068.04583050511,
                40835.35534869794,
                28681.66155904592,
                20908.506627382532,
                14961.19738313133,
                14149.472266482144,
                18018.558903726374,
                20145.23206087106,
                26625.809864788018,
                35191.14343352912,
                51043.53934521271,
                65001.0829396858,
                82775.23145009318
            ],
            "Temperature": [
                268.42105263157896,
                268.42105263157896,
                270.4260651629073,
                270.4260651629073,
                268.42105263157896,
                258.3959899749374,
                250.37593984962405,
                234.3358395989975,
                230.32581453634089,
                222.30576441102755,
                214.28571428571433,
                212.28070175438597,
                212.28070175438597,
                212.28070175438597
            ]
        }
    },
    "C": 1.1,
    "Si": 0.35,
    "Mn": 0.2,
    "P": 0.015,
    "S": 0.015,
    "Cr": 4.0,
    "Mo": 9.5,
    "W": 1.55,
    "V": 1.1,
    "Co": 8.0,
    "Ms:": 190,
    "Mf:": "",
    "Ac1:": 820,
    "Ac3:": 845,
    "Austenitization Temp:": 1180.0,
    "Status": 1
}