{
    "Ferrite": {},
    "Pearlite": {
        "1": {
            "Time": [
                6098.666701068878,
                3186.806576245903,
                1793.458266518568,
                1260.8724076806793,
                750.1839792680623,
                611.7545120425398,
                671.1902476307805,
                854.1686429342734,
                1260.8724076806793,
                1827.0270041765389,
                3186.806576245903,
                5456.48231158151,
                13791.049441476225,
                38242.85753011555,
                69225.87540419669,
                91426.86443343703,
                278160.3998808446
            ],
            "Temperature": [
                816.0349854227405,
                811.3702623906705,
                802.0408163265306,
                792.7113702623907,
                774.0524781341107,
                750.7288629737609,
                734.4023323615161,
                715.7434402332361,
                697.0845481049563,
                683.0903790087464,
                659.7667638483965,
                645.7725947521866,
                631.7784256559767,
                617.7842565597667,
                610.7871720116618,
                606.1224489795918,
                606.1224489795918
            ]
        },
        "99": {
            "Time": [
                283366.81793068396,
                171751.0215498497,
                88098.07987923473,
                52415.90483469236,
                26392.255692093084,
                17228.267674083752,
                14049.18096835458,
                13791.049441476225,
                14312.144026397498,
                21126.726726521876,
                30050.54473501904,
                46896.55486926542,
                58584.83821036726,
                102187.07619006872,
                153665.78582144185,
                258273.90973593626
            ],
            "Temperature": [
                797.3760932944606,
                797.3760932944606,
                802.0408163265306,
                799.7084548104956,
                790.3790087463557,
                781.0495626822158,
                764.7230320699708,
                757.7259475218659,
                743.731778425656,
                722.740524781341,
                708.7463556851312,
                697.0845481049563,
                694.7521865889213,
                680.7580174927114,
                671.4285714285714,
                664.4314868804664
            ]
        }
    },
    "Bainite": {
        "1": {
            "Time": [
                294073.8286622935,
                140058.2594199758,
                70521.5984739605,
                35508.76522326109,
                21126.726726521876,
                10442.198540274923,
                4704.1723128590465,
                2042.05349088643,
                1284.472563794582,
                611.7545120425398,
                430.0877243192937,
                422.18554117991795,
                600.5144883981757,
                919.9376411159687,
                1333.0063392924978,
                1931.5503803479942,
                3070.777304390463,
                4367.857451434862,
                9170.9876241071,
                14049.18096835458,
                25907.339647883153,
                39687.86329674884,
                57508.43427100406,
                114213.6789332559,
                142679.77510008565,
                248870.3475902783
            ],
            "Temperature": [
                356.5597667638484,
                358.8921282798833,
                356.5597667638484,
                351.8950437317784,
                347.2303206997084,
                340.2332361516035,
                330.90379008746356,
                316.90962099125363,
                312.2448979591836,
                302.9154518950437,
                295.9183673469388,
                256.268221574344,
                242.27405247813408,
                228.27988338192415,
                218.95043731778424,
                207.2886297376093,
                193.29446064139938,
                186.29737609329447,
                167.63848396501453,
                165.30612244897952,
                158.3090379008746,
                155.9766763848396,
                151.3119533527696,
                148.9795918367347,
                148.9795918367347,
                151.3119533527696
            ]
        },
        "50": {
            "Time": [
                283366.81793068396,
                145350.35853592478,
                91426.86443343703,
                47774.33283424972,
                24505.397127942546,
                13288.927525215506,
                8358.871540130116,
                5986.613325785645,
                6691.189901715625,
                9517.51324636536,
                15414.145817536422,
                24964.072561181987,
                38242.85753011555,
                66705.41245028663,
                123007.86647950122,
                171751.0215498497,
                268032.78532846906
            ],
            "Temperature": [
                316.90962099125363,
                323.90670553935854,
                321.57434402332353,
                316.90962099125363,
                307.5801749271137,
                302.9154518950437,
                302.9154518950437,
                284.25655976676387,
                260.9329446064139,
                249.271137026239,
                237.60932944606407,
                225.94752186588914,
                218.95043731778424,
                214.28571428571422,
                209.62099125364432,
                204.9562682215743,
                202.6239067055393
            ]
        }
    },
    "C": 0.92,
    "Si": 0.4,
    "Mn": 0.3,
    "Cr": 4.1,
    "Mo": 5.0,
    "W": 6.2,
    "V": 1.9,
    "Co": 4.8,
    "Ms:": 130,
    "Mf:": "",
    "Ac1:": 815,
    "Ac3:": 845,
    "Austenitization Temp:": 1220.0,
    "Status": 1
}