{
    "Ferrite": {
        "1": {
            "Time": [
                28.56038615363719,
                22.44948767498435,
                20.08857180218382,
                16.38616077929312,
                13.36612018658563,
                11.741000156312449,
                10.506249767666404,
                9.75609766884803,
                9.75609766884803,
                10.124228309686886,
                11.314081503411575,
                12.18402789735624,
                14.129736022497804,
                16.085490790143226,
                19.719966199739584,
                23.732042676542534,
                31.331309901846442,
                40.604960137395004,
                70.77273053139628,
                104.41592881553511,
                188.85974988143408,
                273.5251841133643,
                542.7307773679397,
                1138.4141051560632,
                1842.5341655574812,
                3523.0344510455707,
                6862.164519607267,
                9059.506848678626,
                10506.249767666397
            ],
            "Temperature": [
                808.6848635235732,
                792.803970223325,
                784.863523573201,
                768.9826302729529,
                751.1166253101737,
                733.2506203473945,
                715.3846153846154,
                699.5037220843673,
                683.6228287841191,
                663.7717121588089,
                649.8759305210917,
                641.9354838709678,
                628.0397022332506,
                618.1141439205956,
                606.2034739454094,
                600.2481389578163,
                596.2779156327543,
                592.3076923076924,
                590.3225806451612,
                590.3225806451612,
                590.3225806451612,
                586.3523573200993,
                586.3523573200993,
                588.3374689826303,
                590.3225806451612,
                590.3225806451612,
                590.3225806451612,
                586.3523573200993,
                592.3076923076924
            ]
        }
    },
    "Pearlite": {
        "1": {
            "Time": [
                40604.96013739501,
                22869.113492046392,
                14393.849044102255,
                9938.458643623835,
                7121.097251514101,
                5294.934471891435,
                3655.9704849171876,
                2258.850037011234,
                1710.976197490583,
                1344.88864580232,
                999.9999999999998,
                830.9426402317816,
                729.9124602096089,
                716.5192819998039,
                771.6128718223265,
                830.9426402317816,
                928.5994417221065,
                999.9999999999998,
                1181.370328873386,
                1679.5814613065409,
                2718.418730300269,
                3793.9226460356654,
                5102.403489705657,
                6491.311342487509,
                7811.984881022393,
                9059.506848678626,
                13870.469215965328,
                17646.102337628647,
                26034.52137176049,
                40604.96013739501
            ],
            "Temperature": [
                796.7741935483871,
                792.803970223325,
                792.803970223325,
                792.803970223325,
                792.803970223325,
                786.848635235732,
                778.908188585608,
                774.9379652605459,
                770.9677419354839,
                763.0272952853597,
                753.1017369727047,
                737.2208436724566,
                715.3846153846154,
                707.4441687344913,
                691.5632754342432,
                677.6674937965261,
                665.7568238213399,
                657.8163771712159,
                647.8908188585608,
                635.9801488833747,
                626.0545905707196,
                618.1141439205956,
                612.1588089330025,
                608.1885856079405,
                604.2183622828784,
                602.2332506203475,
                594.2928039702233,
                590.3225806451612,
                588.3374689826303,
                586.3523573200993
            ]
        },
        "99": {
            "Time": [
                148450.5358035553,
                98772.96021102156,
                76214.48748681869,
                62167.826462141566,
                43727.09944999782,
                30756.41107501781,
                21633.193925821415,
                17975.943277368187,
                10702.632585254154,
                8893.273777821802,
                5808.648102878439,
                5008.779386869634,
                4085.6395939671884,
                3724.307884153153,
                3271.487824408671,
                3037.901767346561,
                2982.159247562375,
                2718.418730300269,
                3094.6862262942623,
                4010.6721120210254,
                5197.777614244537,
                7121.097251514101,
                9938.458643623835,
                14129.736022497811,
                18311.949603856978,
                25556.813422729316,
                33740.392783073265,
                49779.546791439454,
                96960.57320500113,
                162853.18123277547
            ],
            "Temperature": [
                768.9826302729529,
                766.9975186104218,
                763.0272952853597,
                763.0272952853597,
                761.0421836228288,
                761.0421836228288,
                761.0421836228288,
                761.0421836228288,
                757.0719602977667,
                755.0868486352357,
                747.1464019851117,
                743.1761786600496,
                737.2208436724566,
                731.2655086848636,
                723.3250620347394,
                717.3697270471464,
                711.4143920595534,
                709.4292803970224,
                697.5186104218362,
                691.5632754342432,
                681.6377171215881,
                671.712158808933,
                663.7717121588089,
                655.8312655086849,
                653.8461538461538,
                647.8908188585608,
                641.9354838709678,
                633.9950372208436,
                620.0992555831265,
                610.1736972704714
            ]
        }
    },
    "Bainite": {
        "1": {
            "Time": [
                195986.06852977176,
                116687.44448829212,
                49779.546791439454,
                37013.879882778274,
                27521.89186688905,
                20464.06738044122,
                18654.23656050233,
                17322.313655834605,
                16386.160779293095,
                16386.160779293095,
                18654.23656050233,
                22869.113492046392,
                26521.158637635297,
                39128.50884260217,
                46225.25935971008,
                69474.12029513677,
                79090.31848729281,
                96960.57320500113,
                143052.6734473746
            ],