{
    "Ferrite": {},
    "Pearlite": {
        "1": {
            "Time": [
                2908.5222536595766,
                1376.2756183230263,
                796.0213256521857,
                504.3988739093393,
                286.46223183583777,
                159.74769862853933,
                110.89555396998202,
                72.88121226703932,
                44.525924528024476,
                32.64904944550208,
                26.22758216661125,
                24.8301981279547,
                27.202593005878764,
                33.86277844647992,
                47.03173684258019,
                75.59057264528204,
                110.89555396998202,
                195.26341111545278,
                302.58363966281183,
                523.1499111285461,
                1065.9604296948394,
                1713.23801133565,
                3186.416262452916,
                4760.746239394853,
                8082.2024083571805,
                12989.915943943697,
                20500.145112669456,
                28472.48437388639,
                40273.5409055864,
                44934.09071326747
            ],
            "Temperature": [
                848.5148514851485,
                846.5346534653465,
                846.5346534653465,
                840.5940594059406,
                830.6930693069307,
                822.7722772277227,
                816.8316831683169,
                808.9108910891089,
                793.0693069306931,
                775.2475247524752,
                749.5049504950496,
                721.7821782178218,
                715.8415841584158,
                696.0396039603961,
                682.1782178217821,
                666.3366336633663,
                660.3960396039604,
                648.5148514851485,
                638.6138613861386,
                632.6732673267327,
                620.7920792079208,
                614.8514851485148,
                608.9108910891089,
                602.970297029703,
                591.0891089108911,
                583.1683168316831,
                577.2277227722773,
                569.3069306930693,
                565.3465346534654,
                563.3663366336634
            ]
        },
        "99": {
            "Time": [
                4189.795891707067,
                2467.9603439096277,
                1911.49798313601,
                1233.52874247721,
                810.6823664212058,
                651.2360616141692,
                562.7691096008978,
                573.1341344984957,
                726.5986454213913,
                1233.52874247721,
                2019.0725082281506,
                2962.091124196518,
                6857.968856926966,
                16771.452391373703,
                23293.733459752355,
                26468.00866588258
            ],
            "Temperature": [
                826.7326732673267,
                814.8514851485148,
                808.9108910891089,
                802.970297029703,
                791.0891089108911,
                779.2079207920792,
                765.3465346534654,
                745.5445544554456,
                723.7623762376238,
                709.90099009901,
                696.0396039603961,
                686.1386138613861,
                672.2772277227723,
                658.4158415841584,
                650.4950495049504,
                650.4950495049504
            ]
        }
    },
    "Bainite": {},
    "C": 0.12,
    "Si": 1.16,
    "Mn": 0.71,
    "P": 0.018,
    "S": 0.006,
    "Cr": 6.65,
    "Ni": 0.2,
    "Ti": 0.09,
    "Al": 0.68,
    "Ms:": 450,
    "Mf:": 320,
    "Ac1:": 880,
    "Ac3:": "",
    "Austenitization Temp:": 1100.0,
    "Austenitization Time:": 900.0,
    "Status": 1
}