{
    "Ferrite": {
        "1": {
            "Time": [
                27125.527749798926,
                13632.939330723795,
                7660.427880879279,
                5904.700125774965,
                4467.528119807605,
                3137.8722786583553,
                2203.957574104001,
                1577.054013366668,
                1261.6593963905466,
                902.7873485216152,
                683.0538011780095,
                516.802208258413,
                479.7587234081014,
                588.6429562033691,
                853.8062979397713,
                1238.4165761592203,
                1548.0008608021653,
                2374.1311739232633,
                3443.5953527837773,
                5689.14635576164,
                9938.210928273147,
                16116.392404219245,
                23815.0010860365,
                42382.54964548937,
                56016.71427938591,
                96051.3260025179
            ],
            "Temperature": [
                792.0,
                790.0,
                782.0,
                780.0,
                778.0,
                766.0,
                756.0,
                744.0,
                742.0,
                732.0,
                724.0,
                710.0,
                698.0,
                674.0,
                650.0,
                634.0,
                622.0,
                610.0,
                604.0,
                596.0,
                586.0,
                580.0,
                574.0,
                568.0,
                568.0,
                578.0
            ]
        }
    },
    "Pearlite": {
        "1": {
            "Time": [
                109403.43439303631,
                59230.27398510361,
                40835.35534869794,
                29768.369457329765,
                21700.70059587072,
                16116.392404219245,
                10124.733019848538,
                7519.304255406591,
                5281.358224300165,
                3922.2900290264547,
                2912.955042703796,
                2557.44434340381,
                2084.3810674170104,
                1899.329305436781,
                1667.5262464544373,
                1934.976252075101,
                2557.44434340381,
                3779.1050433653295,
                6015.520576813269,
                15528.056152124198,
                20145.23206087106,
                33906.474699029866,
                48274.15385632834,
                90840.02694622644,
                213670.3591234383,
                340117.1513394921
            ],
            "Temperature": [
                782.0,
                782.0,
                778.0,
                774.0,
                768.0,
                766.0,
                756.0,
                754.0,
                750.0,
                742.0,
                732.0,
                728.0,
                722.0,
                716.0,
                698.0,
                684.0,
                670.0,
                658.0,
                644.0,
                616.0,
                610.0,
                602.0,
                596.0,
                590.0,
                586.0,
                588.0
            ]
        },
        "99": {
            "Time": [
                158685.90682454914,
                72672.95387074995,
                52001.533474014635,
                32668.70338235721,
                19409.821180383005,
                15241.991768409942,
                11969.111456991415,
                10705.567409767553,
                10508.344942680606,
                12655.753913376704,
                17040.955543953318,
                32668.70338235721,
                75426.43008761347,
                117850.77316307725,
                170938.48025073987,
                252593.75614055147
            ],
            "Temperature": [
                754.0,
                752.0,
                752.0,
                746.0,
                736.0,
                728.0,
                720.0,
                710.0,
                696.0,
                684.0,
                666.0,
                650.0,
                630.0,
                622.0,
                616.0,
                616.0
            ]
        }
    },
    "Bainite": {
        "1": {
            "Time": [
                254.9530994902511,
                307.05346124450483,
                437.16564938729795,
                645.9944728207744,
                972.4940319779283,
                1384.5829429565224,
                2163.3553403799683,
                3508.225356350439,
                6128.420925578253,
                18018.558903726374,
                31476.11747189327,
                42382.54964548937,
                76842.04660064024,
                103467.7119190695,
                174146.68372893138,
                333851.3700765058,
                521629.38162878825,
                770805.5238681022,
                945744.6422326886
            ],
            "Temperature": [
                306.0,
                318.0,
                320.0,
                320.0,
                320.0,
                320.0,
                322.0,
                328.0,
                328.0,
                330.0,
                330.0,
                332.0,
                330.0,
                334.0,
                338.0,
                348.0,
                352.0,
                352.0,
                352.0
            ]
        }
    },
    "C": 0.21,
    "Si": 0.38,
    "Mn": 0.52,
    "P": 0.012,
    "S": 0.01,
    "Cr": 12.3,
    "Mo": 1.22,
    "Ni": 0.38,
    "Ms:": 300,
    "Mf:": "",
    "Ac1:": 813,
    "Ac3:": 840,
    "Austenitization Temp:": 1020.0,
    "Austenitization Time:": 5400.0,
    "Status": 1
}