{
    "Ferrite": {},
    "Pearlite": {
        "1": {
            "Time": [
                197269.56190798126,
                38204.0565557718,
                22376.890309104212,
                10123.72766745519,
                6267.044093870017,
                3409.6537633759804,
                1855.0593568466304,
                794.0840788840915,
                549.1018039573414,
                482.5897618868565,
                465.11114084064087,
                510.04694056424654,
                660.3279489837295,
                854.8879829113203,
                1191.5203624965375,
                2034.282274586244,
                3739.0707675805666,
                8418.47923221779,
                15190.617695161156,
                28970.051395854764,
                87617.35129555472,
                133917.02137525607,
                200942.0187314859
            ],
            "Temperature": [
                821.0227272727273,
                817.0454545454545,
                817.0454545454545,
                817.0454545454545,
                817.0454545454545,
                807.1022727272727,
                797.1590909090909,
                789.2045454545455,
                775.2840909090909,
                751.4204545454545,
                741.4772727272727,
                721.5909090909091,
                703.6931818181818,
                695.7386363636364,
                681.8181818181818,
                669.8863636363636,
                661.9318181818182,
                648.0113636363636,
                642.0454545454545,
                636.0795454545455,
                620.1704545454545,
                614.2045454545455,
                610.2272727272727
            ]
        },
        "99": {
            "Time": [
                200942.0187314859,
                75597.01943404893,
                30618.316527628547,
                17933.76861402085,
                11951.889853520272,
                6502.556166530111,
                6040.061887765204,
                5022.669241382633,
                5507.924569175371,
                6152.5063332213085,
                8418.47923221779,
                11519.011723824737,
                18954.11908160822,
                32360.360503889064,
                68936.82356809192,
                105365.13531628315,
                204682.84362449907
            ],
            "Temperature": [
                787.2159090909091,
                779.2613636363636,
                779.2613636363636,
                771.3068181818182,
                771.3068181818182,
                767.3295454545455,
                765.3409090909091,
                749.4318181818182,
                725.5681818181818,
                717.6136363636364,
                703.6931818181818,
                695.7386363636364,
                687.784090909091,
                679.8295454545455,
                673.8636363636364,
                669.8863636363636,
                657.9545454545455
            ]
        }
    },
    "Bainite": {
        "1": {
            "Time": [
                14.506035355868308,
                12.748936714210213,
                11.204673320831569,
                12.51593457795173,
                27.664483317452902,
                58.93326204843984,
                226.53754353388854,
                2585.5328902801684,
                12401.035305418553,
                208493.30935703695
            ],
            "Temperature": [
                361.64772727272725,
                381.534090909091,
                401.4204545454546,
                427.27272727272725,
                435.22727272727275,
                445.1704545454546,
                457.10227272727275,
                463.06818181818187,
                465.05681818181824,
                471.02272727272725
            ]
        },
        "99": {
            "Time": [
                1106.7734819508516,
                1306.6367630174332,
                2732.638038692609,
                4665.431913664553,
                7130.787864146678,
                24538.789633961533,
                49460.5580428014,
                208493.30935703695
            ],
            "Temperature": [
                353.69318181818187,
                369.60227272727275,
                383.52272727272725,
                387.5,
                391.47727272727275,
                393.4659090909091,
                393.4659090909091,
                401.4204545454546
            ]
        }
    },
    "C": 0.3,
    "Si": 0.225,
    "Mn": 0.3,
    "P": 0.0175,
    "S": 0.0175,
    "Cr": 2.35,
    "W": 8.5,
    "V": 0.25,
    "Co": 2.05,
    "Ms:": 360,
    "Mf:": "",
    "Ac1:": 820,
    "Ac3:": 930,
    "Austenitization Temp:": 1080.0,
    "Status": 1
}