{
    "Ferrite": {
        "1": {
            "Time": [
                13.211974960367819,
                17.134481531430524,
                29.909313961792666,
                44.173447031400734,
                58.36184760920005,
                78.55273132638484,
                134.59603241553646,
                202.5123964243005,
                288.18901281935,
                475.79443140094094,
                628.6184113951673,
                861.9535664753028,
                1160.1553017399717,
                1713.4481531430529,
                3162.2776601683777,
                5030.520269283805,
                7027.068604841093,
                10000.0
            ],
            "Temperature": [
                542.0,
                574.0,
                600.0,
                616.0,
                624.0,
                632.0,
                644.0,
                648.0,
                654.0,
                658.0,
                660.0,
                662.0,
                662.0,
                668.0,
                674.0,
                676.0,
                680.0,
                678.0
            ]
        }
    },
    "Pearlite": {
        "1": {
            "Time": [
                9635.427050834205,
                846.0954407714702,
                174.55628235338622,
                67.70880692315373,
                48.47121108242696,
                22.638034095214476,
                17.134481531430524,
                16.50980468499646,
                19.51293422635964,
                26.26363527653332,
                32.21547329083801,
                45.001377359398745,
                71.58774948942683,
                94.58155537233911,
                127.30302092807217,
                234.94583037971915,
                304.69895709035075
            ],
            "Temperature": [
                656.0,
                636.0,
                620.0,
                598.0,
                590.0,
                562.0,
                552.0,
                538.0,
                532.0,
                528.0,
                522.0,
                520.0,
                514.0,
                508.0,
                508.0,
                500.0,
                490.0
            ]
        },
        "99": {
            "Time": [
                9635.427050834205,
                3737.4952136428183,
                1951.2934226359641,
                1249.6091412919866,
                861.9535664753028,
                531.8711718664555,
                395.16110714498427,
                198.7865959125474,
                156.15230060004976,
                139.6887047200297,
                162.06059137413175,
                210.17480113324882,
                288.18901281935,
                484.7121108242693,
                677.0880692315369,
                1057.288597193502,
                1713.4481531430529,
                2222.1542065559574
            ],
            "Temperature": [
                626.0,
                626.0,
                630.0,
                630.0,
                622.0,
                616.0,
                608.0,
                592.0,
                586.0,
                568.0,
                556.0,
                546.0,
                532.0,
                524.0,
                518.0,
                516.0,
                506.0,
                502.0
            ]
        }
    },
    "Bainite": {
        "1": {
            "Time": [
                12.968902516716168,
                15.615230060004972,
                18.801545428581413,
                26.755887107219383,
                32.81927872511475,
                42.56300264549502,
                71.58774948942683
            ],
            "Temperature": [
                458.0,
                428.0,
                404.0,
                374.0,
                356.0,
                340.0,
                286.0
            ]
        },
        "99": {
            "Time": [
                911.3336771446089,
                846.0954407714702,
                911.3336771446089,
                1097.2929291203195,
                1396.8870472002973,
                1620.6059137413192,
                2438.354098268829,
                2725.7365073673113,
                3534.981105030104,
                3951.61107144984,
                4177.993326387516
            ],
            "Temperature": [
                450.0,
                438.0,
                420.0,
                404.0,
                382.0,
                368.0,
                330.0,
                320.0,
                296.0,
                282.0,
                276.0
            ]
        }
    },
    "C": 0.48,
    "Si": 0.28,
    "Mn": 1.98,
    "Ms:": 290,
    "Mf:": "",
    "Ac1:": 720,
    "Ac3:": 775,
    "Austenitization Temp:": 850.0,
    "Status": 1
}